"dataset_version","method","project_slug","project_name","category","part_count","requested_part_area_sq_in","placed_part_area_sq_in","trim_margin_each_edge_in","kerf_in","nominal_sheet_length_in","nominal_sheet_width_in","usable_sheet_length_in","usable_sheet_width_in","orientation_mode","estimated_sheets","usable_area_yield_pct","usable_area_waste_pct","rejected_piece_count","complete_layout","source_template_url"
"2026-07-18","woodcuttool-maxrects-v1","base-cabinet","Base cabinet","Cabinets","6","3389.3","3389.3","0","0","96","48","96","48","rotation_allowed","1","73.6","26.4","0","true","https://woodcuttool.com/templates/base-cabinet-cut-list/"
"2026-07-18","woodcuttool-maxrects-v1","base-cabinet","Base cabinet","Cabinets","6","3389.3","3389.3","0","0","96","48","96","48","orientation_locked","1","73.6","26.4","0","true","https://woodcuttool.com/templates/base-cabinet-cut-list/"
"2026-07-18","woodcuttool-maxrects-v1","base-cabinet","Base cabinet","Cabinets","6","3389.3","3389.3","0","0.03125","96","48","96","48","rotation_allowed","1","73.6","26.4","0","true","https://woodcuttool.com/templates/base-cabinet-cut-list/"
"2026-07-18","woodcuttool-maxrects-v1","base-cabinet","Base cabinet","Cabinets","6","3389.3","3389.3","0","0.03125","96","48","96","48","orientation_locked","1","73.6","26.4","0","true","https://woodcuttool.com/templates/base-cabinet-cut-list/"
"2026-07-18","woodcuttool-maxrects-v1","base-cabinet","Base cabinet","Cabinets","6","3389.3","3389.3","0","0.0625","96","48","96","48","rotation_allowed","1","73.6","26.4","0","true","https://woodcuttool.com/templates/base-cabinet-cut-list/"
"2026-07-18","woodcuttool-maxrects-v1","base-cabinet","Base cabinet","Cabinets","6","3389.3","3389.3","0","0.0625","96","48","96","48","orientation_locked","1","73.6","26.4","0","true","https://woodcuttool.com/templates/base-cabinet-cut-list/"
"2026-07-18","woodcuttool-maxrects-v1","base-cabinet","Base cabinet","Cabinets","6","3389.3","3389.3","0","0.09375","96","48","96","48","rotation_allowed","1","73.6","26.4","0","true","https://woodcuttool.com/templates/base-cabinet-cut-list/"
"2026-07-18","woodcuttool-maxrects-v1","base-cabinet","Base cabinet","Cabinets","6","3389.3","3389.3","0","0.09375","96","48","96","48","orientation_locked","1","73.6","26.4","0","true","https://woodcuttool.com/templates/base-cabinet-cut-list/"
"2026-07-18","woodcuttool-maxrects-v1","base-cabinet","Base cabinet","Cabinets","6","3389.3","3389.3","0","0.125","96","48","96","48","rotation_allowed","1","73.6","26.4","0","true","https://woodcuttool.com/templates/base-cabinet-cut-list/"
"2026-07-18","woodcuttool-maxrects-v1","base-cabinet","Base cabinet","Cabinets","6","3389.3","3389.3","0","0.125","96","48","96","48","orientation_locked","1","73.6","26.4","0","true","https://woodcuttool.com/templates/base-cabinet-cut-list/"
"2026-07-18","woodcuttool-maxrects-v1","base-cabinet","Base cabinet","Cabinets","6","3389.3","3389.3","0","0.1875","96","48","96","48","rotation_allowed","1","73.6","26.4","0","true","https://woodcuttool.com/templates/base-cabinet-cut-list/"
"2026-07-18","woodcuttool-maxrects-v1","base-cabinet","Base cabinet","Cabinets","6","3389.3","3389.3","0","0.1875","96","48","96","48","orientation_locked","1","73.6","26.4","0","true","https://woodcuttool.com/templates/base-cabinet-cut-list/"
"2026-07-18","woodcuttool-maxrects-v1","base-cabinet","Base cabinet","Cabinets","6","3389.3","3389.3","0","0.25","96","48","96","48","rotation_allowed","1","73.6","26.4","0","true","https://woodcuttool.com/templates/base-cabinet-cut-list/"
"2026-07-18","woodcuttool-maxrects-v1","base-cabinet","Base cabinet","Cabinets","6","3389.3","3389.3","0","0.25","96","48","96","48","orientation_locked","1","73.6","26.4","0","true","https://woodcuttool.com/templates/base-cabinet-cut-list/"
"2026-07-18","woodcuttool-maxrects-v1","base-cabinet","Base cabinet","Cabinets","6","3389.3","3389.3","0.125","0","96","48","95.75","47.75","rotation_allowed","1","74.1","25.9","0","true","https://woodcuttool.com/templates/base-cabinet-cut-list/"
"2026-07-18","woodcuttool-maxrects-v1","base-cabinet","Base cabinet","Cabinets","6","3389.3","3389.3","0.125","0","96","48","95.75","47.75","orientation_locked","1","74.1","25.9","0","true","https://woodcuttool.com/templates/base-cabinet-cut-list/"
"2026-07-18","woodcuttool-maxrects-v1","base-cabinet","Base cabinet","Cabinets","6","3389.3","3389.3","0.125","0.03125","96","48","95.75","47.75","rotation_allowed","1","74.1","25.9","0","true","https://woodcuttool.com/templates/base-cabinet-cut-list/"
"2026-07-18","woodcuttool-maxrects-v1","base-cabinet","Base cabinet","Cabinets","6","3389.3","3389.3","0.125","0.03125","96","48","95.75","47.75","orientation_locked","1","74.1","25.9","0","true","https://woodcuttool.com/templates/base-cabinet-cut-list/"
"2026-07-18","woodcuttool-maxrects-v1","base-cabinet","Base cabinet","Cabinets","6","3389.3","3389.3","0.125","0.0625","96","48","95.75","47.75","rotation_allowed","1","74.1","25.9","0","true","https://woodcuttool.com/templates/base-cabinet-cut-list/"
"2026-07-18","woodcuttool-maxrects-v1","base-cabinet","Base cabinet","Cabinets","6","3389.3","3389.3","0.125","0.0625","96","48","95.75","47.75","orientation_locked","1","74.1","25.9","0","true","https://woodcuttool.com/templates/base-cabinet-cut-list/"
"2026-07-18","woodcuttool-maxrects-v1","base-cabinet","Base cabinet","Cabinets","6","3389.3","3389.3","0.125","0.09375","96","48","95.75","47.75","rotation_allowed","1","74.1","25.9","0","true","https://woodcuttool.com/templates/base-cabinet-cut-list/"
"2026-07-18","woodcuttool-maxrects-v1","base-cabinet","Base cabinet","Cabinets","6","3389.3","3389.3","0.125","0.09375","96","48","95.75","47.75","orientation_locked","1","74.1","25.9","0","true","https://woodcuttool.com/templates/base-cabinet-cut-list/"
"2026-07-18","woodcuttool-maxrects-v1","base-cabinet","Base cabinet","Cabinets","6","3389.3","3389.3","0.125","0.125","96","48","95.75","47.75","rotation_allowed","1","74.1","25.9","0","true","https://woodcuttool.com/templates/base-cabinet-cut-list/"
"2026-07-18","woodcuttool-maxrects-v1","base-cabinet","Base cabinet","Cabinets","6","3389.3","3389.3","0.125","0.125","96","48","95.75","47.75","orientation_locked","1","74.1","25.9","0","true","https://woodcuttool.com/templates/base-cabinet-cut-list/"
"2026-07-18","woodcuttool-maxrects-v1","base-cabinet","Base cabinet","Cabinets","6","3389.3","3389.3","0.125","0.1875","96","48","95.75","47.75","rotation_allowed","1","74.1","25.9","0","true","https://woodcuttool.com/templates/base-cabinet-cut-list/"
"2026-07-18","woodcuttool-maxrects-v1","base-cabinet","Base cabinet","Cabinets","6","3389.3","3389.3","0.125","0.1875","96","48","95.75","47.75","orientation_locked","2","37.1","62.9","0","true","https://woodcuttool.com/templates/base-cabinet-cut-list/"
"2026-07-18","woodcuttool-maxrects-v1","base-cabinet","Base cabinet","Cabinets","6","3389.3","3389.3","0.125","0.25","96","48","95.75","47.75","rotation_allowed","1","74.1","25.9","0","true","https://woodcuttool.com/templates/base-cabinet-cut-list/"
"2026-07-18","woodcuttool-maxrects-v1","base-cabinet","Base cabinet","Cabinets","6","3389.3","3389.3","0.125","0.25","96","48","95.75","47.75","orientation_locked","2","37.1","62.9","0","true","https://woodcuttool.com/templates/base-cabinet-cut-list/"
"2026-07-18","woodcuttool-maxrects-v1","base-cabinet","Base cabinet","Cabinets","6","3389.3","3389.3","0.25","0","96","48","95.5","47.5","rotation_allowed","1","74.7","25.3","0","true","https://woodcuttool.com/templates/base-cabinet-cut-list/"
"2026-07-18","woodcuttool-maxrects-v1","base-cabinet","Base cabinet","Cabinets","6","3389.3","3389.3","0.25","0","96","48","95.5","47.5","orientation_locked","1","74.7","25.3","0","true","https://woodcuttool.com/templates/base-cabinet-cut-list/"
"2026-07-18","woodcuttool-maxrects-v1","base-cabinet","Base cabinet","Cabinets","6","3389.3","3389.3","0.25","0.03125","96","48","95.5","47.5","rotation_allowed","1","74.7","25.3","0","true","https://woodcuttool.com/templates/base-cabinet-cut-list/"
"2026-07-18","woodcuttool-maxrects-v1","base-cabinet","Base cabinet","Cabinets","6","3389.3","3389.3","0.25","0.03125","96","48","95.5","47.5","orientation_locked","2","37.4","62.6","0","true","https://woodcuttool.com/templates/base-cabinet-cut-list/"
"2026-07-18","woodcuttool-maxrects-v1","base-cabinet","Base cabinet","Cabinets","6","3389.3","3389.3","0.25","0.0625","96","48","95.5","47.5","rotation_allowed","1","74.7","25.3","0","true","https://woodcuttool.com/templates/base-cabinet-cut-list/"
"2026-07-18","woodcuttool-maxrects-v1","base-cabinet","Base cabinet","Cabinets","6","3389.3","3389.3","0.25","0.0625","96","48","95.5","47.5","orientation_locked","2","37.4","62.6","0","true","https://woodcuttool.com/templates/base-cabinet-cut-list/"
"2026-07-18","woodcuttool-maxrects-v1","base-cabinet","Base cabinet","Cabinets","6","3389.3","3389.3","0.25","0.09375","96","48","95.5","47.5","rotation_allowed","1","74.7","25.3","0","true","https://woodcuttool.com/templates/base-cabinet-cut-list/"
"2026-07-18","woodcuttool-maxrects-v1","base-cabinet","Base cabinet","Cabinets","6","3389.3","3389.3","0.25","0.09375","96","48","95.5","47.5","orientation_locked","2","37.4","62.6","0","true","https://woodcuttool.com/templates/base-cabinet-cut-list/"
"2026-07-18","woodcuttool-maxrects-v1","base-cabinet","Base cabinet","Cabinets","6","3389.3","3389.3","0.25","0.125","96","48","95.5","47.5","rotation_allowed","1","74.7","25.3","0","true","https://woodcuttool.com/templates/base-cabinet-cut-list/"
"2026-07-18","woodcuttool-maxrects-v1","base-cabinet","Base cabinet","Cabinets","6","3389.3","3389.3","0.25","0.125","96","48","95.5","47.5","orientation_locked","2","37.4","62.6","0","true","https://woodcuttool.com/templates/base-cabinet-cut-list/"
"2026-07-18","woodcuttool-maxrects-v1","base-cabinet","Base cabinet","Cabinets","6","3389.3","3389.3","0.25","0.1875","96","48","95.5","47.5","rotation_allowed","1","74.7","25.3","0","true","https://woodcuttool.com/templates/base-cabinet-cut-list/"
"2026-07-18","woodcuttool-maxrects-v1","base-cabinet","Base cabinet","Cabinets","6","3389.3","3389.3","0.25","0.1875","96","48","95.5","47.5","orientation_locked","2","37.4","62.6","0","true","https://woodcuttool.com/templates/base-cabinet-cut-list/"
"2026-07-18","woodcuttool-maxrects-v1","base-cabinet","Base cabinet","Cabinets","6","3389.3","3389.3","0.25","0.25","96","48","95.5","47.5","rotation_allowed","1","74.7","25.3","0","true","https://woodcuttool.com/templates/base-cabinet-cut-list/"
"2026-07-18","woodcuttool-maxrects-v1","base-cabinet","Base cabinet","Cabinets","6","3389.3","3389.3","0.25","0.25","96","48","95.5","47.5","orientation_locked","2","37.4","62.6","0","true","https://woodcuttool.com/templates/base-cabinet-cut-list/"
"2026-07-18","woodcuttool-maxrects-v1","base-cabinet","Base cabinet","Cabinets","6","3389.3","3389.3","0.5","0","96","48","95","47","rotation_allowed","1","75.9","24.1","0","true","https://woodcuttool.com/templates/base-cabinet-cut-list/"
"2026-07-18","woodcuttool-maxrects-v1","base-cabinet","Base cabinet","Cabinets","6","3389.3","3389.3","0.5","0","96","48","95","47","orientation_locked","2","38","62","0","true","https://woodcuttool.com/templates/base-cabinet-cut-list/"
"2026-07-18","woodcuttool-maxrects-v1","base-cabinet","Base cabinet","Cabinets","6","3389.3","3389.3","0.5","0.03125","96","48","95","47","rotation_allowed","1","75.9","24.1","0","true","https://woodcuttool.com/templates/base-cabinet-cut-list/"
"2026-07-18","woodcuttool-maxrects-v1","base-cabinet","Base cabinet","Cabinets","6","3389.3","3389.3","0.5","0.03125","96","48","95","47","orientation_locked","2","38","62","0","true","https://woodcuttool.com/templates/base-cabinet-cut-list/"
"2026-07-18","woodcuttool-maxrects-v1","base-cabinet","Base cabinet","Cabinets","6","3389.3","3389.3","0.5","0.0625","96","48","95","47","rotation_allowed","1","75.9","24.1","0","true","https://woodcuttool.com/templates/base-cabinet-cut-list/"
"2026-07-18","woodcuttool-maxrects-v1","base-cabinet","Base cabinet","Cabinets","6","3389.3","3389.3","0.5","0.0625","96","48","95","47","orientation_locked","2","38","62","0","true","https://woodcuttool.com/templates/base-cabinet-cut-list/"
"2026-07-18","woodcuttool-maxrects-v1","base-cabinet","Base cabinet","Cabinets","6","3389.3","3389.3","0.5","0.09375","96","48","95","47","rotation_allowed","1","75.9","24.1","0","true","https://woodcuttool.com/templates/base-cabinet-cut-list/"
"2026-07-18","woodcuttool-maxrects-v1","base-cabinet","Base cabinet","Cabinets","6","3389.3","3389.3","0.5","0.09375","96","48","95","47","orientation_locked","2","38","62","0","true","https://woodcuttool.com/templates/base-cabinet-cut-list/"
"2026-07-18","woodcuttool-maxrects-v1","base-cabinet","Base cabinet","Cabinets","6","3389.3","3389.3","0.5","0.125","96","48","95","47","rotation_allowed","1","75.9","24.1","0","true","https://woodcuttool.com/templates/base-cabinet-cut-list/"
"2026-07-18","woodcuttool-maxrects-v1","base-cabinet","Base cabinet","Cabinets","6","3389.3","3389.3","0.5","0.125","96","48","95","47","orientation_locked","2","38","62","0","true","https://woodcuttool.com/templates/base-cabinet-cut-list/"
"2026-07-18","woodcuttool-maxrects-v1","base-cabinet","Base cabinet","Cabinets","6","3389.3","3389.3","0.5","0.1875","96","48","95","47","rotation_allowed","1","75.9","24.1","0","true","https://woodcuttool.com/templates/base-cabinet-cut-list/"
"2026-07-18","woodcuttool-maxrects-v1","base-cabinet","Base cabinet","Cabinets","6","3389.3","3389.3","0.5","0.1875","96","48","95","47","orientation_locked","2","38","62","0","true","https://woodcuttool.com/templates/base-cabinet-cut-list/"
"2026-07-18","woodcuttool-maxrects-v1","base-cabinet","Base cabinet","Cabinets","6","3389.3","3389.3","0.5","0.25","96","48","95","47","rotation_allowed","1","75.9","24.1","0","true","https://woodcuttool.com/templates/base-cabinet-cut-list/"
"2026-07-18","woodcuttool-maxrects-v1","base-cabinet","Base cabinet","Cabinets","6","3389.3","3389.3","0.5","0.25","96","48","95","47","orientation_locked","2","38","62","0","true","https://woodcuttool.com/templates/base-cabinet-cut-list/"
"2026-07-18","woodcuttool-maxrects-v1","base-cabinet","Base cabinet","Cabinets","6","3389.3","3389.3","1","0","96","48","94","46","rotation_allowed","1","78.4","21.6","0","true","https://woodcuttool.com/templates/base-cabinet-cut-list/"
"2026-07-18","woodcuttool-maxrects-v1","base-cabinet","Base cabinet","Cabinets","6","3389.3","3389.3","1","0","96","48","94","46","orientation_locked","2","39.2","60.8","0","true","https://woodcuttool.com/templates/base-cabinet-cut-list/"
"2026-07-18","woodcuttool-maxrects-v1","base-cabinet","Base cabinet","Cabinets","6","3389.3","3389.3","1","0.03125","96","48","94","46","rotation_allowed","1","78.4","21.6","0","true","https://woodcuttool.com/templates/base-cabinet-cut-list/"
"2026-07-18","woodcuttool-maxrects-v1","base-cabinet","Base cabinet","Cabinets","6","3389.3","3389.3","1","0.03125","96","48","94","46","orientation_locked","2","39.2","60.8","0","true","https://woodcuttool.com/templates/base-cabinet-cut-list/"
"2026-07-18","woodcuttool-maxrects-v1","base-cabinet","Base cabinet","Cabinets","6","3389.3","3389.3","1","0.0625","96","48","94","46","rotation_allowed","1","78.4","21.6","0","true","https://woodcuttool.com/templates/base-cabinet-cut-list/"
"2026-07-18","woodcuttool-maxrects-v1","base-cabinet","Base cabinet","Cabinets","6","3389.3","3389.3","1","0.0625","96","48","94","46","orientation_locked","2","39.2","60.8","0","true","https://woodcuttool.com/templates/base-cabinet-cut-list/"
"2026-07-18","woodcuttool-maxrects-v1","base-cabinet","Base cabinet","Cabinets","6","3389.3","3389.3","1","0.09375","96","48","94","46","rotation_allowed","1","78.4","21.6","0","true","https://woodcuttool.com/templates/base-cabinet-cut-list/"
"2026-07-18","woodcuttool-maxrects-v1","base-cabinet","Base cabinet","Cabinets","6","3389.3","3389.3","1","0.09375","96","48","94","46","orientation_locked","2","39.2","60.8","0","true","https://woodcuttool.com/templates/base-cabinet-cut-list/"
"2026-07-18","woodcuttool-maxrects-v1","base-cabinet","Base cabinet","Cabinets","6","3389.3","3389.3","1","0.125","96","48","94","46","rotation_allowed","1","78.4","21.6","0","true","https://woodcuttool.com/templates/base-cabinet-cut-list/"
"2026-07-18","woodcuttool-maxrects-v1","base-cabinet","Base cabinet","Cabinets","6","3389.3","3389.3","1","0.125","96","48","94","46","orientation_locked","2","39.2","60.8","0","true","https://woodcuttool.com/templates/base-cabinet-cut-list/"
"2026-07-18","woodcuttool-maxrects-v1","base-cabinet","Base cabinet","Cabinets","6","3389.3","3389.3","1","0.1875","96","48","94","46","rotation_allowed","1","78.4","21.6","0","true","https://woodcuttool.com/templates/base-cabinet-cut-list/"
"2026-07-18","woodcuttool-maxrects-v1","base-cabinet","Base cabinet","Cabinets","6","3389.3","3389.3","1","0.1875","96","48","94","46","orientation_locked","2","39.2","60.8","0","true","https://woodcuttool.com/templates/base-cabinet-cut-list/"
"2026-07-18","woodcuttool-maxrects-v1","base-cabinet","Base cabinet","Cabinets","6","3389.3","3389.3","1","0.25","96","48","94","46","rotation_allowed","1","78.4","21.6","0","true","https://woodcuttool.com/templates/base-cabinet-cut-list/"
"2026-07-18","woodcuttool-maxrects-v1","base-cabinet","Base cabinet","Cabinets","6","3389.3","3389.3","1","0.25","96","48","94","46","orientation_locked","2","39.2","60.8","0","true","https://woodcuttool.com/templates/base-cabinet-cut-list/"
"2026-07-18","woodcuttool-maxrects-v1","wall-cabinet","Wall cabinet","Cabinets","7","2803.5","2803.5","0","0","96","48","96","48","rotation_allowed","1","60.8","39.2","0","true","https://woodcuttool.com/templates/wall-cabinet-cut-list/"
"2026-07-18","woodcuttool-maxrects-v1","wall-cabinet","Wall cabinet","Cabinets","7","2803.5","2803.5","0","0","96","48","96","48","orientation_locked","1","60.8","39.2","0","true","https://woodcuttool.com/templates/wall-cabinet-cut-list/"
"2026-07-18","woodcuttool-maxrects-v1","wall-cabinet","Wall cabinet","Cabinets","7","2803.5","2803.5","0","0.03125","96","48","96","48","rotation_allowed","1","60.8","39.2","0","true","https://woodcuttool.com/templates/wall-cabinet-cut-list/"
"2026-07-18","woodcuttool-maxrects-v1","wall-cabinet","Wall cabinet","Cabinets","7","2803.5","2803.5","0","0.03125","96","48","96","48","orientation_locked","1","60.8","39.2","0","true","https://woodcuttool.com/templates/wall-cabinet-cut-list/"
"2026-07-18","woodcuttool-maxrects-v1","wall-cabinet","Wall cabinet","Cabinets","7","2803.5","2803.5","0","0.0625","96","48","96","48","rotation_allowed","1","60.8","39.2","0","true","https://woodcuttool.com/templates/wall-cabinet-cut-list/"
"2026-07-18","woodcuttool-maxrects-v1","wall-cabinet","Wall cabinet","Cabinets","7","2803.5","2803.5","0","0.0625","96","48","96","48","orientation_locked","1","60.8","39.2","0","true","https://woodcuttool.com/templates/wall-cabinet-cut-list/"
"2026-07-18","woodcuttool-maxrects-v1","wall-cabinet","Wall cabinet","Cabinets","7","2803.5","2803.5","0","0.09375","96","48","96","48","rotation_allowed","1","60.8","39.2","0","true","https://woodcuttool.com/templates/wall-cabinet-cut-list/"
"2026-07-18","woodcuttool-maxrects-v1","wall-cabinet","Wall cabinet","Cabinets","7","2803.5","2803.5","0","0.09375","96","48","96","48","orientation_locked","1","60.8","39.2","0","true","https://woodcuttool.com/templates/wall-cabinet-cut-list/"
"2026-07-18","woodcuttool-maxrects-v1","wall-cabinet","Wall cabinet","Cabinets","7","2803.5","2803.5","0","0.125","96","48","96","48","rotation_allowed","1","60.8","39.2","0","true","https://woodcuttool.com/templates/wall-cabinet-cut-list/"
"2026-07-18","woodcuttool-maxrects-v1","wall-cabinet","Wall cabinet","Cabinets","7","2803.5","2803.5","0","0.125","96","48","96","48","orientation_locked","1","60.8","39.2","0","true","https://woodcuttool.com/templates/wall-cabinet-cut-list/"
"2026-07-18","woodcuttool-maxrects-v1","wall-cabinet","Wall cabinet","Cabinets","7","2803.5","2803.5","0","0.1875","96","48","96","48","rotation_allowed","1","60.8","39.2","0","true","https://woodcuttool.com/templates/wall-cabinet-cut-list/"
"2026-07-18","woodcuttool-maxrects-v1","wall-cabinet","Wall cabinet","Cabinets","7","2803.5","2803.5","0","0.1875","96","48","96","48","orientation_locked","1","60.8","39.2","0","true","https://woodcuttool.com/templates/wall-cabinet-cut-list/"
"2026-07-18","woodcuttool-maxrects-v1","wall-cabinet","Wall cabinet","Cabinets","7","2803.5","2803.5","0","0.25","96","48","96","48","rotation_allowed","1","60.8","39.2","0","true","https://woodcuttool.com/templates/wall-cabinet-cut-list/"
"2026-07-18","woodcuttool-maxrects-v1","wall-cabinet","Wall cabinet","Cabinets","7","2803.5","2803.5","0","0.25","96","48","96","48","orientation_locked","1","60.8","39.2","0","true","https://woodcuttool.com/templates/wall-cabinet-cut-list/"
"2026-07-18","woodcuttool-maxrects-v1","wall-cabinet","Wall cabinet","Cabinets","7","2803.5","2803.5","0.125","0","96","48","95.75","47.75","rotation_allowed","1","61.3","38.7","0","true","https://woodcuttool.com/templates/wall-cabinet-cut-list/"
"2026-07-18","woodcuttool-maxrects-v1","wall-cabinet","Wall cabinet","Cabinets","7","2803.5","2803.5","0.125","0","96","48","95.75","47.75","orientation_locked","1","61.3","38.7","0","true","https://woodcuttool.com/templates/wall-cabinet-cut-list/"
"2026-07-18","woodcuttool-maxrects-v1","wall-cabinet","Wall cabinet","Cabinets","7","2803.5","2803.5","0.125","0.03125","96","48","95.75","47.75","rotation_allowed","1","61.3","38.7","0","true","https://woodcuttool.com/templates/wall-cabinet-cut-list/"
"2026-07-18","woodcuttool-maxrects-v1","wall-cabinet","Wall cabinet","Cabinets","7","2803.5","2803.5","0.125","0.03125","96","48","95.75","47.75","orientation_locked","1","61.3","38.7","0","true","https://woodcuttool.com/templates/wall-cabinet-cut-list/"
"2026-07-18","woodcuttool-maxrects-v1","wall-cabinet","Wall cabinet","Cabinets","7","2803.5","2803.5","0.125","0.0625","96","48","95.75","47.75","rotation_allowed","1","61.3","38.7","0","true","https://woodcuttool.com/templates/wall-cabinet-cut-list/"
"2026-07-18","woodcuttool-maxrects-v1","wall-cabinet","Wall cabinet","Cabinets","7","2803.5","2803.5","0.125","0.0625","96","48","95.75","47.75","orientation_locked","1","61.3","38.7","0","true","https://woodcuttool.com/templates/wall-cabinet-cut-list/"
"2026-07-18","woodcuttool-maxrects-v1","wall-cabinet","Wall cabinet","Cabinets","7","2803.5","2803.5","0.125","0.09375","96","48","95.75","47.75","rotation_allowed","1","61.3","38.7","0","true","https://woodcuttool.com/templates/wall-cabinet-cut-list/"
"2026-07-18","woodcuttool-maxrects-v1","wall-cabinet","Wall cabinet","Cabinets","7","2803.5","2803.5","0.125","0.09375","96","48","95.75","47.75","orientation_locked","1","61.3","38.7","0","true","https://woodcuttool.com/templates/wall-cabinet-cut-list/"
"2026-07-18","woodcuttool-maxrects-v1","wall-cabinet","Wall cabinet","Cabinets","7","2803.5","2803.5","0.125","0.125","96","48","95.75","47.75","rotation_allowed","1","61.3","38.7","0","true","https://woodcuttool.com/templates/wall-cabinet-cut-list/"
"2026-07-18","woodcuttool-maxrects-v1","wall-cabinet","Wall cabinet","Cabinets","7","2803.5","2803.5","0.125","0.125","96","48","95.75","47.75","orientation_locked","1","61.3","38.7","0","true","https://woodcuttool.com/templates/wall-cabinet-cut-list/"
"2026-07-18","woodcuttool-maxrects-v1","wall-cabinet","Wall cabinet","Cabinets","7","2803.5","2803.5","0.125","0.1875","96","48","95.75","47.75","rotation_allowed","1","61.3","38.7","0","true","https://woodcuttool.com/templates/wall-cabinet-cut-list/"
"2026-07-18","woodcuttool-maxrects-v1","wall-cabinet","Wall cabinet","Cabinets","7","2803.5","2803.5","0.125","0.1875","96","48","95.75","47.75","orientation_locked","1","61.3","38.7","0","true","https://woodcuttool.com/templates/wall-cabinet-cut-list/"
"2026-07-18","woodcuttool-maxrects-v1","wall-cabinet","Wall cabinet","Cabinets","7","2803.5","2803.5","0.125","0.25","96","48","95.75","47.75","rotation_allowed","1","61.3","38.7","0","true","https://woodcuttool.com/templates/wall-cabinet-cut-list/"
"2026-07-18","woodcuttool-maxrects-v1","wall-cabinet","Wall cabinet","Cabinets","7","2803.5","2803.5","0.125","0.25","96","48","95.75","47.75","orientation_locked","1","61.3","38.7","0","true","https://woodcuttool.com/templates/wall-cabinet-cut-list/"
"2026-07-18","woodcuttool-maxrects-v1","wall-cabinet","Wall cabinet","Cabinets","7","2803.5","2803.5","0.25","0","96","48","95.5","47.5","rotation_allowed","1","61.8","38.2","0","true","https://woodcuttool.com/templates/wall-cabinet-cut-list/"
"2026-07-18","woodcuttool-maxrects-v1","wall-cabinet","Wall cabinet","Cabinets","7","2803.5","2803.5","0.25","0","96","48","95.5","47.5","orientation_locked","1","61.8","38.2","0","true","https://woodcuttool.com/templates/wall-cabinet-cut-list/"
"2026-07-18","woodcuttool-maxrects-v1","wall-cabinet","Wall cabinet","Cabinets","7","2803.5","2803.5","0.25","0.03125","96","48","95.5","47.5","rotation_allowed","1","61.8","38.2","0","true","https://woodcuttool.com/templates/wall-cabinet-cut-list/"
"2026-07-18","woodcuttool-maxrects-v1","wall-cabinet","Wall cabinet","Cabinets","7","2803.5","2803.5","0.25","0.03125","96","48","95.5","47.5","orientation_locked","1","61.8","38.2","0","true","https://woodcuttool.com/templates/wall-cabinet-cut-list/"
"2026-07-18","woodcuttool-maxrects-v1","wall-cabinet","Wall cabinet","Cabinets","7","2803.5","2803.5","0.25","0.0625","96","48","95.5","47.5","rotation_allowed","1","61.8","38.2","0","true","https://woodcuttool.com/templates/wall-cabinet-cut-list/"
"2026-07-18","woodcuttool-maxrects-v1","wall-cabinet","Wall cabinet","Cabinets","7","2803.5","2803.5","0.25","0.0625","96","48","95.5","47.5","orientation_locked","1","61.8","38.2","0","true","https://woodcuttool.com/templates/wall-cabinet-cut-list/"
"2026-07-18","woodcuttool-maxrects-v1","wall-cabinet","Wall cabinet","Cabinets","7","2803.5","2803.5","0.25","0.09375","96","48","95.5","47.5","rotation_allowed","1","61.8","38.2","0","true","https://woodcuttool.com/templates/wall-cabinet-cut-list/"
"2026-07-18","woodcuttool-maxrects-v1","wall-cabinet","Wall cabinet","Cabinets","7","2803.5","2803.5","0.25","0.09375","96","48","95.5","47.5","orientation_locked","1","61.8","38.2","0","true","https://woodcuttool.com/templates/wall-cabinet-cut-list/"
"2026-07-18","woodcuttool-maxrects-v1","wall-cabinet","Wall cabinet","Cabinets","7","2803.5","2803.5","0.25","0.125","96","48","95.5","47.5","rotation_allowed","1","61.8","38.2","0","true","https://woodcuttool.com/templates/wall-cabinet-cut-list/"
"2026-07-18","woodcuttool-maxrects-v1","wall-cabinet","Wall cabinet","Cabinets","7","2803.5","2803.5","0.25","0.125","96","48","95.5","47.5","orientation_locked","1","61.8","38.2","0","true","https://woodcuttool.com/templates/wall-cabinet-cut-list/"
"2026-07-18","woodcuttool-maxrects-v1","wall-cabinet","Wall cabinet","Cabinets","7","2803.5","2803.5","0.25","0.1875","96","48","95.5","47.5","rotation_allowed","1","61.8","38.2","0","true","https://woodcuttool.com/templates/wall-cabinet-cut-list/"
"2026-07-18","woodcuttool-maxrects-v1","wall-cabinet","Wall cabinet","Cabinets","7","2803.5","2803.5","0.25","0.1875","96","48","95.5","47.5","orientation_locked","1","61.8","38.2","0","true","https://woodcuttool.com/templates/wall-cabinet-cut-list/"
"2026-07-18","woodcuttool-maxrects-v1","wall-cabinet","Wall cabinet","Cabinets","7","2803.5","2803.5","0.25","0.25","96","48","95.5","47.5","rotation_allowed","1","61.8","38.2","0","true","https://woodcuttool.com/templates/wall-cabinet-cut-list/"
"2026-07-18","woodcuttool-maxrects-v1","wall-cabinet","Wall cabinet","Cabinets","7","2803.5","2803.5","0.25","0.25","96","48","95.5","47.5","orientation_locked","1","61.8","38.2","0","true","https://woodcuttool.com/templates/wall-cabinet-cut-list/"
"2026-07-18","woodcuttool-maxrects-v1","wall-cabinet","Wall cabinet","Cabinets","7","2803.5","2803.5","0.5","0","96","48","95","47","rotation_allowed","1","62.8","37.2","0","true","https://woodcuttool.com/templates/wall-cabinet-cut-list/"
"2026-07-18","woodcuttool-maxrects-v1","wall-cabinet","Wall cabinet","Cabinets","7","2803.5","2803.5","0.5","0","96","48","95","47","orientation_locked","1","62.8","37.2","0","true","https://woodcuttool.com/templates/wall-cabinet-cut-list/"
"2026-07-18","woodcuttool-maxrects-v1","wall-cabinet","Wall cabinet","Cabinets","7","2803.5","2803.5","0.5","0.03125","96","48","95","47","rotation_allowed","1","62.8","37.2","0","true","https://woodcuttool.com/templates/wall-cabinet-cut-list/"
"2026-07-18","woodcuttool-maxrects-v1","wall-cabinet","Wall cabinet","Cabinets","7","2803.5","2803.5","0.5","0.03125","96","48","95","47","orientation_locked","1","62.8","37.2","0","true","https://woodcuttool.com/templates/wall-cabinet-cut-list/"
"2026-07-18","woodcuttool-maxrects-v1","wall-cabinet","Wall cabinet","Cabinets","7","2803.5","2803.5","0.5","0.0625","96","48","95","47","rotation_allowed","1","62.8","37.2","0","true","https://woodcuttool.com/templates/wall-cabinet-cut-list/"
"2026-07-18","woodcuttool-maxrects-v1","wall-cabinet","Wall cabinet","Cabinets","7","2803.5","2803.5","0.5","0.0625","96","48","95","47","orientation_locked","1","62.8","37.2","0","true","https://woodcuttool.com/templates/wall-cabinet-cut-list/"
"2026-07-18","woodcuttool-maxrects-v1","wall-cabinet","Wall cabinet","Cabinets","7","2803.5","2803.5","0.5","0.09375","96","48","95","47","rotation_allowed","1","62.8","37.2","0","true","https://woodcuttool.com/templates/wall-cabinet-cut-list/"
"2026-07-18","woodcuttool-maxrects-v1","wall-cabinet","Wall cabinet","Cabinets","7","2803.5","2803.5","0.5","0.09375","96","48","95","47","orientation_locked","1","62.8","37.2","0","true","https://woodcuttool.com/templates/wall-cabinet-cut-list/"
"2026-07-18","woodcuttool-maxrects-v1","wall-cabinet","Wall cabinet","Cabinets","7","2803.5","2803.5","0.5","0.125","96","48","95","47","rotation_allowed","1","62.8","37.2","0","true","https://woodcuttool.com/templates/wall-cabinet-cut-list/"
"2026-07-18","woodcuttool-maxrects-v1","wall-cabinet","Wall cabinet","Cabinets","7","2803.5","2803.5","0.5","0.125","96","48","95","47","orientation_locked","1","62.8","37.2","0","true","https://woodcuttool.com/templates/wall-cabinet-cut-list/"
"2026-07-18","woodcuttool-maxrects-v1","wall-cabinet","Wall cabinet","Cabinets","7","2803.5","2803.5","0.5","0.1875","96","48","95","47","rotation_allowed","1","62.8","37.2","0","true","https://woodcuttool.com/templates/wall-cabinet-cut-list/"
"2026-07-18","woodcuttool-maxrects-v1","wall-cabinet","Wall cabinet","Cabinets","7","2803.5","2803.5","0.5","0.1875","96","48","95","47","orientation_locked","1","62.8","37.2","0","true","https://woodcuttool.com/templates/wall-cabinet-cut-list/"
"2026-07-18","woodcuttool-maxrects-v1","wall-cabinet","Wall cabinet","Cabinets","7","2803.5","2803.5","0.5","0.25","96","48","95","47","rotation_allowed","1","62.8","37.2","0","true","https://woodcuttool.com/templates/wall-cabinet-cut-list/"
"2026-07-18","woodcuttool-maxrects-v1","wall-cabinet","Wall cabinet","Cabinets","7","2803.5","2803.5","0.5","0.25","96","48","95","47","orientation_locked","1","62.8","37.2","0","true","https://woodcuttool.com/templates/wall-cabinet-cut-list/"
"2026-07-18","woodcuttool-maxrects-v1","wall-cabinet","Wall cabinet","Cabinets","7","2803.5","2803.5","1","0","96","48","94","46","rotation_allowed","1","64.8","35.2","0","true","https://woodcuttool.com/templates/wall-cabinet-cut-list/"
"2026-07-18","woodcuttool-maxrects-v1","wall-cabinet","Wall cabinet","Cabinets","7","2803.5","2803.5","1","0","96","48","94","46","orientation_locked","1","64.8","35.2","0","true","https://woodcuttool.com/templates/wall-cabinet-cut-list/"
"2026-07-18","woodcuttool-maxrects-v1","wall-cabinet","Wall cabinet","Cabinets","7","2803.5","2803.5","1","0.03125","96","48","94","46","rotation_allowed","1","64.8","35.2","0","true","https://woodcuttool.com/templates/wall-cabinet-cut-list/"
"2026-07-18","woodcuttool-maxrects-v1","wall-cabinet","Wall cabinet","Cabinets","7","2803.5","2803.5","1","0.03125","96","48","94","46","orientation_locked","1","64.8","35.2","0","true","https://woodcuttool.com/templates/wall-cabinet-cut-list/"
"2026-07-18","woodcuttool-maxrects-v1","wall-cabinet","Wall cabinet","Cabinets","7","2803.5","2803.5","1","0.0625","96","48","94","46","rotation_allowed","1","64.8","35.2","0","true","https://woodcuttool.com/templates/wall-cabinet-cut-list/"
"2026-07-18","woodcuttool-maxrects-v1","wall-cabinet","Wall cabinet","Cabinets","7","2803.5","2803.5","1","0.0625","96","48","94","46","orientation_locked","1","64.8","35.2","0","true","https://woodcuttool.com/templates/wall-cabinet-cut-list/"
"2026-07-18","woodcuttool-maxrects-v1","wall-cabinet","Wall cabinet","Cabinets","7","2803.5","2803.5","1","0.09375","96","48","94","46","rotation_allowed","1","64.8","35.2","0","true","https://woodcuttool.com/templates/wall-cabinet-cut-list/"
"2026-07-18","woodcuttool-maxrects-v1","wall-cabinet","Wall cabinet","Cabinets","7","2803.5","2803.5","1","0.09375","96","48","94","46","orientation_locked","1","64.8","35.2","0","true","https://woodcuttool.com/templates/wall-cabinet-cut-list/"
"2026-07-18","woodcuttool-maxrects-v1","wall-cabinet","Wall cabinet","Cabinets","7","2803.5","2803.5","1","0.125","96","48","94","46","rotation_allowed","1","64.8","35.2","0","true","https://woodcuttool.com/templates/wall-cabinet-cut-list/"
"2026-07-18","woodcuttool-maxrects-v1","wall-cabinet","Wall cabinet","Cabinets","7","2803.5","2803.5","1","0.125","96","48","94","46","orientation_locked","1","64.8","35.2","0","true","https://woodcuttool.com/templates/wall-cabinet-cut-list/"
"2026-07-18","woodcuttool-maxrects-v1","wall-cabinet","Wall cabinet","Cabinets","7","2803.5","2803.5","1","0.1875","96","48","94","46","rotation_allowed","1","64.8","35.2","0","true","https://woodcuttool.com/templates/wall-cabinet-cut-list/"
"2026-07-18","woodcuttool-maxrects-v1","wall-cabinet","Wall cabinet","Cabinets","7","2803.5","2803.5","1","0.1875","96","48","94","46","orientation_locked","1","64.8","35.2","0","true","https://woodcuttool.com/templates/wall-cabinet-cut-list/"
"2026-07-18","woodcuttool-maxrects-v1","wall-cabinet","Wall cabinet","Cabinets","7","2803.5","2803.5","1","0.25","96","48","94","46","rotation_allowed","1","64.8","35.2","0","true","https://woodcuttool.com/templates/wall-cabinet-cut-list/"
"2026-07-18","woodcuttool-maxrects-v1","wall-cabinet","Wall cabinet","Cabinets","7","2803.5","2803.5","1","0.25","96","48","94","46","orientation_locked","1","64.8","35.2","0","true","https://woodcuttool.com/templates/wall-cabinet-cut-list/"
"2026-07-18","woodcuttool-maxrects-v1","bathroom-vanity","Bathroom vanity","Cabinets","6","2684.6","2684.6","0","0","96","48","96","48","rotation_allowed","1","58.3","41.7","0","true","https://woodcuttool.com/templates/bathroom-vanity-cut-list/"
"2026-07-18","woodcuttool-maxrects-v1","bathroom-vanity","Bathroom vanity","Cabinets","6","2684.6","2684.6","0","0","96","48","96","48","orientation_locked","1","58.3","41.7","0","true","https://woodcuttool.com/templates/bathroom-vanity-cut-list/"
"2026-07-18","woodcuttool-maxrects-v1","bathroom-vanity","Bathroom vanity","Cabinets","6","2684.6","2684.6","0","0.03125","96","48","96","48","rotation_allowed","1","58.3","41.7","0","true","https://woodcuttool.com/templates/bathroom-vanity-cut-list/"
"2026-07-18","woodcuttool-maxrects-v1","bathroom-vanity","Bathroom vanity","Cabinets","6","2684.6","2684.6","0","0.03125","96","48","96","48","orientation_locked","1","58.3","41.7","0","true","https://woodcuttool.com/templates/bathroom-vanity-cut-list/"
"2026-07-18","woodcuttool-maxrects-v1","bathroom-vanity","Bathroom vanity","Cabinets","6","2684.6","2684.6","0","0.0625","96","48","96","48","rotation_allowed","1","58.3","41.7","0","true","https://woodcuttool.com/templates/bathroom-vanity-cut-list/"
"2026-07-18","woodcuttool-maxrects-v1","bathroom-vanity","Bathroom vanity","Cabinets","6","2684.6","2684.6","0","0.0625","96","48","96","48","orientation_locked","1","58.3","41.7","0","true","https://woodcuttool.com/templates/bathroom-vanity-cut-list/"
"2026-07-18","woodcuttool-maxrects-v1","bathroom-vanity","Bathroom vanity","Cabinets","6","2684.6","2684.6","0","0.09375","96","48","96","48","rotation_allowed","1","58.3","41.7","0","true","https://woodcuttool.com/templates/bathroom-vanity-cut-list/"
"2026-07-18","woodcuttool-maxrects-v1","bathroom-vanity","Bathroom vanity","Cabinets","6","2684.6","2684.6","0","0.09375","96","48","96","48","orientation_locked","1","58.3","41.7","0","true","https://woodcuttool.com/templates/bathroom-vanity-cut-list/"
"2026-07-18","woodcuttool-maxrects-v1","bathroom-vanity","Bathroom vanity","Cabinets","6","2684.6","2684.6","0","0.125","96","48","96","48","rotation_allowed","1","58.3","41.7","0","true","https://woodcuttool.com/templates/bathroom-vanity-cut-list/"
"2026-07-18","woodcuttool-maxrects-v1","bathroom-vanity","Bathroom vanity","Cabinets","6","2684.6","2684.6","0","0.125","96","48","96","48","orientation_locked","1","58.3","41.7","0","true","https://woodcuttool.com/templates/bathroom-vanity-cut-list/"
"2026-07-18","woodcuttool-maxrects-v1","bathroom-vanity","Bathroom vanity","Cabinets","6","2684.6","2684.6","0","0.1875","96","48","96","48","rotation_allowed","1","58.3","41.7","0","true","https://woodcuttool.com/templates/bathroom-vanity-cut-list/"
"2026-07-18","woodcuttool-maxrects-v1","bathroom-vanity","Bathroom vanity","Cabinets","6","2684.6","2684.6","0","0.1875","96","48","96","48","orientation_locked","1","58.3","41.7","0","true","https://woodcuttool.com/templates/bathroom-vanity-cut-list/"
"2026-07-18","woodcuttool-maxrects-v1","bathroom-vanity","Bathroom vanity","Cabinets","6","2684.6","2684.6","0","0.25","96","48","96","48","rotation_allowed","1","58.3","41.7","0","true","https://woodcuttool.com/templates/bathroom-vanity-cut-list/"
"2026-07-18","woodcuttool-maxrects-v1","bathroom-vanity","Bathroom vanity","Cabinets","6","2684.6","2684.6","0","0.25","96","48","96","48","orientation_locked","1","58.3","41.7","0","true","https://woodcuttool.com/templates/bathroom-vanity-cut-list/"
"2026-07-18","woodcuttool-maxrects-v1","bathroom-vanity","Bathroom vanity","Cabinets","6","2684.6","2684.6","0.125","0","96","48","95.75","47.75","rotation_allowed","1","58.7","41.3","0","true","https://woodcuttool.com/templates/bathroom-vanity-cut-list/"
"2026-07-18","woodcuttool-maxrects-v1","bathroom-vanity","Bathroom vanity","Cabinets","6","2684.6","2684.6","0.125","0","96","48","95.75","47.75","orientation_locked","1","58.7","41.3","0","true","https://woodcuttool.com/templates/bathroom-vanity-cut-list/"
"2026-07-18","woodcuttool-maxrects-v1","bathroom-vanity","Bathroom vanity","Cabinets","6","2684.6","2684.6","0.125","0.03125","96","48","95.75","47.75","rotation_allowed","1","58.7","41.3","0","true","https://woodcuttool.com/templates/bathroom-vanity-cut-list/"
"2026-07-18","woodcuttool-maxrects-v1","bathroom-vanity","Bathroom vanity","Cabinets","6","2684.6","2684.6","0.125","0.03125","96","48","95.75","47.75","orientation_locked","1","58.7","41.3","0","true","https://woodcuttool.com/templates/bathroom-vanity-cut-list/"
"2026-07-18","woodcuttool-maxrects-v1","bathroom-vanity","Bathroom vanity","Cabinets","6","2684.6","2684.6","0.125","0.0625","96","48","95.75","47.75","rotation_allowed","1","58.7","41.3","0","true","https://woodcuttool.com/templates/bathroom-vanity-cut-list/"
"2026-07-18","woodcuttool-maxrects-v1","bathroom-vanity","Bathroom vanity","Cabinets","6","2684.6","2684.6","0.125","0.0625","96","48","95.75","47.75","orientation_locked","1","58.7","41.3","0","true","https://woodcuttool.com/templates/bathroom-vanity-cut-list/"
"2026-07-18","woodcuttool-maxrects-v1","bathroom-vanity","Bathroom vanity","Cabinets","6","2684.6","2684.6","0.125","0.09375","96","48","95.75","47.75","rotation_allowed","1","58.7","41.3","0","true","https://woodcuttool.com/templates/bathroom-vanity-cut-list/"
"2026-07-18","woodcuttool-maxrects-v1","bathroom-vanity","Bathroom vanity","Cabinets","6","2684.6","2684.6","0.125","0.09375","96","48","95.75","47.75","orientation_locked","1","58.7","41.3","0","true","https://woodcuttool.com/templates/bathroom-vanity-cut-list/"
"2026-07-18","woodcuttool-maxrects-v1","bathroom-vanity","Bathroom vanity","Cabinets","6","2684.6","2684.6","0.125","0.125","96","48","95.75","47.75","rotation_allowed","1","58.7","41.3","0","true","https://woodcuttool.com/templates/bathroom-vanity-cut-list/"
"2026-07-18","woodcuttool-maxrects-v1","bathroom-vanity","Bathroom vanity","Cabinets","6","2684.6","2684.6","0.125","0.125","96","48","95.75","47.75","orientation_locked","1","58.7","41.3","0","true","https://woodcuttool.com/templates/bathroom-vanity-cut-list/"
"2026-07-18","woodcuttool-maxrects-v1","bathroom-vanity","Bathroom vanity","Cabinets","6","2684.6","2684.6","0.125","0.1875","96","48","95.75","47.75","rotation_allowed","1","58.7","41.3","0","true","https://woodcuttool.com/templates/bathroom-vanity-cut-list/"
"2026-07-18","woodcuttool-maxrects-v1","bathroom-vanity","Bathroom vanity","Cabinets","6","2684.6","2684.6","0.125","0.1875","96","48","95.75","47.75","orientation_locked","1","58.7","41.3","0","true","https://woodcuttool.com/templates/bathroom-vanity-cut-list/"
"2026-07-18","woodcuttool-maxrects-v1","bathroom-vanity","Bathroom vanity","Cabinets","6","2684.6","2684.6","0.125","0.25","96","48","95.75","47.75","rotation_allowed","1","58.7","41.3","0","true","https://woodcuttool.com/templates/bathroom-vanity-cut-list/"
"2026-07-18","woodcuttool-maxrects-v1","bathroom-vanity","Bathroom vanity","Cabinets","6","2684.6","2684.6","0.125","0.25","96","48","95.75","47.75","orientation_locked","1","58.7","41.3","0","true","https://woodcuttool.com/templates/bathroom-vanity-cut-list/"
"2026-07-18","woodcuttool-maxrects-v1","bathroom-vanity","Bathroom vanity","Cabinets","6","2684.6","2684.6","0.25","0","96","48","95.5","47.5","rotation_allowed","1","59.2","40.8","0","true","https://woodcuttool.com/templates/bathroom-vanity-cut-list/"
"2026-07-18","woodcuttool-maxrects-v1","bathroom-vanity","Bathroom vanity","Cabinets","6","2684.6","2684.6","0.25","0","96","48","95.5","47.5","orientation_locked","1","59.2","40.8","0","true","https://woodcuttool.com/templates/bathroom-vanity-cut-list/"
"2026-07-18","woodcuttool-maxrects-v1","bathroom-vanity","Bathroom vanity","Cabinets","6","2684.6","2684.6","0.25","0.03125","96","48","95.5","47.5","rotation_allowed","1","59.2","40.8","0","true","https://woodcuttool.com/templates/bathroom-vanity-cut-list/"
"2026-07-18","woodcuttool-maxrects-v1","bathroom-vanity","Bathroom vanity","Cabinets","6","2684.6","2684.6","0.25","0.03125","96","48","95.5","47.5","orientation_locked","1","59.2","40.8","0","true","https://woodcuttool.com/templates/bathroom-vanity-cut-list/"
"2026-07-18","woodcuttool-maxrects-v1","bathroom-vanity","Bathroom vanity","Cabinets","6","2684.6","2684.6","0.25","0.0625","96","48","95.5","47.5","rotation_allowed","1","59.2","40.8","0","true","https://woodcuttool.com/templates/bathroom-vanity-cut-list/"
"2026-07-18","woodcuttool-maxrects-v1","bathroom-vanity","Bathroom vanity","Cabinets","6","2684.6","2684.6","0.25","0.0625","96","48","95.5","47.5","orientation_locked","1","59.2","40.8","0","true","https://woodcuttool.com/templates/bathroom-vanity-cut-list/"
"2026-07-18","woodcuttool-maxrects-v1","bathroom-vanity","Bathroom vanity","Cabinets","6","2684.6","2684.6","0.25","0.09375","96","48","95.5","47.5","rotation_allowed","1","59.2","40.8","0","true","https://woodcuttool.com/templates/bathroom-vanity-cut-list/"
"2026-07-18","woodcuttool-maxrects-v1","bathroom-vanity","Bathroom vanity","Cabinets","6","2684.6","2684.6","0.25","0.09375","96","48","95.5","47.5","orientation_locked","1","59.2","40.8","0","true","https://woodcuttool.com/templates/bathroom-vanity-cut-list/"
"2026-07-18","woodcuttool-maxrects-v1","bathroom-vanity","Bathroom vanity","Cabinets","6","2684.6","2684.6","0.25","0.125","96","48","95.5","47.5","rotation_allowed","1","59.2","40.8","0","true","https://woodcuttool.com/templates/bathroom-vanity-cut-list/"
"2026-07-18","woodcuttool-maxrects-v1","bathroom-vanity","Bathroom vanity","Cabinets","6","2684.6","2684.6","0.25","0.125","96","48","95.5","47.5","orientation_locked","1","59.2","40.8","0","true","https://woodcuttool.com/templates/bathroom-vanity-cut-list/"
"2026-07-18","woodcuttool-maxrects-v1","bathroom-vanity","Bathroom vanity","Cabinets","6","2684.6","2684.6","0.25","0.1875","96","48","95.5","47.5","rotation_allowed","1","59.2","40.8","0","true","https://woodcuttool.com/templates/bathroom-vanity-cut-list/"
"2026-07-18","woodcuttool-maxrects-v1","bathroom-vanity","Bathroom vanity","Cabinets","6","2684.6","2684.6","0.25","0.1875","96","48","95.5","47.5","orientation_locked","1","59.2","40.8","0","true","https://woodcuttool.com/templates/bathroom-vanity-cut-list/"
"2026-07-18","woodcuttool-maxrects-v1","bathroom-vanity","Bathroom vanity","Cabinets","6","2684.6","2684.6","0.25","0.25","96","48","95.5","47.5","rotation_allowed","1","59.2","40.8","0","true","https://woodcuttool.com/templates/bathroom-vanity-cut-list/"
"2026-07-18","woodcuttool-maxrects-v1","bathroom-vanity","Bathroom vanity","Cabinets","6","2684.6","2684.6","0.25","0.25","96","48","95.5","47.5","orientation_locked","1","59.2","40.8","0","true","https://woodcuttool.com/templates/bathroom-vanity-cut-list/"
"2026-07-18","woodcuttool-maxrects-v1","bathroom-vanity","Bathroom vanity","Cabinets","6","2684.6","2684.6","0.5","0","96","48","95","47","rotation_allowed","1","60.1","39.9","0","true","https://woodcuttool.com/templates/bathroom-vanity-cut-list/"
"2026-07-18","woodcuttool-maxrects-v1","bathroom-vanity","Bathroom vanity","Cabinets","6","2684.6","2684.6","0.5","0","96","48","95","47","orientation_locked","1","60.1","39.9","0","true","https://woodcuttool.com/templates/bathroom-vanity-cut-list/"
"2026-07-18","woodcuttool-maxrects-v1","bathroom-vanity","Bathroom vanity","Cabinets","6","2684.6","2684.6","0.5","0.03125","96","48","95","47","rotation_allowed","1","60.1","39.9","0","true","https://woodcuttool.com/templates/bathroom-vanity-cut-list/"
"2026-07-18","woodcuttool-maxrects-v1","bathroom-vanity","Bathroom vanity","Cabinets","6","2684.6","2684.6","0.5","0.03125","96","48","95","47","orientation_locked","1","60.1","39.9","0","true","https://woodcuttool.com/templates/bathroom-vanity-cut-list/"
"2026-07-18","woodcuttool-maxrects-v1","bathroom-vanity","Bathroom vanity","Cabinets","6","2684.6","2684.6","0.5","0.0625","96","48","95","47","rotation_allowed","1","60.1","39.9","0","true","https://woodcuttool.com/templates/bathroom-vanity-cut-list/"
"2026-07-18","woodcuttool-maxrects-v1","bathroom-vanity","Bathroom vanity","Cabinets","6","2684.6","2684.6","0.5","0.0625","96","48","95","47","orientation_locked","1","60.1","39.9","0","true","https://woodcuttool.com/templates/bathroom-vanity-cut-list/"
"2026-07-18","woodcuttool-maxrects-v1","bathroom-vanity","Bathroom vanity","Cabinets","6","2684.6","2684.6","0.5","0.09375","96","48","95","47","rotation_allowed","1","60.1","39.9","0","true","https://woodcuttool.com/templates/bathroom-vanity-cut-list/"
"2026-07-18","woodcuttool-maxrects-v1","bathroom-vanity","Bathroom vanity","Cabinets","6","2684.6","2684.6","0.5","0.09375","96","48","95","47","orientation_locked","1","60.1","39.9","0","true","https://woodcuttool.com/templates/bathroom-vanity-cut-list/"
"2026-07-18","woodcuttool-maxrects-v1","bathroom-vanity","Bathroom vanity","Cabinets","6","2684.6","2684.6","0.5","0.125","96","48","95","47","rotation_allowed","1","60.1","39.9","0","true","https://woodcuttool.com/templates/bathroom-vanity-cut-list/"
"2026-07-18","woodcuttool-maxrects-v1","bathroom-vanity","Bathroom vanity","Cabinets","6","2684.6","2684.6","0.5","0.125","96","48","95","47","orientation_locked","1","60.1","39.9","0","true","https://woodcuttool.com/templates/bathroom-vanity-cut-list/"
"2026-07-18","woodcuttool-maxrects-v1","bathroom-vanity","Bathroom vanity","Cabinets","6","2684.6","2684.6","0.5","0.1875","96","48","95","47","rotation_allowed","1","60.1","39.9","0","true","https://woodcuttool.com/templates/bathroom-vanity-cut-list/"
"2026-07-18","woodcuttool-maxrects-v1","bathroom-vanity","Bathroom vanity","Cabinets","6","2684.6","2684.6","0.5","0.1875","96","48","95","47","orientation_locked","1","60.1","39.9","0","true","https://woodcuttool.com/templates/bathroom-vanity-cut-list/"
"2026-07-18","woodcuttool-maxrects-v1","bathroom-vanity","Bathroom vanity","Cabinets","6","2684.6","2684.6","0.5","0.25","96","48","95","47","rotation_allowed","1","60.1","39.9","0","true","https://woodcuttool.com/templates/bathroom-vanity-cut-list/"
"2026-07-18","woodcuttool-maxrects-v1","bathroom-vanity","Bathroom vanity","Cabinets","6","2684.6","2684.6","0.5","0.25","96","48","95","47","orientation_locked","1","60.1","39.9","0","true","https://woodcuttool.com/templates/bathroom-vanity-cut-list/"
"2026-07-18","woodcuttool-maxrects-v1","bathroom-vanity","Bathroom vanity","Cabinets","6","2684.6","2684.6","1","0","96","48","94","46","rotation_allowed","1","62.1","37.9","0","true","https://woodcuttool.com/templates/bathroom-vanity-cut-list/"
"2026-07-18","woodcuttool-maxrects-v1","bathroom-vanity","Bathroom vanity","Cabinets","6","2684.6","2684.6","1","0","96","48","94","46","orientation_locked","1","62.1","37.9","0","true","https://woodcuttool.com/templates/bathroom-vanity-cut-list/"
"2026-07-18","woodcuttool-maxrects-v1","bathroom-vanity","Bathroom vanity","Cabinets","6","2684.6","2684.6","1","0.03125","96","48","94","46","rotation_allowed","1","62.1","37.9","0","true","https://woodcuttool.com/templates/bathroom-vanity-cut-list/"
"2026-07-18","woodcuttool-maxrects-v1","bathroom-vanity","Bathroom vanity","Cabinets","6","2684.6","2684.6","1","0.03125","96","48","94","46","orientation_locked","1","62.1","37.9","0","true","https://woodcuttool.com/templates/bathroom-vanity-cut-list/"
"2026-07-18","woodcuttool-maxrects-v1","bathroom-vanity","Bathroom vanity","Cabinets","6","2684.6","2684.6","1","0.0625","96","48","94","46","rotation_allowed","1","62.1","37.9","0","true","https://woodcuttool.com/templates/bathroom-vanity-cut-list/"
"2026-07-18","woodcuttool-maxrects-v1","bathroom-vanity","Bathroom vanity","Cabinets","6","2684.6","2684.6","1","0.0625","96","48","94","46","orientation_locked","1","62.1","37.9","0","true","https://woodcuttool.com/templates/bathroom-vanity-cut-list/"
"2026-07-18","woodcuttool-maxrects-v1","bathroom-vanity","Bathroom vanity","Cabinets","6","2684.6","2684.6","1","0.09375","96","48","94","46","rotation_allowed","1","62.1","37.9","0","true","https://woodcuttool.com/templates/bathroom-vanity-cut-list/"
"2026-07-18","woodcuttool-maxrects-v1","bathroom-vanity","Bathroom vanity","Cabinets","6","2684.6","2684.6","1","0.09375","96","48","94","46","orientation_locked","1","62.1","37.9","0","true","https://woodcuttool.com/templates/bathroom-vanity-cut-list/"
"2026-07-18","woodcuttool-maxrects-v1","bathroom-vanity","Bathroom vanity","Cabinets","6","2684.6","2684.6","1","0.125","96","48","94","46","rotation_allowed","1","62.1","37.9","0","true","https://woodcuttool.com/templates/bathroom-vanity-cut-list/"
"2026-07-18","woodcuttool-maxrects-v1","bathroom-vanity","Bathroom vanity","Cabinets","6","2684.6","2684.6","1","0.125","96","48","94","46","orientation_locked","1","62.1","37.9","0","true","https://woodcuttool.com/templates/bathroom-vanity-cut-list/"
"2026-07-18","woodcuttool-maxrects-v1","bathroom-vanity","Bathroom vanity","Cabinets","6","2684.6","2684.6","1","0.1875","96","48","94","46","rotation_allowed","1","62.1","37.9","0","true","https://woodcuttool.com/templates/bathroom-vanity-cut-list/"
"2026-07-18","woodcuttool-maxrects-v1","bathroom-vanity","Bathroom vanity","Cabinets","6","2684.6","2684.6","1","0.1875","96","48","94","46","orientation_locked","1","62.1","37.9","0","true","https://woodcuttool.com/templates/bathroom-vanity-cut-list/"
"2026-07-18","woodcuttool-maxrects-v1","bathroom-vanity","Bathroom vanity","Cabinets","6","2684.6","2684.6","1","0.25","96","48","94","46","rotation_allowed","1","62.1","37.9","0","true","https://woodcuttool.com/templates/bathroom-vanity-cut-list/"
"2026-07-18","woodcuttool-maxrects-v1","bathroom-vanity","Bathroom vanity","Cabinets","6","2684.6","2684.6","1","0.25","96","48","94","46","orientation_locked","1","62.1","37.9","0","true","https://woodcuttool.com/templates/bathroom-vanity-cut-list/"
"2026-07-18","woodcuttool-maxrects-v1","pantry-cabinet","Pantry cabinet","Cabinets","10","8144.3","8144.3","0","0","96","48","96","48","rotation_allowed","3","58.9","41.1","0","true","https://woodcuttool.com/templates/pantry-cabinet-cut-list/"
"2026-07-18","woodcuttool-maxrects-v1","pantry-cabinet","Pantry cabinet","Cabinets","10","8144.3","8144.3","0","0","96","48","96","48","orientation_locked","3","58.9","41.1","0","true","https://woodcuttool.com/templates/pantry-cabinet-cut-list/"
"2026-07-18","woodcuttool-maxrects-v1","pantry-cabinet","Pantry cabinet","Cabinets","10","8144.3","8144.3","0","0.03125","96","48","96","48","rotation_allowed","3","58.9","41.1","0","true","https://woodcuttool.com/templates/pantry-cabinet-cut-list/"
"2026-07-18","woodcuttool-maxrects-v1","pantry-cabinet","Pantry cabinet","Cabinets","10","8144.3","8144.3","0","0.03125","96","48","96","48","orientation_locked","3","58.9","41.1","0","true","https://woodcuttool.com/templates/pantry-cabinet-cut-list/"
"2026-07-18","woodcuttool-maxrects-v1","pantry-cabinet","Pantry cabinet","Cabinets","10","8144.3","8144.3","0","0.0625","96","48","96","48","rotation_allowed","3","58.9","41.1","0","true","https://woodcuttool.com/templates/pantry-cabinet-cut-list/"
"2026-07-18","woodcuttool-maxrects-v1","pantry-cabinet","Pantry cabinet","Cabinets","10","8144.3","8144.3","0","0.0625","96","48","96","48","orientation_locked","3","58.9","41.1","0","true","https://woodcuttool.com/templates/pantry-cabinet-cut-list/"
"2026-07-18","woodcuttool-maxrects-v1","pantry-cabinet","Pantry cabinet","Cabinets","10","8144.3","8144.3","0","0.09375","96","48","96","48","rotation_allowed","3","58.9","41.1","0","true","https://woodcuttool.com/templates/pantry-cabinet-cut-list/"
"2026-07-18","woodcuttool-maxrects-v1","pantry-cabinet","Pantry cabinet","Cabinets","10","8144.3","8144.3","0","0.09375","96","48","96","48","orientation_locked","3","58.9","41.1","0","true","https://woodcuttool.com/templates/pantry-cabinet-cut-list/"
"2026-07-18","woodcuttool-maxrects-v1","pantry-cabinet","Pantry cabinet","Cabinets","10","8144.3","8144.3","0","0.125","96","48","96","48","rotation_allowed","3","58.9","41.1","0","true","https://woodcuttool.com/templates/pantry-cabinet-cut-list/"
"2026-07-18","woodcuttool-maxrects-v1","pantry-cabinet","Pantry cabinet","Cabinets","10","8144.3","8144.3","0","0.125","96","48","96","48","orientation_locked","3","58.9","41.1","0","true","https://woodcuttool.com/templates/pantry-cabinet-cut-list/"
"2026-07-18","woodcuttool-maxrects-v1","pantry-cabinet","Pantry cabinet","Cabinets","10","8144.3","8144.3","0","0.1875","96","48","96","48","rotation_allowed","3","58.9","41.1","0","true","https://woodcuttool.com/templates/pantry-cabinet-cut-list/"
"2026-07-18","woodcuttool-maxrects-v1","pantry-cabinet","Pantry cabinet","Cabinets","10","8144.3","8144.3","0","0.1875","96","48","96","48","orientation_locked","3","58.9","41.1","0","true","https://woodcuttool.com/templates/pantry-cabinet-cut-list/"
"2026-07-18","woodcuttool-maxrects-v1","pantry-cabinet","Pantry cabinet","Cabinets","10","8144.3","8144.3","0","0.25","96","48","96","48","rotation_allowed","3","58.9","41.1","0","true","https://woodcuttool.com/templates/pantry-cabinet-cut-list/"
"2026-07-18","woodcuttool-maxrects-v1","pantry-cabinet","Pantry cabinet","Cabinets","10","8144.3","8144.3","0","0.25","96","48","96","48","orientation_locked","3","58.9","41.1","0","true","https://woodcuttool.com/templates/pantry-cabinet-cut-list/"
"2026-07-18","woodcuttool-maxrects-v1","pantry-cabinet","Pantry cabinet","Cabinets","10","8144.3","8144.3","0.125","0","96","48","95.75","47.75","rotation_allowed","3","59.4","40.6","0","true","https://woodcuttool.com/templates/pantry-cabinet-cut-list/"
"2026-07-18","woodcuttool-maxrects-v1","pantry-cabinet","Pantry cabinet","Cabinets","10","8144.3","8144.3","0.125","0","96","48","95.75","47.75","orientation_locked","3","59.4","40.6","0","true","https://woodcuttool.com/templates/pantry-cabinet-cut-list/"
"2026-07-18","woodcuttool-maxrects-v1","pantry-cabinet","Pantry cabinet","Cabinets","10","8144.3","8144.3","0.125","0.03125","96","48","95.75","47.75","rotation_allowed","3","59.4","40.6","0","true","https://woodcuttool.com/templates/pantry-cabinet-cut-list/"
"2026-07-18","woodcuttool-maxrects-v1","pantry-cabinet","Pantry cabinet","Cabinets","10","8144.3","8144.3","0.125","0.03125","96","48","95.75","47.75","orientation_locked","3","59.4","40.6","0","true","https://woodcuttool.com/templates/pantry-cabinet-cut-list/"
"2026-07-18","woodcuttool-maxrects-v1","pantry-cabinet","Pantry cabinet","Cabinets","10","8144.3","8144.3","0.125","0.0625","96","48","95.75","47.75","rotation_allowed","3","59.4","40.6","0","true","https://woodcuttool.com/templates/pantry-cabinet-cut-list/"
"2026-07-18","woodcuttool-maxrects-v1","pantry-cabinet","Pantry cabinet","Cabinets","10","8144.3","8144.3","0.125","0.0625","96","48","95.75","47.75","orientation_locked","3","59.4","40.6","0","true","https://woodcuttool.com/templates/pantry-cabinet-cut-list/"
"2026-07-18","woodcuttool-maxrects-v1","pantry-cabinet","Pantry cabinet","Cabinets","10","8144.3","8144.3","0.125","0.09375","96","48","95.75","47.75","rotation_allowed","3","59.4","40.6","0","true","https://woodcuttool.com/templates/pantry-cabinet-cut-list/"
"2026-07-18","woodcuttool-maxrects-v1","pantry-cabinet","Pantry cabinet","Cabinets","10","8144.3","8144.3","0.125","0.09375","96","48","95.75","47.75","orientation_locked","3","59.4","40.6","0","true","https://woodcuttool.com/templates/pantry-cabinet-cut-list/"
"2026-07-18","woodcuttool-maxrects-v1","pantry-cabinet","Pantry cabinet","Cabinets","10","8144.3","8144.3","0.125","0.125","96","48","95.75","47.75","rotation_allowed","3","59.4","40.6","0","true","https://woodcuttool.com/templates/pantry-cabinet-cut-list/"
"2026-07-18","woodcuttool-maxrects-v1","pantry-cabinet","Pantry cabinet","Cabinets","10","8144.3","8144.3","0.125","0.125","96","48","95.75","47.75","orientation_locked","3","59.4","40.6","0","true","https://woodcuttool.com/templates/pantry-cabinet-cut-list/"
"2026-07-18","woodcuttool-maxrects-v1","pantry-cabinet","Pantry cabinet","Cabinets","10","8144.3","8144.3","0.125","0.1875","96","48","95.75","47.75","rotation_allowed","3","59.4","40.6","0","true","https://woodcuttool.com/templates/pantry-cabinet-cut-list/"
"2026-07-18","woodcuttool-maxrects-v1","pantry-cabinet","Pantry cabinet","Cabinets","10","8144.3","8144.3","0.125","0.1875","96","48","95.75","47.75","orientation_locked","3","59.4","40.6","0","true","https://woodcuttool.com/templates/pantry-cabinet-cut-list/"
"2026-07-18","woodcuttool-maxrects-v1","pantry-cabinet","Pantry cabinet","Cabinets","10","8144.3","8144.3","0.125","0.25","96","48","95.75","47.75","rotation_allowed","3","59.4","40.6","0","true","https://woodcuttool.com/templates/pantry-cabinet-cut-list/"
"2026-07-18","woodcuttool-maxrects-v1","pantry-cabinet","Pantry cabinet","Cabinets","10","8144.3","8144.3","0.125","0.25","96","48","95.75","47.75","orientation_locked","3","59.4","40.6","0","true","https://woodcuttool.com/templates/pantry-cabinet-cut-list/"
"2026-07-18","woodcuttool-maxrects-v1","pantry-cabinet","Pantry cabinet","Cabinets","10","8144.3","8144.3","0.25","0","96","48","95.5","47.5","rotation_allowed","3","59.8","40.2","0","true","https://woodcuttool.com/templates/pantry-cabinet-cut-list/"
"2026-07-18","woodcuttool-maxrects-v1","pantry-cabinet","Pantry cabinet","Cabinets","10","8144.3","8144.3","0.25","0","96","48","95.5","47.5","orientation_locked","3","59.8","40.2","0","true","https://woodcuttool.com/templates/pantry-cabinet-cut-list/"
"2026-07-18","woodcuttool-maxrects-v1","pantry-cabinet","Pantry cabinet","Cabinets","10","8144.3","8144.3","0.25","0.03125","96","48","95.5","47.5","rotation_allowed","3","59.8","40.2","0","true","https://woodcuttool.com/templates/pantry-cabinet-cut-list/"
"2026-07-18","woodcuttool-maxrects-v1","pantry-cabinet","Pantry cabinet","Cabinets","10","8144.3","8144.3","0.25","0.03125","96","48","95.5","47.5","orientation_locked","3","59.8","40.2","0","true","https://woodcuttool.com/templates/pantry-cabinet-cut-list/"
"2026-07-18","woodcuttool-maxrects-v1","pantry-cabinet","Pantry cabinet","Cabinets","10","8144.3","8144.3","0.25","0.0625","96","48","95.5","47.5","rotation_allowed","3","59.8","40.2","0","true","https://woodcuttool.com/templates/pantry-cabinet-cut-list/"
"2026-07-18","woodcuttool-maxrects-v1","pantry-cabinet","Pantry cabinet","Cabinets","10","8144.3","8144.3","0.25","0.0625","96","48","95.5","47.5","orientation_locked","3","59.8","40.2","0","true","https://woodcuttool.com/templates/pantry-cabinet-cut-list/"
"2026-07-18","woodcuttool-maxrects-v1","pantry-cabinet","Pantry cabinet","Cabinets","10","8144.3","8144.3","0.25","0.09375","96","48","95.5","47.5","rotation_allowed","3","59.8","40.2","0","true","https://woodcuttool.com/templates/pantry-cabinet-cut-list/"
"2026-07-18","woodcuttool-maxrects-v1","pantry-cabinet","Pantry cabinet","Cabinets","10","8144.3","8144.3","0.25","0.09375","96","48","95.5","47.5","orientation_locked","3","59.8","40.2","0","true","https://woodcuttool.com/templates/pantry-cabinet-cut-list/"
"2026-07-18","woodcuttool-maxrects-v1","pantry-cabinet","Pantry cabinet","Cabinets","10","8144.3","8144.3","0.25","0.125","96","48","95.5","47.5","rotation_allowed","3","59.8","40.2","0","true","https://woodcuttool.com/templates/pantry-cabinet-cut-list/"
"2026-07-18","woodcuttool-maxrects-v1","pantry-cabinet","Pantry cabinet","Cabinets","10","8144.3","8144.3","0.25","0.125","96","48","95.5","47.5","orientation_locked","3","59.8","40.2","0","true","https://woodcuttool.com/templates/pantry-cabinet-cut-list/"
"2026-07-18","woodcuttool-maxrects-v1","pantry-cabinet","Pantry cabinet","Cabinets","10","8144.3","8144.3","0.25","0.1875","96","48","95.5","47.5","rotation_allowed","3","59.8","40.2","0","true","https://woodcuttool.com/templates/pantry-cabinet-cut-list/"
"2026-07-18","woodcuttool-maxrects-v1","pantry-cabinet","Pantry cabinet","Cabinets","10","8144.3","8144.3","0.25","0.1875","96","48","95.5","47.5","orientation_locked","3","59.8","40.2","0","true","https://woodcuttool.com/templates/pantry-cabinet-cut-list/"
"2026-07-18","woodcuttool-maxrects-v1","pantry-cabinet","Pantry cabinet","Cabinets","10","8144.3","8144.3","0.25","0.25","96","48","95.5","47.5","rotation_allowed","3","59.8","40.2","0","true","https://woodcuttool.com/templates/pantry-cabinet-cut-list/"
"2026-07-18","woodcuttool-maxrects-v1","pantry-cabinet","Pantry cabinet","Cabinets","10","8144.3","8144.3","0.25","0.25","96","48","95.5","47.5","orientation_locked","3","59.8","40.2","0","true","https://woodcuttool.com/templates/pantry-cabinet-cut-list/"
"2026-07-18","woodcuttool-maxrects-v1","pantry-cabinet","Pantry cabinet","Cabinets","10","8144.3","8144.3","0.5","0","96","48","95","47","rotation_allowed","3","60.8","39.2","0","true","https://woodcuttool.com/templates/pantry-cabinet-cut-list/"
"2026-07-18","woodcuttool-maxrects-v1","pantry-cabinet","Pantry cabinet","Cabinets","10","8144.3","8144.3","0.5","0","96","48","95","47","orientation_locked","3","60.8","39.2","0","true","https://woodcuttool.com/templates/pantry-cabinet-cut-list/"
"2026-07-18","woodcuttool-maxrects-v1","pantry-cabinet","Pantry cabinet","Cabinets","10","8144.3","8144.3","0.5","0.03125","96","48","95","47","rotation_allowed","3","60.8","39.2","0","true","https://woodcuttool.com/templates/pantry-cabinet-cut-list/"
"2026-07-18","woodcuttool-maxrects-v1","pantry-cabinet","Pantry cabinet","Cabinets","10","8144.3","8144.3","0.5","0.03125","96","48","95","47","orientation_locked","3","60.8","39.2","0","true","https://woodcuttool.com/templates/pantry-cabinet-cut-list/"
"2026-07-18","woodcuttool-maxrects-v1","pantry-cabinet","Pantry cabinet","Cabinets","10","8144.3","8144.3","0.5","0.0625","96","48","95","47","rotation_allowed","3","60.8","39.2","0","true","https://woodcuttool.com/templates/pantry-cabinet-cut-list/"
"2026-07-18","woodcuttool-maxrects-v1","pantry-cabinet","Pantry cabinet","Cabinets","10","8144.3","8144.3","0.5","0.0625","96","48","95","47","orientation_locked","3","60.8","39.2","0","true","https://woodcuttool.com/templates/pantry-cabinet-cut-list/"
"2026-07-18","woodcuttool-maxrects-v1","pantry-cabinet","Pantry cabinet","Cabinets","10","8144.3","8144.3","0.5","0.09375","96","48","95","47","rotation_allowed","3","60.8","39.2","0","true","https://woodcuttool.com/templates/pantry-cabinet-cut-list/"
"2026-07-18","woodcuttool-maxrects-v1","pantry-cabinet","Pantry cabinet","Cabinets","10","8144.3","8144.3","0.5","0.09375","96","48","95","47","orientation_locked","3","60.8","39.2","0","true","https://woodcuttool.com/templates/pantry-cabinet-cut-list/"
"2026-07-18","woodcuttool-maxrects-v1","pantry-cabinet","Pantry cabinet","Cabinets","10","8144.3","8144.3","0.5","0.125","96","48","95","47","rotation_allowed","3","60.8","39.2","0","true","https://woodcuttool.com/templates/pantry-cabinet-cut-list/"
"2026-07-18","woodcuttool-maxrects-v1","pantry-cabinet","Pantry cabinet","Cabinets","10","8144.3","8144.3","0.5","0.125","96","48","95","47","orientation_locked","3","60.8","39.2","0","true","https://woodcuttool.com/templates/pantry-cabinet-cut-list/"
"2026-07-18","woodcuttool-maxrects-v1","pantry-cabinet","Pantry cabinet","Cabinets","10","8144.3","8144.3","0.5","0.1875","96","48","95","47","rotation_allowed","3","60.8","39.2","0","true","https://woodcuttool.com/templates/pantry-cabinet-cut-list/"
"2026-07-18","woodcuttool-maxrects-v1","pantry-cabinet","Pantry cabinet","Cabinets","10","8144.3","8144.3","0.5","0.1875","96","48","95","47","orientation_locked","3","60.8","39.2","0","true","https://woodcuttool.com/templates/pantry-cabinet-cut-list/"
"2026-07-18","woodcuttool-maxrects-v1","pantry-cabinet","Pantry cabinet","Cabinets","10","8144.3","8144.3","0.5","0.25","96","48","95","47","rotation_allowed","3","60.8","39.2","0","true","https://woodcuttool.com/templates/pantry-cabinet-cut-list/"
"2026-07-18","woodcuttool-maxrects-v1","pantry-cabinet","Pantry cabinet","Cabinets","10","8144.3","8144.3","0.5","0.25","96","48","95","47","orientation_locked","3","60.8","39.2","0","true","https://woodcuttool.com/templates/pantry-cabinet-cut-list/"
"2026-07-18","woodcuttool-maxrects-v1","pantry-cabinet","Pantry cabinet","Cabinets","10","8144.3","8144.3","1","0","96","48","94","46","rotation_allowed","3","62.8","37.2","0","true","https://woodcuttool.com/templates/pantry-cabinet-cut-list/"
"2026-07-18","woodcuttool-maxrects-v1","pantry-cabinet","Pantry cabinet","Cabinets","10","8144.3","8144.3","1","0","96","48","94","46","orientation_locked","3","62.8","37.2","0","true","https://woodcuttool.com/templates/pantry-cabinet-cut-list/"
"2026-07-18","woodcuttool-maxrects-v1","pantry-cabinet","Pantry cabinet","Cabinets","10","8144.3","8144.3","1","0.03125","96","48","94","46","rotation_allowed","3","62.8","37.2","0","true","https://woodcuttool.com/templates/pantry-cabinet-cut-list/"
"2026-07-18","woodcuttool-maxrects-v1","pantry-cabinet","Pantry cabinet","Cabinets","10","8144.3","8144.3","1","0.03125","96","48","94","46","orientation_locked","3","62.8","37.2","0","true","https://woodcuttool.com/templates/pantry-cabinet-cut-list/"
"2026-07-18","woodcuttool-maxrects-v1","pantry-cabinet","Pantry cabinet","Cabinets","10","8144.3","8144.3","1","0.0625","96","48","94","46","rotation_allowed","3","62.8","37.2","0","true","https://woodcuttool.com/templates/pantry-cabinet-cut-list/"
"2026-07-18","woodcuttool-maxrects-v1","pantry-cabinet","Pantry cabinet","Cabinets","10","8144.3","8144.3","1","0.0625","96","48","94","46","orientation_locked","3","62.8","37.2","0","true","https://woodcuttool.com/templates/pantry-cabinet-cut-list/"
"2026-07-18","woodcuttool-maxrects-v1","pantry-cabinet","Pantry cabinet","Cabinets","10","8144.3","8144.3","1","0.09375","96","48","94","46","rotation_allowed","3","62.8","37.2","0","true","https://woodcuttool.com/templates/pantry-cabinet-cut-list/"
"2026-07-18","woodcuttool-maxrects-v1","pantry-cabinet","Pantry cabinet","Cabinets","10","8144.3","8144.3","1","0.09375","96","48","94","46","orientation_locked","3","62.8","37.2","0","true","https://woodcuttool.com/templates/pantry-cabinet-cut-list/"
"2026-07-18","woodcuttool-maxrects-v1","pantry-cabinet","Pantry cabinet","Cabinets","10","8144.3","8144.3","1","0.125","96","48","94","46","rotation_allowed","3","62.8","37.2","0","true","https://woodcuttool.com/templates/pantry-cabinet-cut-list/"
"2026-07-18","woodcuttool-maxrects-v1","pantry-cabinet","Pantry cabinet","Cabinets","10","8144.3","8144.3","1","0.125","96","48","94","46","orientation_locked","3","62.8","37.2","0","true","https://woodcuttool.com/templates/pantry-cabinet-cut-list/"
"2026-07-18","woodcuttool-maxrects-v1","pantry-cabinet","Pantry cabinet","Cabinets","10","8144.3","8144.3","1","0.1875","96","48","94","46","rotation_allowed","3","62.8","37.2","0","true","https://woodcuttool.com/templates/pantry-cabinet-cut-list/"
"2026-07-18","woodcuttool-maxrects-v1","pantry-cabinet","Pantry cabinet","Cabinets","10","8144.3","8144.3","1","0.1875","96","48","94","46","orientation_locked","3","62.8","37.2","0","true","https://woodcuttool.com/templates/pantry-cabinet-cut-list/"
"2026-07-18","woodcuttool-maxrects-v1","pantry-cabinet","Pantry cabinet","Cabinets","10","8144.3","8144.3","1","0.25","96","48","94","46","rotation_allowed","3","62.8","37.2","0","true","https://woodcuttool.com/templates/pantry-cabinet-cut-list/"
"2026-07-18","woodcuttool-maxrects-v1","pantry-cabinet","Pantry cabinet","Cabinets","10","8144.3","8144.3","1","0.25","96","48","94","46","orientation_locked","3","62.8","37.2","0","true","https://woodcuttool.com/templates/pantry-cabinet-cut-list/"
"2026-07-18","woodcuttool-maxrects-v1","laundry-cabinet","Laundry room cabinet","Cabinets","7","5495.5","5495.5","0","0","96","48","96","48","rotation_allowed","2","59.6","40.4","0","true","https://woodcuttool.com/templates/laundry-room-cabinet-cut-list/"
"2026-07-18","woodcuttool-maxrects-v1","laundry-cabinet","Laundry room cabinet","Cabinets","7","5495.5","5495.5","0","0","96","48","96","48","orientation_locked","2","59.6","40.4","0","true","https://woodcuttool.com/templates/laundry-room-cabinet-cut-list/"
"2026-07-18","woodcuttool-maxrects-v1","laundry-cabinet","Laundry room cabinet","Cabinets","7","5495.5","5495.5","0","0.03125","96","48","96","48","rotation_allowed","2","59.6","40.4","0","true","https://woodcuttool.com/templates/laundry-room-cabinet-cut-list/"
"2026-07-18","woodcuttool-maxrects-v1","laundry-cabinet","Laundry room cabinet","Cabinets","7","5495.5","5495.5","0","0.03125","96","48","96","48","orientation_locked","2","59.6","40.4","0","true","https://woodcuttool.com/templates/laundry-room-cabinet-cut-list/"
"2026-07-18","woodcuttool-maxrects-v1","laundry-cabinet","Laundry room cabinet","Cabinets","7","5495.5","5495.5","0","0.0625","96","48","96","48","rotation_allowed","2","59.6","40.4","0","true","https://woodcuttool.com/templates/laundry-room-cabinet-cut-list/"
"2026-07-18","woodcuttool-maxrects-v1","laundry-cabinet","Laundry room cabinet","Cabinets","7","5495.5","5495.5","0","0.0625","96","48","96","48","orientation_locked","2","59.6","40.4","0","true","https://woodcuttool.com/templates/laundry-room-cabinet-cut-list/"
"2026-07-18","woodcuttool-maxrects-v1","laundry-cabinet","Laundry room cabinet","Cabinets","7","5495.5","5495.5","0","0.09375","96","48","96","48","rotation_allowed","2","59.6","40.4","0","true","https://woodcuttool.com/templates/laundry-room-cabinet-cut-list/"
"2026-07-18","woodcuttool-maxrects-v1","laundry-cabinet","Laundry room cabinet","Cabinets","7","5495.5","5495.5","0","0.09375","96","48","96","48","orientation_locked","2","59.6","40.4","0","true","https://woodcuttool.com/templates/laundry-room-cabinet-cut-list/"
"2026-07-18","woodcuttool-maxrects-v1","laundry-cabinet","Laundry room cabinet","Cabinets","7","5495.5","5495.5","0","0.125","96","48","96","48","rotation_allowed","2","59.6","40.4","0","true","https://woodcuttool.com/templates/laundry-room-cabinet-cut-list/"
"2026-07-18","woodcuttool-maxrects-v1","laundry-cabinet","Laundry room cabinet","Cabinets","7","5495.5","5495.5","0","0.125","96","48","96","48","orientation_locked","2","59.6","40.4","0","true","https://woodcuttool.com/templates/laundry-room-cabinet-cut-list/"
"2026-07-18","woodcuttool-maxrects-v1","laundry-cabinet","Laundry room cabinet","Cabinets","7","5495.5","5495.5","0","0.1875","96","48","96","48","rotation_allowed","2","59.6","40.4","0","true","https://woodcuttool.com/templates/laundry-room-cabinet-cut-list/"
"2026-07-18","woodcuttool-maxrects-v1","laundry-cabinet","Laundry room cabinet","Cabinets","7","5495.5","5495.5","0","0.1875","96","48","96","48","orientation_locked","2","59.6","40.4","0","true","https://woodcuttool.com/templates/laundry-room-cabinet-cut-list/"
"2026-07-18","woodcuttool-maxrects-v1","laundry-cabinet","Laundry room cabinet","Cabinets","7","5495.5","5495.5","0","0.25","96","48","96","48","rotation_allowed","2","59.6","40.4","0","true","https://woodcuttool.com/templates/laundry-room-cabinet-cut-list/"
"2026-07-18","woodcuttool-maxrects-v1","laundry-cabinet","Laundry room cabinet","Cabinets","7","5495.5","5495.5","0","0.25","96","48","96","48","orientation_locked","2","59.6","40.4","0","true","https://woodcuttool.com/templates/laundry-room-cabinet-cut-list/"
"2026-07-18","woodcuttool-maxrects-v1","laundry-cabinet","Laundry room cabinet","Cabinets","7","5495.5","5495.5","0.125","0","96","48","95.75","47.75","rotation_allowed","2","60.1","39.9","0","true","https://woodcuttool.com/templates/laundry-room-cabinet-cut-list/"
"2026-07-18","woodcuttool-maxrects-v1","laundry-cabinet","Laundry room cabinet","Cabinets","7","5495.5","5495.5","0.125","0","96","48","95.75","47.75","orientation_locked","2","60.1","39.9","0","true","https://woodcuttool.com/templates/laundry-room-cabinet-cut-list/"
"2026-07-18","woodcuttool-maxrects-v1","laundry-cabinet","Laundry room cabinet","Cabinets","7","5495.5","5495.5","0.125","0.03125","96","48","95.75","47.75","rotation_allowed","2","60.1","39.9","0","true","https://woodcuttool.com/templates/laundry-room-cabinet-cut-list/"
"2026-07-18","woodcuttool-maxrects-v1","laundry-cabinet","Laundry room cabinet","Cabinets","7","5495.5","5495.5","0.125","0.03125","96","48","95.75","47.75","orientation_locked","2","60.1","39.9","0","true","https://woodcuttool.com/templates/laundry-room-cabinet-cut-list/"
"2026-07-18","woodcuttool-maxrects-v1","laundry-cabinet","Laundry room cabinet","Cabinets","7","5495.5","5495.5","0.125","0.0625","96","48","95.75","47.75","rotation_allowed","2","60.1","39.9","0","true","https://woodcuttool.com/templates/laundry-room-cabinet-cut-list/"
"2026-07-18","woodcuttool-maxrects-v1","laundry-cabinet","Laundry room cabinet","Cabinets","7","5495.5","5495.5","0.125","0.0625","96","48","95.75","47.75","orientation_locked","2","60.1","39.9","0","true","https://woodcuttool.com/templates/laundry-room-cabinet-cut-list/"
"2026-07-18","woodcuttool-maxrects-v1","laundry-cabinet","Laundry room cabinet","Cabinets","7","5495.5","5495.5","0.125","0.09375","96","48","95.75","47.75","rotation_allowed","2","60.1","39.9","0","true","https://woodcuttool.com/templates/laundry-room-cabinet-cut-list/"
"2026-07-18","woodcuttool-maxrects-v1","laundry-cabinet","Laundry room cabinet","Cabinets","7","5495.5","5495.5","0.125","0.09375","96","48","95.75","47.75","orientation_locked","2","60.1","39.9","0","true","https://woodcuttool.com/templates/laundry-room-cabinet-cut-list/"
"2026-07-18","woodcuttool-maxrects-v1","laundry-cabinet","Laundry room cabinet","Cabinets","7","5495.5","5495.5","0.125","0.125","96","48","95.75","47.75","rotation_allowed","2","60.1","39.9","0","true","https://woodcuttool.com/templates/laundry-room-cabinet-cut-list/"
"2026-07-18","woodcuttool-maxrects-v1","laundry-cabinet","Laundry room cabinet","Cabinets","7","5495.5","5495.5","0.125","0.125","96","48","95.75","47.75","orientation_locked","2","60.1","39.9","0","true","https://woodcuttool.com/templates/laundry-room-cabinet-cut-list/"
"2026-07-18","woodcuttool-maxrects-v1","laundry-cabinet","Laundry room cabinet","Cabinets","7","5495.5","5495.5","0.125","0.1875","96","48","95.75","47.75","rotation_allowed","2","60.1","39.9","0","true","https://woodcuttool.com/templates/laundry-room-cabinet-cut-list/"
"2026-07-18","woodcuttool-maxrects-v1","laundry-cabinet","Laundry room cabinet","Cabinets","7","5495.5","5495.5","0.125","0.1875","96","48","95.75","47.75","orientation_locked","2","60.1","39.9","0","true","https://woodcuttool.com/templates/laundry-room-cabinet-cut-list/"
"2026-07-18","woodcuttool-maxrects-v1","laundry-cabinet","Laundry room cabinet","Cabinets","7","5495.5","5495.5","0.125","0.25","96","48","95.75","47.75","rotation_allowed","2","60.1","39.9","0","true","https://woodcuttool.com/templates/laundry-room-cabinet-cut-list/"
"2026-07-18","woodcuttool-maxrects-v1","laundry-cabinet","Laundry room cabinet","Cabinets","7","5495.5","5495.5","0.125","0.25","96","48","95.75","47.75","orientation_locked","2","60.1","39.9","0","true","https://woodcuttool.com/templates/laundry-room-cabinet-cut-list/"
"2026-07-18","woodcuttool-maxrects-v1","laundry-cabinet","Laundry room cabinet","Cabinets","7","5495.5","5495.5","0.25","0","96","48","95.5","47.5","rotation_allowed","2","60.6","39.4","0","true","https://woodcuttool.com/templates/laundry-room-cabinet-cut-list/"
"2026-07-18","woodcuttool-maxrects-v1","laundry-cabinet","Laundry room cabinet","Cabinets","7","5495.5","5495.5","0.25","0","96","48","95.5","47.5","orientation_locked","2","60.6","39.4","0","true","https://woodcuttool.com/templates/laundry-room-cabinet-cut-list/"
"2026-07-18","woodcuttool-maxrects-v1","laundry-cabinet","Laundry room cabinet","Cabinets","7","5495.5","5495.5","0.25","0.03125","96","48","95.5","47.5","rotation_allowed","2","60.6","39.4","0","true","https://woodcuttool.com/templates/laundry-room-cabinet-cut-list/"
"2026-07-18","woodcuttool-maxrects-v1","laundry-cabinet","Laundry room cabinet","Cabinets","7","5495.5","5495.5","0.25","0.03125","96","48","95.5","47.5","orientation_locked","2","60.6","39.4","0","true","https://woodcuttool.com/templates/laundry-room-cabinet-cut-list/"
"2026-07-18","woodcuttool-maxrects-v1","laundry-cabinet","Laundry room cabinet","Cabinets","7","5495.5","5495.5","0.25","0.0625","96","48","95.5","47.5","rotation_allowed","2","60.6","39.4","0","true","https://woodcuttool.com/templates/laundry-room-cabinet-cut-list/"
"2026-07-18","woodcuttool-maxrects-v1","laundry-cabinet","Laundry room cabinet","Cabinets","7","5495.5","5495.5","0.25","0.0625","96","48","95.5","47.5","orientation_locked","2","60.6","39.4","0","true","https://woodcuttool.com/templates/laundry-room-cabinet-cut-list/"
"2026-07-18","woodcuttool-maxrects-v1","laundry-cabinet","Laundry room cabinet","Cabinets","7","5495.5","5495.5","0.25","0.09375","96","48","95.5","47.5","rotation_allowed","2","60.6","39.4","0","true","https://woodcuttool.com/templates/laundry-room-cabinet-cut-list/"
"2026-07-18","woodcuttool-maxrects-v1","laundry-cabinet","Laundry room cabinet","Cabinets","7","5495.5","5495.5","0.25","0.09375","96","48","95.5","47.5","orientation_locked","2","60.6","39.4","0","true","https://woodcuttool.com/templates/laundry-room-cabinet-cut-list/"
"2026-07-18","woodcuttool-maxrects-v1","laundry-cabinet","Laundry room cabinet","Cabinets","7","5495.5","5495.5","0.25","0.125","96","48","95.5","47.5","rotation_allowed","2","60.6","39.4","0","true","https://woodcuttool.com/templates/laundry-room-cabinet-cut-list/"
"2026-07-18","woodcuttool-maxrects-v1","laundry-cabinet","Laundry room cabinet","Cabinets","7","5495.5","5495.5","0.25","0.125","96","48","95.5","47.5","orientation_locked","2","60.6","39.4","0","true","https://woodcuttool.com/templates/laundry-room-cabinet-cut-list/"
"2026-07-18","woodcuttool-maxrects-v1","laundry-cabinet","Laundry room cabinet","Cabinets","7","5495.5","5495.5","0.25","0.1875","96","48","95.5","47.5","rotation_allowed","2","60.6","39.4","0","true","https://woodcuttool.com/templates/laundry-room-cabinet-cut-list/"
"2026-07-18","woodcuttool-maxrects-v1","laundry-cabinet","Laundry room cabinet","Cabinets","7","5495.5","5495.5","0.25","0.1875","96","48","95.5","47.5","orientation_locked","2","60.6","39.4","0","true","https://woodcuttool.com/templates/laundry-room-cabinet-cut-list/"
"2026-07-18","woodcuttool-maxrects-v1","laundry-cabinet","Laundry room cabinet","Cabinets","7","5495.5","5495.5","0.25","0.25","96","48","95.5","47.5","rotation_allowed","2","60.6","39.4","0","true","https://woodcuttool.com/templates/laundry-room-cabinet-cut-list/"
"2026-07-18","woodcuttool-maxrects-v1","laundry-cabinet","Laundry room cabinet","Cabinets","7","5495.5","5495.5","0.25","0.25","96","48","95.5","47.5","orientation_locked","2","60.6","39.4","0","true","https://woodcuttool.com/templates/laundry-room-cabinet-cut-list/"
"2026-07-18","woodcuttool-maxrects-v1","laundry-cabinet","Laundry room cabinet","Cabinets","7","5495.5","5495.5","0.5","0","96","48","95","47","rotation_allowed","2","61.5","38.5","0","true","https://woodcuttool.com/templates/laundry-room-cabinet-cut-list/"
"2026-07-18","woodcuttool-maxrects-v1","laundry-cabinet","Laundry room cabinet","Cabinets","7","5495.5","5495.5","0.5","0","96","48","95","47","orientation_locked","2","61.5","38.5","0","true","https://woodcuttool.com/templates/laundry-room-cabinet-cut-list/"
"2026-07-18","woodcuttool-maxrects-v1","laundry-cabinet","Laundry room cabinet","Cabinets","7","5495.5","5495.5","0.5","0.03125","96","48","95","47","rotation_allowed","2","61.5","38.5","0","true","https://woodcuttool.com/templates/laundry-room-cabinet-cut-list/"
"2026-07-18","woodcuttool-maxrects-v1","laundry-cabinet","Laundry room cabinet","Cabinets","7","5495.5","5495.5","0.5","0.03125","96","48","95","47","orientation_locked","2","61.5","38.5","0","true","https://woodcuttool.com/templates/laundry-room-cabinet-cut-list/"
"2026-07-18","woodcuttool-maxrects-v1","laundry-cabinet","Laundry room cabinet","Cabinets","7","5495.5","5495.5","0.5","0.0625","96","48","95","47","rotation_allowed","2","61.5","38.5","0","true","https://woodcuttool.com/templates/laundry-room-cabinet-cut-list/"
"2026-07-18","woodcuttool-maxrects-v1","laundry-cabinet","Laundry room cabinet","Cabinets","7","5495.5","5495.5","0.5","0.0625","96","48","95","47","orientation_locked","2","61.5","38.5","0","true","https://woodcuttool.com/templates/laundry-room-cabinet-cut-list/"
"2026-07-18","woodcuttool-maxrects-v1","laundry-cabinet","Laundry room cabinet","Cabinets","7","5495.5","5495.5","0.5","0.09375","96","48","95","47","rotation_allowed","2","61.5","38.5","0","true","https://woodcuttool.com/templates/laundry-room-cabinet-cut-list/"
"2026-07-18","woodcuttool-maxrects-v1","laundry-cabinet","Laundry room cabinet","Cabinets","7","5495.5","5495.5","0.5","0.09375","96","48","95","47","orientation_locked","2","61.5","38.5","0","true","https://woodcuttool.com/templates/laundry-room-cabinet-cut-list/"
"2026-07-18","woodcuttool-maxrects-v1","laundry-cabinet","Laundry room cabinet","Cabinets","7","5495.5","5495.5","0.5","0.125","96","48","95","47","rotation_allowed","2","61.5","38.5","0","true","https://woodcuttool.com/templates/laundry-room-cabinet-cut-list/"
"2026-07-18","woodcuttool-maxrects-v1","laundry-cabinet","Laundry room cabinet","Cabinets","7","5495.5","5495.5","0.5","0.125","96","48","95","47","orientation_locked","2","61.5","38.5","0","true","https://woodcuttool.com/templates/laundry-room-cabinet-cut-list/"
"2026-07-18","woodcuttool-maxrects-v1","laundry-cabinet","Laundry room cabinet","Cabinets","7","5495.5","5495.5","0.5","0.1875","96","48","95","47","rotation_allowed","2","61.5","38.5","0","true","https://woodcuttool.com/templates/laundry-room-cabinet-cut-list/"
"2026-07-18","woodcuttool-maxrects-v1","laundry-cabinet","Laundry room cabinet","Cabinets","7","5495.5","5495.5","0.5","0.1875","96","48","95","47","orientation_locked","2","61.5","38.5","0","true","https://woodcuttool.com/templates/laundry-room-cabinet-cut-list/"
"2026-07-18","woodcuttool-maxrects-v1","laundry-cabinet","Laundry room cabinet","Cabinets","7","5495.5","5495.5","0.5","0.25","96","48","95","47","rotation_allowed","2","61.5","38.5","0","true","https://woodcuttool.com/templates/laundry-room-cabinet-cut-list/"
"2026-07-18","woodcuttool-maxrects-v1","laundry-cabinet","Laundry room cabinet","Cabinets","7","5495.5","5495.5","0.5","0.25","96","48","95","47","orientation_locked","2","61.5","38.5","0","true","https://woodcuttool.com/templates/laundry-room-cabinet-cut-list/"
"2026-07-18","woodcuttool-maxrects-v1","laundry-cabinet","Laundry room cabinet","Cabinets","7","5495.5","5495.5","1","0","96","48","94","46","rotation_allowed","2","63.5","36.5","0","true","https://woodcuttool.com/templates/laundry-room-cabinet-cut-list/"
"2026-07-18","woodcuttool-maxrects-v1","laundry-cabinet","Laundry room cabinet","Cabinets","7","5495.5","5495.5","1","0","96","48","94","46","orientation_locked","2","63.5","36.5","0","true","https://woodcuttool.com/templates/laundry-room-cabinet-cut-list/"
"2026-07-18","woodcuttool-maxrects-v1","laundry-cabinet","Laundry room cabinet","Cabinets","7","5495.5","5495.5","1","0.03125","96","48","94","46","rotation_allowed","2","63.5","36.5","0","true","https://woodcuttool.com/templates/laundry-room-cabinet-cut-list/"
"2026-07-18","woodcuttool-maxrects-v1","laundry-cabinet","Laundry room cabinet","Cabinets","7","5495.5","5495.5","1","0.03125","96","48","94","46","orientation_locked","2","63.5","36.5","0","true","https://woodcuttool.com/templates/laundry-room-cabinet-cut-list/"
"2026-07-18","woodcuttool-maxrects-v1","laundry-cabinet","Laundry room cabinet","Cabinets","7","5495.5","5495.5","1","0.0625","96","48","94","46","rotation_allowed","2","63.5","36.5","0","true","https://woodcuttool.com/templates/laundry-room-cabinet-cut-list/"
"2026-07-18","woodcuttool-maxrects-v1","laundry-cabinet","Laundry room cabinet","Cabinets","7","5495.5","5495.5","1","0.0625","96","48","94","46","orientation_locked","2","63.5","36.5","0","true","https://woodcuttool.com/templates/laundry-room-cabinet-cut-list/"
"2026-07-18","woodcuttool-maxrects-v1","laundry-cabinet","Laundry room cabinet","Cabinets","7","5495.5","5495.5","1","0.09375","96","48","94","46","rotation_allowed","2","63.5","36.5","0","true","https://woodcuttool.com/templates/laundry-room-cabinet-cut-list/"
"2026-07-18","woodcuttool-maxrects-v1","laundry-cabinet","Laundry room cabinet","Cabinets","7","5495.5","5495.5","1","0.09375","96","48","94","46","orientation_locked","2","63.5","36.5","0","true","https://woodcuttool.com/templates/laundry-room-cabinet-cut-list/"
"2026-07-18","woodcuttool-maxrects-v1","laundry-cabinet","Laundry room cabinet","Cabinets","7","5495.5","5495.5","1","0.125","96","48","94","46","rotation_allowed","2","63.5","36.5","0","true","https://woodcuttool.com/templates/laundry-room-cabinet-cut-list/"
"2026-07-18","woodcuttool-maxrects-v1","laundry-cabinet","Laundry room cabinet","Cabinets","7","5495.5","5495.5","1","0.125","96","48","94","46","orientation_locked","2","63.5","36.5","0","true","https://woodcuttool.com/templates/laundry-room-cabinet-cut-list/"
"2026-07-18","woodcuttool-maxrects-v1","laundry-cabinet","Laundry room cabinet","Cabinets","7","5495.5","5495.5","1","0.1875","96","48","94","46","rotation_allowed","2","63.5","36.5","0","true","https://woodcuttool.com/templates/laundry-room-cabinet-cut-list/"
"2026-07-18","woodcuttool-maxrects-v1","laundry-cabinet","Laundry room cabinet","Cabinets","7","5495.5","5495.5","1","0.1875","96","48","94","46","orientation_locked","2","63.5","36.5","0","true","https://woodcuttool.com/templates/laundry-room-cabinet-cut-list/"
"2026-07-18","woodcuttool-maxrects-v1","laundry-cabinet","Laundry room cabinet","Cabinets","7","5495.5","5495.5","1","0.25","96","48","94","46","rotation_allowed","2","63.5","36.5","0","true","https://woodcuttool.com/templates/laundry-room-cabinet-cut-list/"
"2026-07-18","woodcuttool-maxrects-v1","laundry-cabinet","Laundry room cabinet","Cabinets","7","5495.5","5495.5","1","0.25","96","48","94","46","orientation_locked","2","63.5","36.5","0","true","https://woodcuttool.com/templates/laundry-room-cabinet-cut-list/"
"2026-07-18","woodcuttool-maxrects-v1","shop-cabinet","Shop storage cabinet","Cabinets","9","9357","9357","0","0","96","48","96","48","rotation_allowed","3","67.7","32.3","0","true","https://woodcuttool.com/templates/shop-storage-cabinet-cut-list/"
"2026-07-18","woodcuttool-maxrects-v1","shop-cabinet","Shop storage cabinet","Cabinets","9","9357","9357","0","0","96","48","96","48","orientation_locked","4","50.8","49.2","0","true","https://woodcuttool.com/templates/shop-storage-cabinet-cut-list/"
"2026-07-18","woodcuttool-maxrects-v1","shop-cabinet","Shop storage cabinet","Cabinets","9","9357","9357","0","0.03125","96","48","96","48","rotation_allowed","3","67.7","32.3","0","true","https://woodcuttool.com/templates/shop-storage-cabinet-cut-list/"
"2026-07-18","woodcuttool-maxrects-v1","shop-cabinet","Shop storage cabinet","Cabinets","9","9357","9357","0","0.03125","96","48","96","48","orientation_locked","4","50.8","49.2","0","true","https://woodcuttool.com/templates/shop-storage-cabinet-cut-list/"
"2026-07-18","woodcuttool-maxrects-v1","shop-cabinet","Shop storage cabinet","Cabinets","9","9357","9357","0","0.0625","96","48","96","48","rotation_allowed","3","67.7","32.3","0","true","https://woodcuttool.com/templates/shop-storage-cabinet-cut-list/"
"2026-07-18","woodcuttool-maxrects-v1","shop-cabinet","Shop storage cabinet","Cabinets","9","9357","9357","0","0.0625","96","48","96","48","orientation_locked","4","50.8","49.2","0","true","https://woodcuttool.com/templates/shop-storage-cabinet-cut-list/"
"2026-07-18","woodcuttool-maxrects-v1","shop-cabinet","Shop storage cabinet","Cabinets","9","9357","9357","0","0.09375","96","48","96","48","rotation_allowed","3","67.7","32.3","0","true","https://woodcuttool.com/templates/shop-storage-cabinet-cut-list/"
"2026-07-18","woodcuttool-maxrects-v1","shop-cabinet","Shop storage cabinet","Cabinets","9","9357","9357","0","0.09375","96","48","96","48","orientation_locked","4","50.8","49.2","0","true","https://woodcuttool.com/templates/shop-storage-cabinet-cut-list/"
"2026-07-18","woodcuttool-maxrects-v1","shop-cabinet","Shop storage cabinet","Cabinets","9","9357","9357","0","0.125","96","48","96","48","rotation_allowed","3","67.7","32.3","0","true","https://woodcuttool.com/templates/shop-storage-cabinet-cut-list/"
"2026-07-18","woodcuttool-maxrects-v1","shop-cabinet","Shop storage cabinet","Cabinets","9","9357","9357","0","0.125","96","48","96","48","orientation_locked","4","50.8","49.2","0","true","https://woodcuttool.com/templates/shop-storage-cabinet-cut-list/"
"2026-07-18","woodcuttool-maxrects-v1","shop-cabinet","Shop storage cabinet","Cabinets","9","9357","9357","0","0.1875","96","48","96","48","rotation_allowed","3","67.7","32.3","0","true","https://woodcuttool.com/templates/shop-storage-cabinet-cut-list/"
"2026-07-18","woodcuttool-maxrects-v1","shop-cabinet","Shop storage cabinet","Cabinets","9","9357","9357","0","0.1875","96","48","96","48","orientation_locked","4","50.8","49.2","0","true","https://woodcuttool.com/templates/shop-storage-cabinet-cut-list/"
"2026-07-18","woodcuttool-maxrects-v1","shop-cabinet","Shop storage cabinet","Cabinets","9","9357","9357","0","0.25","96","48","96","48","rotation_allowed","3","67.7","32.3","0","true","https://woodcuttool.com/templates/shop-storage-cabinet-cut-list/"
"2026-07-18","woodcuttool-maxrects-v1","shop-cabinet","Shop storage cabinet","Cabinets","9","9357","9357","0","0.25","96","48","96","48","orientation_locked","4","50.8","49.2","0","true","https://woodcuttool.com/templates/shop-storage-cabinet-cut-list/"
"2026-07-18","woodcuttool-maxrects-v1","shop-cabinet","Shop storage cabinet","Cabinets","9","9357","9357","0.125","0","96","48","95.75","47.75","rotation_allowed","3","68.2","31.8","0","true","https://woodcuttool.com/templates/shop-storage-cabinet-cut-list/"
"2026-07-18","woodcuttool-maxrects-v1","shop-cabinet","Shop storage cabinet","Cabinets","9","9357","9357","0.125","0","96","48","95.75","47.75","orientation_locked","4","51.2","48.8","0","true","https://woodcuttool.com/templates/shop-storage-cabinet-cut-list/"
"2026-07-18","woodcuttool-maxrects-v1","shop-cabinet","Shop storage cabinet","Cabinets","9","9357","9357","0.125","0.03125","96","48","95.75","47.75","rotation_allowed","3","68.2","31.8","0","true","https://woodcuttool.com/templates/shop-storage-cabinet-cut-list/"
"2026-07-18","woodcuttool-maxrects-v1","shop-cabinet","Shop storage cabinet","Cabinets","9","9357","9357","0.125","0.03125","96","48","95.75","47.75","orientation_locked","4","51.2","48.8","0","true","https://woodcuttool.com/templates/shop-storage-cabinet-cut-list/"
"2026-07-18","woodcuttool-maxrects-v1","shop-cabinet","Shop storage cabinet","Cabinets","9","9357","9357","0.125","0.0625","96","48","95.75","47.75","rotation_allowed","3","68.2","31.8","0","true","https://woodcuttool.com/templates/shop-storage-cabinet-cut-list/"
"2026-07-18","woodcuttool-maxrects-v1","shop-cabinet","Shop storage cabinet","Cabinets","9","9357","9357","0.125","0.0625","96","48","95.75","47.75","orientation_locked","4","51.2","48.8","0","true","https://woodcuttool.com/templates/shop-storage-cabinet-cut-list/"
"2026-07-18","woodcuttool-maxrects-v1","shop-cabinet","Shop storage cabinet","Cabinets","9","9357","9357","0.125","0.09375","96","48","95.75","47.75","rotation_allowed","3","68.2","31.8","0","true","https://woodcuttool.com/templates/shop-storage-cabinet-cut-list/"
"2026-07-18","woodcuttool-maxrects-v1","shop-cabinet","Shop storage cabinet","Cabinets","9","9357","9357","0.125","0.09375","96","48","95.75","47.75","orientation_locked","4","51.2","48.8","0","true","https://woodcuttool.com/templates/shop-storage-cabinet-cut-list/"
"2026-07-18","woodcuttool-maxrects-v1","shop-cabinet","Shop storage cabinet","Cabinets","9","9357","9357","0.125","0.125","96","48","95.75","47.75","rotation_allowed","3","68.2","31.8","0","true","https://woodcuttool.com/templates/shop-storage-cabinet-cut-list/"
"2026-07-18","woodcuttool-maxrects-v1","shop-cabinet","Shop storage cabinet","Cabinets","9","9357","9357","0.125","0.125","96","48","95.75","47.75","orientation_locked","4","51.2","48.8","0","true","https://woodcuttool.com/templates/shop-storage-cabinet-cut-list/"
"2026-07-18","woodcuttool-maxrects-v1","shop-cabinet","Shop storage cabinet","Cabinets","9","9357","9357","0.125","0.1875","96","48","95.75","47.75","rotation_allowed","3","68.2","31.8","0","true","https://woodcuttool.com/templates/shop-storage-cabinet-cut-list/"
"2026-07-18","woodcuttool-maxrects-v1","shop-cabinet","Shop storage cabinet","Cabinets","9","9357","9357","0.125","0.1875","96","48","95.75","47.75","orientation_locked","4","51.2","48.8","0","true","https://woodcuttool.com/templates/shop-storage-cabinet-cut-list/"
"2026-07-18","woodcuttool-maxrects-v1","shop-cabinet","Shop storage cabinet","Cabinets","9","9357","9357","0.125","0.25","96","48","95.75","47.75","rotation_allowed","3","68.2","31.8","0","true","https://woodcuttool.com/templates/shop-storage-cabinet-cut-list/"
"2026-07-18","woodcuttool-maxrects-v1","shop-cabinet","Shop storage cabinet","Cabinets","9","9357","9357","0.125","0.25","96","48","95.75","47.75","orientation_locked","4","51.2","48.8","0","true","https://woodcuttool.com/templates/shop-storage-cabinet-cut-list/"
"2026-07-18","woodcuttool-maxrects-v1","shop-cabinet","Shop storage cabinet","Cabinets","9","9357","9357","0.25","0","96","48","95.5","47.5","rotation_allowed","3","68.8","31.2","0","true","https://woodcuttool.com/templates/shop-storage-cabinet-cut-list/"
"2026-07-18","woodcuttool-maxrects-v1","shop-cabinet","Shop storage cabinet","Cabinets","9","9357","9357","0.25","0","96","48","95.5","47.5","orientation_locked","4","51.6","48.4","0","true","https://woodcuttool.com/templates/shop-storage-cabinet-cut-list/"
"2026-07-18","woodcuttool-maxrects-v1","shop-cabinet","Shop storage cabinet","Cabinets","9","9357","9357","0.25","0.03125","96","48","95.5","47.5","rotation_allowed","3","68.8","31.2","0","true","https://woodcuttool.com/templates/shop-storage-cabinet-cut-list/"
"2026-07-18","woodcuttool-maxrects-v1","shop-cabinet","Shop storage cabinet","Cabinets","9","9357","9357","0.25","0.03125","96","48","95.5","47.5","orientation_locked","4","51.6","48.4","0","true","https://woodcuttool.com/templates/shop-storage-cabinet-cut-list/"
"2026-07-18","woodcuttool-maxrects-v1","shop-cabinet","Shop storage cabinet","Cabinets","9","9357","9357","0.25","0.0625","96","48","95.5","47.5","rotation_allowed","3","68.8","31.2","0","true","https://woodcuttool.com/templates/shop-storage-cabinet-cut-list/"
"2026-07-18","woodcuttool-maxrects-v1","shop-cabinet","Shop storage cabinet","Cabinets","9","9357","9357","0.25","0.0625","96","48","95.5","47.5","orientation_locked","4","51.6","48.4","0","true","https://woodcuttool.com/templates/shop-storage-cabinet-cut-list/"
"2026-07-18","woodcuttool-maxrects-v1","shop-cabinet","Shop storage cabinet","Cabinets","9","9357","9357","0.25","0.09375","96","48","95.5","47.5","rotation_allowed","3","68.8","31.2","0","true","https://woodcuttool.com/templates/shop-storage-cabinet-cut-list/"
"2026-07-18","woodcuttool-maxrects-v1","shop-cabinet","Shop storage cabinet","Cabinets","9","9357","9357","0.25","0.09375","96","48","95.5","47.5","orientation_locked","4","51.6","48.4","0","true","https://woodcuttool.com/templates/shop-storage-cabinet-cut-list/"
"2026-07-18","woodcuttool-maxrects-v1","shop-cabinet","Shop storage cabinet","Cabinets","9","9357","9357","0.25","0.125","96","48","95.5","47.5","rotation_allowed","3","68.8","31.2","0","true","https://woodcuttool.com/templates/shop-storage-cabinet-cut-list/"
"2026-07-18","woodcuttool-maxrects-v1","shop-cabinet","Shop storage cabinet","Cabinets","9","9357","9357","0.25","0.125","96","48","95.5","47.5","orientation_locked","4","51.6","48.4","0","true","https://woodcuttool.com/templates/shop-storage-cabinet-cut-list/"
"2026-07-18","woodcuttool-maxrects-v1","shop-cabinet","Shop storage cabinet","Cabinets","9","9357","9357","0.25","0.1875","96","48","95.5","47.5","rotation_allowed","3","68.8","31.2","0","true","https://woodcuttool.com/templates/shop-storage-cabinet-cut-list/"
"2026-07-18","woodcuttool-maxrects-v1","shop-cabinet","Shop storage cabinet","Cabinets","9","9357","9357","0.25","0.1875","96","48","95.5","47.5","orientation_locked","4","51.6","48.4","0","true","https://woodcuttool.com/templates/shop-storage-cabinet-cut-list/"
"2026-07-18","woodcuttool-maxrects-v1","shop-cabinet","Shop storage cabinet","Cabinets","9","9357","9357","0.25","0.25","96","48","95.5","47.5","rotation_allowed","3","68.8","31.2","0","true","https://woodcuttool.com/templates/shop-storage-cabinet-cut-list/"
"2026-07-18","woodcuttool-maxrects-v1","shop-cabinet","Shop storage cabinet","Cabinets","9","9357","9357","0.25","0.25","96","48","95.5","47.5","orientation_locked","4","51.6","48.4","0","true","https://woodcuttool.com/templates/shop-storage-cabinet-cut-list/"
"2026-07-18","woodcuttool-maxrects-v1","shop-cabinet","Shop storage cabinet","Cabinets","9","9357","9357","0.5","0","96","48","95","47","rotation_allowed","3","69.9","30.1","0","true","https://woodcuttool.com/templates/shop-storage-cabinet-cut-list/"
"2026-07-18","woodcuttool-maxrects-v1","shop-cabinet","Shop storage cabinet","Cabinets","9","9357","9357","0.5","0","96","48","95","47","orientation_locked","4","52.4","47.6","0","true","https://woodcuttool.com/templates/shop-storage-cabinet-cut-list/"
"2026-07-18","woodcuttool-maxrects-v1","shop-cabinet","Shop storage cabinet","Cabinets","9","9357","9357","0.5","0.03125","96","48","95","47","rotation_allowed","3","69.9","30.1","0","true","https://woodcuttool.com/templates/shop-storage-cabinet-cut-list/"
"2026-07-18","woodcuttool-maxrects-v1","shop-cabinet","Shop storage cabinet","Cabinets","9","9357","9357","0.5","0.03125","96","48","95","47","orientation_locked","4","52.4","47.6","0","true","https://woodcuttool.com/templates/shop-storage-cabinet-cut-list/"
"2026-07-18","woodcuttool-maxrects-v1","shop-cabinet","Shop storage cabinet","Cabinets","9","9357","9357","0.5","0.0625","96","48","95","47","rotation_allowed","3","69.9","30.1","0","true","https://woodcuttool.com/templates/shop-storage-cabinet-cut-list/"
"2026-07-18","woodcuttool-maxrects-v1","shop-cabinet","Shop storage cabinet","Cabinets","9","9357","9357","0.5","0.0625","96","48","95","47","orientation_locked","4","52.4","47.6","0","true","https://woodcuttool.com/templates/shop-storage-cabinet-cut-list/"
"2026-07-18","woodcuttool-maxrects-v1","shop-cabinet","Shop storage cabinet","Cabinets","9","9357","9357","0.5","0.09375","96","48","95","47","rotation_allowed","3","69.9","30.1","0","true","https://woodcuttool.com/templates/shop-storage-cabinet-cut-list/"
"2026-07-18","woodcuttool-maxrects-v1","shop-cabinet","Shop storage cabinet","Cabinets","9","9357","9357","0.5","0.09375","96","48","95","47","orientation_locked","4","52.4","47.6","0","true","https://woodcuttool.com/templates/shop-storage-cabinet-cut-list/"
"2026-07-18","woodcuttool-maxrects-v1","shop-cabinet","Shop storage cabinet","Cabinets","9","9357","9357","0.5","0.125","96","48","95","47","rotation_allowed","3","69.9","30.1","0","true","https://woodcuttool.com/templates/shop-storage-cabinet-cut-list/"
"2026-07-18","woodcuttool-maxrects-v1","shop-cabinet","Shop storage cabinet","Cabinets","9","9357","9357","0.5","0.125","96","48","95","47","orientation_locked","4","52.4","47.6","0","true","https://woodcuttool.com/templates/shop-storage-cabinet-cut-list/"
"2026-07-18","woodcuttool-maxrects-v1","shop-cabinet","Shop storage cabinet","Cabinets","9","9357","9357","0.5","0.1875","96","48","95","47","rotation_allowed","3","69.9","30.1","0","true","https://woodcuttool.com/templates/shop-storage-cabinet-cut-list/"
"2026-07-18","woodcuttool-maxrects-v1","shop-cabinet","Shop storage cabinet","Cabinets","9","9357","9357","0.5","0.1875","96","48","95","47","orientation_locked","4","52.4","47.6","0","true","https://woodcuttool.com/templates/shop-storage-cabinet-cut-list/"
"2026-07-18","woodcuttool-maxrects-v1","shop-cabinet","Shop storage cabinet","Cabinets","9","9357","9357","0.5","0.25","96","48","95","47","rotation_allowed","3","69.9","30.1","0","true","https://woodcuttool.com/templates/shop-storage-cabinet-cut-list/"
"2026-07-18","woodcuttool-maxrects-v1","shop-cabinet","Shop storage cabinet","Cabinets","9","9357","9357","0.5","0.25","96","48","95","47","orientation_locked","4","52.4","47.6","0","true","https://woodcuttool.com/templates/shop-storage-cabinet-cut-list/"
"2026-07-18","woodcuttool-maxrects-v1","shop-cabinet","Shop storage cabinet","Cabinets","9","9357","9357","1","0","96","48","94","46","rotation_allowed","3","72.1","27.9","0","true","https://woodcuttool.com/templates/shop-storage-cabinet-cut-list/"
"2026-07-18","woodcuttool-maxrects-v1","shop-cabinet","Shop storage cabinet","Cabinets","9","9357","9357","1","0","96","48","94","46","orientation_locked","4","54.1","45.9","0","true","https://woodcuttool.com/templates/shop-storage-cabinet-cut-list/"
"2026-07-18","woodcuttool-maxrects-v1","shop-cabinet","Shop storage cabinet","Cabinets","9","9357","9357","1","0.03125","96","48","94","46","rotation_allowed","3","72.1","27.9","0","true","https://woodcuttool.com/templates/shop-storage-cabinet-cut-list/"
"2026-07-18","woodcuttool-maxrects-v1","shop-cabinet","Shop storage cabinet","Cabinets","9","9357","9357","1","0.03125","96","48","94","46","orientation_locked","4","54.1","45.9","0","true","https://woodcuttool.com/templates/shop-storage-cabinet-cut-list/"
"2026-07-18","woodcuttool-maxrects-v1","shop-cabinet","Shop storage cabinet","Cabinets","9","9357","9357","1","0.0625","96","48","94","46","rotation_allowed","3","72.1","27.9","0","true","https://woodcuttool.com/templates/shop-storage-cabinet-cut-list/"
"2026-07-18","woodcuttool-maxrects-v1","shop-cabinet","Shop storage cabinet","Cabinets","9","9357","9357","1","0.0625","96","48","94","46","orientation_locked","4","54.1","45.9","0","true","https://woodcuttool.com/templates/shop-storage-cabinet-cut-list/"
"2026-07-18","woodcuttool-maxrects-v1","shop-cabinet","Shop storage cabinet","Cabinets","9","9357","9357","1","0.09375","96","48","94","46","rotation_allowed","3","72.1","27.9","0","true","https://woodcuttool.com/templates/shop-storage-cabinet-cut-list/"
"2026-07-18","woodcuttool-maxrects-v1","shop-cabinet","Shop storage cabinet","Cabinets","9","9357","9357","1","0.09375","96","48","94","46","orientation_locked","4","54.1","45.9","0","true","https://woodcuttool.com/templates/shop-storage-cabinet-cut-list/"
"2026-07-18","woodcuttool-maxrects-v1","shop-cabinet","Shop storage cabinet","Cabinets","9","9357","9357","1","0.125","96","48","94","46","rotation_allowed","3","72.1","27.9","0","true","https://woodcuttool.com/templates/shop-storage-cabinet-cut-list/"
"2026-07-18","woodcuttool-maxrects-v1","shop-cabinet","Shop storage cabinet","Cabinets","9","9357","9357","1","0.125","96","48","94","46","orientation_locked","4","54.1","45.9","0","true","https://woodcuttool.com/templates/shop-storage-cabinet-cut-list/"
"2026-07-18","woodcuttool-maxrects-v1","shop-cabinet","Shop storage cabinet","Cabinets","9","9357","9357","1","0.1875","96","48","94","46","rotation_allowed","3","72.1","27.9","0","true","https://woodcuttool.com/templates/shop-storage-cabinet-cut-list/"
"2026-07-18","woodcuttool-maxrects-v1","shop-cabinet","Shop storage cabinet","Cabinets","9","9357","9357","1","0.1875","96","48","94","46","orientation_locked","4","54.1","45.9","0","true","https://woodcuttool.com/templates/shop-storage-cabinet-cut-list/"
"2026-07-18","woodcuttool-maxrects-v1","shop-cabinet","Shop storage cabinet","Cabinets","9","9357","9357","1","0.25","96","48","94","46","rotation_allowed","3","72.1","27.9","0","true","https://woodcuttool.com/templates/shop-storage-cabinet-cut-list/"
"2026-07-18","woodcuttool-maxrects-v1","shop-cabinet","Shop storage cabinet","Cabinets","9","9357","9357","1","0.25","96","48","94","46","orientation_locked","4","54.1","45.9","0","true","https://woodcuttool.com/templates/shop-storage-cabinet-cut-list/"
"2026-07-18","woodcuttool-maxrects-v1","bookshelf","Bookshelf","Storage","9","5607","5607","0","0","96","48","96","48","rotation_allowed","2","60.8","39.2","0","true","https://woodcuttool.com/templates/bookshelf-cut-list/"
"2026-07-18","woodcuttool-maxrects-v1","bookshelf","Bookshelf","Storage","9","5607","5607","0","0","96","48","96","48","orientation_locked","2","60.8","39.2","0","true","https://woodcuttool.com/templates/bookshelf-cut-list/"
"2026-07-18","woodcuttool-maxrects-v1","bookshelf","Bookshelf","Storage","9","5607","5607","0","0.03125","96","48","96","48","rotation_allowed","2","60.8","39.2","0","true","https://woodcuttool.com/templates/bookshelf-cut-list/"
"2026-07-18","woodcuttool-maxrects-v1","bookshelf","Bookshelf","Storage","9","5607","5607","0","0.03125","96","48","96","48","orientation_locked","2","60.8","39.2","0","true","https://woodcuttool.com/templates/bookshelf-cut-list/"
"2026-07-18","woodcuttool-maxrects-v1","bookshelf","Bookshelf","Storage","9","5607","5607","0","0.0625","96","48","96","48","rotation_allowed","2","60.8","39.2","0","true","https://woodcuttool.com/templates/bookshelf-cut-list/"
"2026-07-18","woodcuttool-maxrects-v1","bookshelf","Bookshelf","Storage","9","5607","5607","0","0.0625","96","48","96","48","orientation_locked","2","60.8","39.2","0","true","https://woodcuttool.com/templates/bookshelf-cut-list/"
"2026-07-18","woodcuttool-maxrects-v1","bookshelf","Bookshelf","Storage","9","5607","5607","0","0.09375","96","48","96","48","rotation_allowed","2","60.8","39.2","0","true","https://woodcuttool.com/templates/bookshelf-cut-list/"
"2026-07-18","woodcuttool-maxrects-v1","bookshelf","Bookshelf","Storage","9","5607","5607","0","0.09375","96","48","96","48","orientation_locked","2","60.8","39.2","0","true","https://woodcuttool.com/templates/bookshelf-cut-list/"
"2026-07-18","woodcuttool-maxrects-v1","bookshelf","Bookshelf","Storage","9","5607","5607","0","0.125","96","48","96","48","rotation_allowed","2","60.8","39.2","0","true","https://woodcuttool.com/templates/bookshelf-cut-list/"
"2026-07-18","woodcuttool-maxrects-v1","bookshelf","Bookshelf","Storage","9","5607","5607","0","0.125","96","48","96","48","orientation_locked","2","60.8","39.2","0","true","https://woodcuttool.com/templates/bookshelf-cut-list/"
"2026-07-18","woodcuttool-maxrects-v1","bookshelf","Bookshelf","Storage","9","5607","5607","0","0.1875","96","48","96","48","rotation_allowed","2","60.8","39.2","0","true","https://woodcuttool.com/templates/bookshelf-cut-list/"
"2026-07-18","woodcuttool-maxrects-v1","bookshelf","Bookshelf","Storage","9","5607","5607","0","0.1875","96","48","96","48","orientation_locked","2","60.8","39.2","0","true","https://woodcuttool.com/templates/bookshelf-cut-list/"
"2026-07-18","woodcuttool-maxrects-v1","bookshelf","Bookshelf","Storage","9","5607","5607","0","0.25","96","48","96","48","rotation_allowed","2","60.8","39.2","0","true","https://woodcuttool.com/templates/bookshelf-cut-list/"
"2026-07-18","woodcuttool-maxrects-v1","bookshelf","Bookshelf","Storage","9","5607","5607","0","0.25","96","48","96","48","orientation_locked","2","60.8","39.2","0","true","https://woodcuttool.com/templates/bookshelf-cut-list/"
"2026-07-18","woodcuttool-maxrects-v1","bookshelf","Bookshelf","Storage","9","5607","5607","0.125","0","96","48","95.75","47.75","rotation_allowed","2","61.3","38.7","0","true","https://woodcuttool.com/templates/bookshelf-cut-list/"
"2026-07-18","woodcuttool-maxrects-v1","bookshelf","Bookshelf","Storage","9","5607","5607","0.125","0","96","48","95.75","47.75","orientation_locked","2","61.3","38.7","0","true","https://woodcuttool.com/templates/bookshelf-cut-list/"
"2026-07-18","woodcuttool-maxrects-v1","bookshelf","Bookshelf","Storage","9","5607","5607","0.125","0.03125","96","48","95.75","47.75","rotation_allowed","2","61.3","38.7","0","true","https://woodcuttool.com/templates/bookshelf-cut-list/"
"2026-07-18","woodcuttool-maxrects-v1","bookshelf","Bookshelf","Storage","9","5607","5607","0.125","0.03125","96","48","95.75","47.75","orientation_locked","2","61.3","38.7","0","true","https://woodcuttool.com/templates/bookshelf-cut-list/"
"2026-07-18","woodcuttool-maxrects-v1","bookshelf","Bookshelf","Storage","9","5607","5607","0.125","0.0625","96","48","95.75","47.75","rotation_allowed","2","61.3","38.7","0","true","https://woodcuttool.com/templates/bookshelf-cut-list/"
"2026-07-18","woodcuttool-maxrects-v1","bookshelf","Bookshelf","Storage","9","5607","5607","0.125","0.0625","96","48","95.75","47.75","orientation_locked","2","61.3","38.7","0","true","https://woodcuttool.com/templates/bookshelf-cut-list/"
"2026-07-18","woodcuttool-maxrects-v1","bookshelf","Bookshelf","Storage","9","5607","5607","0.125","0.09375","96","48","95.75","47.75","rotation_allowed","2","61.3","38.7","0","true","https://woodcuttool.com/templates/bookshelf-cut-list/"
"2026-07-18","woodcuttool-maxrects-v1","bookshelf","Bookshelf","Storage","9","5607","5607","0.125","0.09375","96","48","95.75","47.75","orientation_locked","2","61.3","38.7","0","true","https://woodcuttool.com/templates/bookshelf-cut-list/"
"2026-07-18","woodcuttool-maxrects-v1","bookshelf","Bookshelf","Storage","9","5607","5607","0.125","0.125","96","48","95.75","47.75","rotation_allowed","2","61.3","38.7","0","true","https://woodcuttool.com/templates/bookshelf-cut-list/"
"2026-07-18","woodcuttool-maxrects-v1","bookshelf","Bookshelf","Storage","9","5607","5607","0.125","0.125","96","48","95.75","47.75","orientation_locked","2","61.3","38.7","0","true","https://woodcuttool.com/templates/bookshelf-cut-list/"
"2026-07-18","woodcuttool-maxrects-v1","bookshelf","Bookshelf","Storage","9","5607","5607","0.125","0.1875","96","48","95.75","47.75","rotation_allowed","2","61.3","38.7","0","true","https://woodcuttool.com/templates/bookshelf-cut-list/"
"2026-07-18","woodcuttool-maxrects-v1","bookshelf","Bookshelf","Storage","9","5607","5607","0.125","0.1875","96","48","95.75","47.75","orientation_locked","2","61.3","38.7","0","true","https://woodcuttool.com/templates/bookshelf-cut-list/"
"2026-07-18","woodcuttool-maxrects-v1","bookshelf","Bookshelf","Storage","9","5607","5607","0.125","0.25","96","48","95.75","47.75","rotation_allowed","2","61.3","38.7","0","true","https://woodcuttool.com/templates/bookshelf-cut-list/"
"2026-07-18","woodcuttool-maxrects-v1","bookshelf","Bookshelf","Storage","9","5607","5607","0.125","0.25","96","48","95.75","47.75","orientation_locked","2","61.3","38.7","0","true","https://woodcuttool.com/templates/bookshelf-cut-list/"
"2026-07-18","woodcuttool-maxrects-v1","bookshelf","Bookshelf","Storage","9","5607","5607","0.25","0","96","48","95.5","47.5","rotation_allowed","2","61.8","38.2","0","true","https://woodcuttool.com/templates/bookshelf-cut-list/"
"2026-07-18","woodcuttool-maxrects-v1","bookshelf","Bookshelf","Storage","9","5607","5607","0.25","0","96","48","95.5","47.5","orientation_locked","2","61.8","38.2","0","true","https://woodcuttool.com/templates/bookshelf-cut-list/"
"2026-07-18","woodcuttool-maxrects-v1","bookshelf","Bookshelf","Storage","9","5607","5607","0.25","0.03125","96","48","95.5","47.5","rotation_allowed","2","61.8","38.2","0","true","https://woodcuttool.com/templates/bookshelf-cut-list/"
"2026-07-18","woodcuttool-maxrects-v1","bookshelf","Bookshelf","Storage","9","5607","5607","0.25","0.03125","96","48","95.5","47.5","orientation_locked","2","61.8","38.2","0","true","https://woodcuttool.com/templates/bookshelf-cut-list/"
"2026-07-18","woodcuttool-maxrects-v1","bookshelf","Bookshelf","Storage","9","5607","5607","0.25","0.0625","96","48","95.5","47.5","rotation_allowed","2","61.8","38.2","0","true","https://woodcuttool.com/templates/bookshelf-cut-list/"
"2026-07-18","woodcuttool-maxrects-v1","bookshelf","Bookshelf","Storage","9","5607","5607","0.25","0.0625","96","48","95.5","47.5","orientation_locked","2","61.8","38.2","0","true","https://woodcuttool.com/templates/bookshelf-cut-list/"
"2026-07-18","woodcuttool-maxrects-v1","bookshelf","Bookshelf","Storage","9","5607","5607","0.25","0.09375","96","48","95.5","47.5","rotation_allowed","2","61.8","38.2","0","true","https://woodcuttool.com/templates/bookshelf-cut-list/"
"2026-07-18","woodcuttool-maxrects-v1","bookshelf","Bookshelf","Storage","9","5607","5607","0.25","0.09375","96","48","95.5","47.5","orientation_locked","2","61.8","38.2","0","true","https://woodcuttool.com/templates/bookshelf-cut-list/"
"2026-07-18","woodcuttool-maxrects-v1","bookshelf","Bookshelf","Storage","9","5607","5607","0.25","0.125","96","48","95.5","47.5","rotation_allowed","2","61.8","38.2","0","true","https://woodcuttool.com/templates/bookshelf-cut-list/"
"2026-07-18","woodcuttool-maxrects-v1","bookshelf","Bookshelf","Storage","9","5607","5607","0.25","0.125","96","48","95.5","47.5","orientation_locked","2","61.8","38.2","0","true","https://woodcuttool.com/templates/bookshelf-cut-list/"
"2026-07-18","woodcuttool-maxrects-v1","bookshelf","Bookshelf","Storage","9","5607","5607","0.25","0.1875","96","48","95.5","47.5","rotation_allowed","2","61.8","38.2","0","true","https://woodcuttool.com/templates/bookshelf-cut-list/"
"2026-07-18","woodcuttool-maxrects-v1","bookshelf","Bookshelf","Storage","9","5607","5607","0.25","0.1875","96","48","95.5","47.5","orientation_locked","2","61.8","38.2","0","true","https://woodcuttool.com/templates/bookshelf-cut-list/"
"2026-07-18","woodcuttool-maxrects-v1","bookshelf","Bookshelf","Storage","9","5607","5607","0.25","0.25","96","48","95.5","47.5","rotation_allowed","2","61.8","38.2","0","true","https://woodcuttool.com/templates/bookshelf-cut-list/"
"2026-07-18","woodcuttool-maxrects-v1","bookshelf","Bookshelf","Storage","9","5607","5607","0.25","0.25","96","48","95.5","47.5","orientation_locked","2","61.8","38.2","0","true","https://woodcuttool.com/templates/bookshelf-cut-list/"
"2026-07-18","woodcuttool-maxrects-v1","bookshelf","Bookshelf","Storage","9","5607","5607","0.5","0","96","48","95","47","rotation_allowed","2","62.8","37.2","0","true","https://woodcuttool.com/templates/bookshelf-cut-list/"
"2026-07-18","woodcuttool-maxrects-v1","bookshelf","Bookshelf","Storage","9","5607","5607","0.5","0","96","48","95","47","orientation_locked","2","62.8","37.2","0","true","https://woodcuttool.com/templates/bookshelf-cut-list/"
"2026-07-18","woodcuttool-maxrects-v1","bookshelf","Bookshelf","Storage","9","5607","5607","0.5","0.03125","96","48","95","47","rotation_allowed","2","62.8","37.2","0","true","https://woodcuttool.com/templates/bookshelf-cut-list/"
"2026-07-18","woodcuttool-maxrects-v1","bookshelf","Bookshelf","Storage","9","5607","5607","0.5","0.03125","96","48","95","47","orientation_locked","2","62.8","37.2","0","true","https://woodcuttool.com/templates/bookshelf-cut-list/"
"2026-07-18","woodcuttool-maxrects-v1","bookshelf","Bookshelf","Storage","9","5607","5607","0.5","0.0625","96","48","95","47","rotation_allowed","2","62.8","37.2","0","true","https://woodcuttool.com/templates/bookshelf-cut-list/"
"2026-07-18","woodcuttool-maxrects-v1","bookshelf","Bookshelf","Storage","9","5607","5607","0.5","0.0625","96","48","95","47","orientation_locked","2","62.8","37.2","0","true","https://woodcuttool.com/templates/bookshelf-cut-list/"
"2026-07-18","woodcuttool-maxrects-v1","bookshelf","Bookshelf","Storage","9","5607","5607","0.5","0.09375","96","48","95","47","rotation_allowed","2","62.8","37.2","0","true","https://woodcuttool.com/templates/bookshelf-cut-list/"
"2026-07-18","woodcuttool-maxrects-v1","bookshelf","Bookshelf","Storage","9","5607","5607","0.5","0.09375","96","48","95","47","orientation_locked","2","62.8","37.2","0","true","https://woodcuttool.com/templates/bookshelf-cut-list/"
"2026-07-18","woodcuttool-maxrects-v1","bookshelf","Bookshelf","Storage","9","5607","5607","0.5","0.125","96","48","95","47","rotation_allowed","2","62.8","37.2","0","true","https://woodcuttool.com/templates/bookshelf-cut-list/"
"2026-07-18","woodcuttool-maxrects-v1","bookshelf","Bookshelf","Storage","9","5607","5607","0.5","0.125","96","48","95","47","orientation_locked","2","62.8","37.2","0","true","https://woodcuttool.com/templates/bookshelf-cut-list/"
"2026-07-18","woodcuttool-maxrects-v1","bookshelf","Bookshelf","Storage","9","5607","5607","0.5","0.1875","96","48","95","47","rotation_allowed","2","62.8","37.2","0","true","https://woodcuttool.com/templates/bookshelf-cut-list/"
"2026-07-18","woodcuttool-maxrects-v1","bookshelf","Bookshelf","Storage","9","5607","5607","0.5","0.1875","96","48","95","47","orientation_locked","2","62.8","37.2","0","true","https://woodcuttool.com/templates/bookshelf-cut-list/"
"2026-07-18","woodcuttool-maxrects-v1","bookshelf","Bookshelf","Storage","9","5607","5607","0.5","0.25","96","48","95","47","rotation_allowed","2","62.8","37.2","0","true","https://woodcuttool.com/templates/bookshelf-cut-list/"
"2026-07-18","woodcuttool-maxrects-v1","bookshelf","Bookshelf","Storage","9","5607","5607","0.5","0.25","96","48","95","47","orientation_locked","2","62.8","37.2","0","true","https://woodcuttool.com/templates/bookshelf-cut-list/"
"2026-07-18","woodcuttool-maxrects-v1","bookshelf","Bookshelf","Storage","9","5607","5607","1","0","96","48","94","46","rotation_allowed","2","64.8","35.2","0","true","https://woodcuttool.com/templates/bookshelf-cut-list/"
"2026-07-18","woodcuttool-maxrects-v1","bookshelf","Bookshelf","Storage","9","5607","5607","1","0","96","48","94","46","orientation_locked","2","64.8","35.2","0","true","https://woodcuttool.com/templates/bookshelf-cut-list/"
"2026-07-18","woodcuttool-maxrects-v1","bookshelf","Bookshelf","Storage","9","5607","5607","1","0.03125","96","48","94","46","rotation_allowed","2","64.8","35.2","0","true","https://woodcuttool.com/templates/bookshelf-cut-list/"
"2026-07-18","woodcuttool-maxrects-v1","bookshelf","Bookshelf","Storage","9","5607","5607","1","0.03125","96","48","94","46","orientation_locked","2","64.8","35.2","0","true","https://woodcuttool.com/templates/bookshelf-cut-list/"
"2026-07-18","woodcuttool-maxrects-v1","bookshelf","Bookshelf","Storage","9","5607","5607","1","0.0625","96","48","94","46","rotation_allowed","2","64.8","35.2","0","true","https://woodcuttool.com/templates/bookshelf-cut-list/"
"2026-07-18","woodcuttool-maxrects-v1","bookshelf","Bookshelf","Storage","9","5607","5607","1","0.0625","96","48","94","46","orientation_locked","2","64.8","35.2","0","true","https://woodcuttool.com/templates/bookshelf-cut-list/"
"2026-07-18","woodcuttool-maxrects-v1","bookshelf","Bookshelf","Storage","9","5607","5607","1","0.09375","96","48","94","46","rotation_allowed","2","64.8","35.2","0","true","https://woodcuttool.com/templates/bookshelf-cut-list/"
"2026-07-18","woodcuttool-maxrects-v1","bookshelf","Bookshelf","Storage","9","5607","5607","1","0.09375","96","48","94","46","orientation_locked","2","64.8","35.2","0","true","https://woodcuttool.com/templates/bookshelf-cut-list/"
"2026-07-18","woodcuttool-maxrects-v1","bookshelf","Bookshelf","Storage","9","5607","5607","1","0.125","96","48","94","46","rotation_allowed","2","64.8","35.2","0","true","https://woodcuttool.com/templates/bookshelf-cut-list/"
"2026-07-18","woodcuttool-maxrects-v1","bookshelf","Bookshelf","Storage","9","5607","5607","1","0.125","96","48","94","46","orientation_locked","2","64.8","35.2","0","true","https://woodcuttool.com/templates/bookshelf-cut-list/"
"2026-07-18","woodcuttool-maxrects-v1","bookshelf","Bookshelf","Storage","9","5607","5607","1","0.1875","96","48","94","46","rotation_allowed","2","64.8","35.2","0","true","https://woodcuttool.com/templates/bookshelf-cut-list/"
"2026-07-18","woodcuttool-maxrects-v1","bookshelf","Bookshelf","Storage","9","5607","5607","1","0.1875","96","48","94","46","orientation_locked","2","64.8","35.2","0","true","https://woodcuttool.com/templates/bookshelf-cut-list/"
"2026-07-18","woodcuttool-maxrects-v1","bookshelf","Bookshelf","Storage","9","5607","5607","1","0.25","96","48","94","46","rotation_allowed","2","64.8","35.2","0","true","https://woodcuttool.com/templates/bookshelf-cut-list/"
"2026-07-18","woodcuttool-maxrects-v1","bookshelf","Bookshelf","Storage","9","5607","5607","1","0.25","96","48","94","46","orientation_locked","2","64.8","35.2","0","true","https://woodcuttool.com/templates/bookshelf-cut-list/"
"2026-07-18","woodcuttool-maxrects-v1","cube-storage","Cube storage unit","Storage","13","4875","4875","0","0","96","48","96","48","rotation_allowed","2","52.9","47.1","0","true","https://woodcuttool.com/templates/cube-storage-cut-list/"
"2026-07-18","woodcuttool-maxrects-v1","cube-storage","Cube storage unit","Storage","13","4875","4875","0","0","96","48","96","48","orientation_locked","2","52.9","47.1","0","true","https://woodcuttool.com/templates/cube-storage-cut-list/"
"2026-07-18","woodcuttool-maxrects-v1","cube-storage","Cube storage unit","Storage","13","4875","4875","0","0.03125","96","48","96","48","rotation_allowed","2","52.9","47.1","0","true","https://woodcuttool.com/templates/cube-storage-cut-list/"
"2026-07-18","woodcuttool-maxrects-v1","cube-storage","Cube storage unit","Storage","13","4875","4875","0","0.03125","96","48","96","48","orientation_locked","2","52.9","47.1","0","true","https://woodcuttool.com/templates/cube-storage-cut-list/"
"2026-07-18","woodcuttool-maxrects-v1","cube-storage","Cube storage unit","Storage","13","4875","4875","0","0.0625","96","48","96","48","rotation_allowed","2","52.9","47.1","0","true","https://woodcuttool.com/templates/cube-storage-cut-list/"
"2026-07-18","woodcuttool-maxrects-v1","cube-storage","Cube storage unit","Storage","13","4875","4875","0","0.0625","96","48","96","48","orientation_locked","2","52.9","47.1","0","true","https://woodcuttool.com/templates/cube-storage-cut-list/"
"2026-07-18","woodcuttool-maxrects-v1","cube-storage","Cube storage unit","Storage","13","4875","4875","0","0.09375","96","48","96","48","rotation_allowed","2","52.9","47.1","0","true","https://woodcuttool.com/templates/cube-storage-cut-list/"
"2026-07-18","woodcuttool-maxrects-v1","cube-storage","Cube storage unit","Storage","13","4875","4875","0","0.09375","96","48","96","48","orientation_locked","2","52.9","47.1","0","true","https://woodcuttool.com/templates/cube-storage-cut-list/"
"2026-07-18","woodcuttool-maxrects-v1","cube-storage","Cube storage unit","Storage","13","4875","4875","0","0.125","96","48","96","48","rotation_allowed","2","52.9","47.1","0","true","https://woodcuttool.com/templates/cube-storage-cut-list/"
"2026-07-18","woodcuttool-maxrects-v1","cube-storage","Cube storage unit","Storage","13","4875","4875","0","0.125","96","48","96","48","orientation_locked","2","52.9","47.1","0","true","https://woodcuttool.com/templates/cube-storage-cut-list/"
"2026-07-18","woodcuttool-maxrects-v1","cube-storage","Cube storage unit","Storage","13","4875","4875","0","0.1875","96","48","96","48","rotation_allowed","2","52.9","47.1","0","true","https://woodcuttool.com/templates/cube-storage-cut-list/"
"2026-07-18","woodcuttool-maxrects-v1","cube-storage","Cube storage unit","Storage","13","4875","4875","0","0.1875","96","48","96","48","orientation_locked","2","52.9","47.1","0","true","https://woodcuttool.com/templates/cube-storage-cut-list/"
"2026-07-18","woodcuttool-maxrects-v1","cube-storage","Cube storage unit","Storage","13","4875","4875","0","0.25","96","48","96","48","rotation_allowed","2","52.9","47.1","0","true","https://woodcuttool.com/templates/cube-storage-cut-list/"
"2026-07-18","woodcuttool-maxrects-v1","cube-storage","Cube storage unit","Storage","13","4875","4875","0","0.25","96","48","96","48","orientation_locked","2","52.9","47.1","0","true","https://woodcuttool.com/templates/cube-storage-cut-list/"
"2026-07-18","woodcuttool-maxrects-v1","cube-storage","Cube storage unit","Storage","13","4875","4875","0.125","0","96","48","95.75","47.75","rotation_allowed","2","53.3","46.7","0","true","https://woodcuttool.com/templates/cube-storage-cut-list/"
"2026-07-18","woodcuttool-maxrects-v1","cube-storage","Cube storage unit","Storage","13","4875","4875","0.125","0","96","48","95.75","47.75","orientation_locked","2","53.3","46.7","0","true","https://woodcuttool.com/templates/cube-storage-cut-list/"
"2026-07-18","woodcuttool-maxrects-v1","cube-storage","Cube storage unit","Storage","13","4875","4875","0.125","0.03125","96","48","95.75","47.75","rotation_allowed","2","53.3","46.7","0","true","https://woodcuttool.com/templates/cube-storage-cut-list/"
"2026-07-18","woodcuttool-maxrects-v1","cube-storage","Cube storage unit","Storage","13","4875","4875","0.125","0.03125","96","48","95.75","47.75","orientation_locked","2","53.3","46.7","0","true","https://woodcuttool.com/templates/cube-storage-cut-list/"
"2026-07-18","woodcuttool-maxrects-v1","cube-storage","Cube storage unit","Storage","13","4875","4875","0.125","0.0625","96","48","95.75","47.75","rotation_allowed","2","53.3","46.7","0","true","https://woodcuttool.com/templates/cube-storage-cut-list/"
"2026-07-18","woodcuttool-maxrects-v1","cube-storage","Cube storage unit","Storage","13","4875","4875","0.125","0.0625","96","48","95.75","47.75","orientation_locked","2","53.3","46.7","0","true","https://woodcuttool.com/templates/cube-storage-cut-list/"
"2026-07-18","woodcuttool-maxrects-v1","cube-storage","Cube storage unit","Storage","13","4875","4875","0.125","0.09375","96","48","95.75","47.75","rotation_allowed","2","53.3","46.7","0","true","https://woodcuttool.com/templates/cube-storage-cut-list/"
"2026-07-18","woodcuttool-maxrects-v1","cube-storage","Cube storage unit","Storage","13","4875","4875","0.125","0.09375","96","48","95.75","47.75","orientation_locked","2","53.3","46.7","0","true","https://woodcuttool.com/templates/cube-storage-cut-list/"
"2026-07-18","woodcuttool-maxrects-v1","cube-storage","Cube storage unit","Storage","13","4875","4875","0.125","0.125","96","48","95.75","47.75","rotation_allowed","2","53.3","46.7","0","true","https://woodcuttool.com/templates/cube-storage-cut-list/"
"2026-07-18","woodcuttool-maxrects-v1","cube-storage","Cube storage unit","Storage","13","4875","4875","0.125","0.125","96","48","95.75","47.75","orientation_locked","2","53.3","46.7","0","true","https://woodcuttool.com/templates/cube-storage-cut-list/"
"2026-07-18","woodcuttool-maxrects-v1","cube-storage","Cube storage unit","Storage","13","4875","4875","0.125","0.1875","96","48","95.75","47.75","rotation_allowed","2","53.3","46.7","0","true","https://woodcuttool.com/templates/cube-storage-cut-list/"
"2026-07-18","woodcuttool-maxrects-v1","cube-storage","Cube storage unit","Storage","13","4875","4875","0.125","0.1875","96","48","95.75","47.75","orientation_locked","2","53.3","46.7","0","true","https://woodcuttool.com/templates/cube-storage-cut-list/"
"2026-07-18","woodcuttool-maxrects-v1","cube-storage","Cube storage unit","Storage","13","4875","4875","0.125","0.25","96","48","95.75","47.75","rotation_allowed","2","53.3","46.7","0","true","https://woodcuttool.com/templates/cube-storage-cut-list/"
"2026-07-18","woodcuttool-maxrects-v1","cube-storage","Cube storage unit","Storage","13","4875","4875","0.125","0.25","96","48","95.75","47.75","orientation_locked","2","53.3","46.7","0","true","https://woodcuttool.com/templates/cube-storage-cut-list/"
"2026-07-18","woodcuttool-maxrects-v1","cube-storage","Cube storage unit","Storage","13","4875","4875","0.25","0","96","48","95.5","47.5","rotation_allowed","2","53.7","46.3","0","true","https://woodcuttool.com/templates/cube-storage-cut-list/"
"2026-07-18","woodcuttool-maxrects-v1","cube-storage","Cube storage unit","Storage","13","4875","4875","0.25","0","96","48","95.5","47.5","orientation_locked","2","53.7","46.3","0","true","https://woodcuttool.com/templates/cube-storage-cut-list/"
"2026-07-18","woodcuttool-maxrects-v1","cube-storage","Cube storage unit","Storage","13","4875","4875","0.25","0.03125","96","48","95.5","47.5","rotation_allowed","2","53.7","46.3","0","true","https://woodcuttool.com/templates/cube-storage-cut-list/"
"2026-07-18","woodcuttool-maxrects-v1","cube-storage","Cube storage unit","Storage","13","4875","4875","0.25","0.03125","96","48","95.5","47.5","orientation_locked","2","53.7","46.3","0","true","https://woodcuttool.com/templates/cube-storage-cut-list/"
"2026-07-18","woodcuttool-maxrects-v1","cube-storage","Cube storage unit","Storage","13","4875","4875","0.25","0.0625","96","48","95.5","47.5","rotation_allowed","2","53.7","46.3","0","true","https://woodcuttool.com/templates/cube-storage-cut-list/"
"2026-07-18","woodcuttool-maxrects-v1","cube-storage","Cube storage unit","Storage","13","4875","4875","0.25","0.0625","96","48","95.5","47.5","orientation_locked","2","53.7","46.3","0","true","https://woodcuttool.com/templates/cube-storage-cut-list/"
"2026-07-18","woodcuttool-maxrects-v1","cube-storage","Cube storage unit","Storage","13","4875","4875","0.25","0.09375","96","48","95.5","47.5","rotation_allowed","2","53.7","46.3","0","true","https://woodcuttool.com/templates/cube-storage-cut-list/"
"2026-07-18","woodcuttool-maxrects-v1","cube-storage","Cube storage unit","Storage","13","4875","4875","0.25","0.09375","96","48","95.5","47.5","orientation_locked","2","53.7","46.3","0","true","https://woodcuttool.com/templates/cube-storage-cut-list/"
"2026-07-18","woodcuttool-maxrects-v1","cube-storage","Cube storage unit","Storage","13","4875","4875","0.25","0.125","96","48","95.5","47.5","rotation_allowed","2","53.7","46.3","0","true","https://woodcuttool.com/templates/cube-storage-cut-list/"
"2026-07-18","woodcuttool-maxrects-v1","cube-storage","Cube storage unit","Storage","13","4875","4875","0.25","0.125","96","48","95.5","47.5","orientation_locked","2","53.7","46.3","0","true","https://woodcuttool.com/templates/cube-storage-cut-list/"
"2026-07-18","woodcuttool-maxrects-v1","cube-storage","Cube storage unit","Storage","13","4875","4875","0.25","0.1875","96","48","95.5","47.5","rotation_allowed","2","53.7","46.3","0","true","https://woodcuttool.com/templates/cube-storage-cut-list/"
"2026-07-18","woodcuttool-maxrects-v1","cube-storage","Cube storage unit","Storage","13","4875","4875","0.25","0.1875","96","48","95.5","47.5","orientation_locked","2","53.7","46.3","0","true","https://woodcuttool.com/templates/cube-storage-cut-list/"
"2026-07-18","woodcuttool-maxrects-v1","cube-storage","Cube storage unit","Storage","13","4875","4875","0.25","0.25","96","48","95.5","47.5","rotation_allowed","2","53.7","46.3","0","true","https://woodcuttool.com/templates/cube-storage-cut-list/"
"2026-07-18","woodcuttool-maxrects-v1","cube-storage","Cube storage unit","Storage","13","4875","4875","0.25","0.25","96","48","95.5","47.5","orientation_locked","2","53.7","46.3","0","true","https://woodcuttool.com/templates/cube-storage-cut-list/"
"2026-07-18","woodcuttool-maxrects-v1","cube-storage","Cube storage unit","Storage","13","4875","4875","0.5","0","96","48","95","47","rotation_allowed","2","54.6","45.4","0","true","https://woodcuttool.com/templates/cube-storage-cut-list/"
"2026-07-18","woodcuttool-maxrects-v1","cube-storage","Cube storage unit","Storage","13","4875","4875","0.5","0","96","48","95","47","orientation_locked","2","54.6","45.4","0","true","https://woodcuttool.com/templates/cube-storage-cut-list/"
"2026-07-18","woodcuttool-maxrects-v1","cube-storage","Cube storage unit","Storage","13","4875","4875","0.5","0.03125","96","48","95","47","rotation_allowed","2","54.6","45.4","0","true","https://woodcuttool.com/templates/cube-storage-cut-list/"
"2026-07-18","woodcuttool-maxrects-v1","cube-storage","Cube storage unit","Storage","13","4875","4875","0.5","0.03125","96","48","95","47","orientation_locked","2","54.6","45.4","0","true","https://woodcuttool.com/templates/cube-storage-cut-list/"
"2026-07-18","woodcuttool-maxrects-v1","cube-storage","Cube storage unit","Storage","13","4875","4875","0.5","0.0625","96","48","95","47","rotation_allowed","2","54.6","45.4","0","true","https://woodcuttool.com/templates/cube-storage-cut-list/"
"2026-07-18","woodcuttool-maxrects-v1","cube-storage","Cube storage unit","Storage","13","4875","4875","0.5","0.0625","96","48","95","47","orientation_locked","2","54.6","45.4","0","true","https://woodcuttool.com/templates/cube-storage-cut-list/"
"2026-07-18","woodcuttool-maxrects-v1","cube-storage","Cube storage unit","Storage","13","4875","4875","0.5","0.09375","96","48","95","47","rotation_allowed","2","54.6","45.4","0","true","https://woodcuttool.com/templates/cube-storage-cut-list/"
"2026-07-18","woodcuttool-maxrects-v1","cube-storage","Cube storage unit","Storage","13","4875","4875","0.5","0.09375","96","48","95","47","orientation_locked","2","54.6","45.4","0","true","https://woodcuttool.com/templates/cube-storage-cut-list/"
"2026-07-18","woodcuttool-maxrects-v1","cube-storage","Cube storage unit","Storage","13","4875","4875","0.5","0.125","96","48","95","47","rotation_allowed","2","54.6","45.4","0","true","https://woodcuttool.com/templates/cube-storage-cut-list/"
"2026-07-18","woodcuttool-maxrects-v1","cube-storage","Cube storage unit","Storage","13","4875","4875","0.5","0.125","96","48","95","47","orientation_locked","2","54.6","45.4","0","true","https://woodcuttool.com/templates/cube-storage-cut-list/"
"2026-07-18","woodcuttool-maxrects-v1","cube-storage","Cube storage unit","Storage","13","4875","4875","0.5","0.1875","96","48","95","47","rotation_allowed","2","54.6","45.4","0","true","https://woodcuttool.com/templates/cube-storage-cut-list/"
"2026-07-18","woodcuttool-maxrects-v1","cube-storage","Cube storage unit","Storage","13","4875","4875","0.5","0.1875","96","48","95","47","orientation_locked","2","54.6","45.4","0","true","https://woodcuttool.com/templates/cube-storage-cut-list/"
"2026-07-18","woodcuttool-maxrects-v1","cube-storage","Cube storage unit","Storage","13","4875","4875","0.5","0.25","96","48","95","47","rotation_allowed","2","54.6","45.4","0","true","https://woodcuttool.com/templates/cube-storage-cut-list/"
"2026-07-18","woodcuttool-maxrects-v1","cube-storage","Cube storage unit","Storage","13","4875","4875","0.5","0.25","96","48","95","47","orientation_locked","2","54.6","45.4","0","true","https://woodcuttool.com/templates/cube-storage-cut-list/"
"2026-07-18","woodcuttool-maxrects-v1","cube-storage","Cube storage unit","Storage","13","4875","4875","1","0","96","48","94","46","rotation_allowed","2","56.4","43.6","0","true","https://woodcuttool.com/templates/cube-storage-cut-list/"
"2026-07-18","woodcuttool-maxrects-v1","cube-storage","Cube storage unit","Storage","13","4875","4875","1","0","96","48","94","46","orientation_locked","2","56.4","43.6","0","true","https://woodcuttool.com/templates/cube-storage-cut-list/"
"2026-07-18","woodcuttool-maxrects-v1","cube-storage","Cube storage unit","Storage","13","4875","4875","1","0.03125","96","48","94","46","rotation_allowed","2","56.4","43.6","0","true","https://woodcuttool.com/templates/cube-storage-cut-list/"
"2026-07-18","woodcuttool-maxrects-v1","cube-storage","Cube storage unit","Storage","13","4875","4875","1","0.03125","96","48","94","46","orientation_locked","2","56.4","43.6","0","true","https://woodcuttool.com/templates/cube-storage-cut-list/"
"2026-07-18","woodcuttool-maxrects-v1","cube-storage","Cube storage unit","Storage","13","4875","4875","1","0.0625","96","48","94","46","rotation_allowed","2","56.4","43.6","0","true","https://woodcuttool.com/templates/cube-storage-cut-list/"
"2026-07-18","woodcuttool-maxrects-v1","cube-storage","Cube storage unit","Storage","13","4875","4875","1","0.0625","96","48","94","46","orientation_locked","2","56.4","43.6","0","true","https://woodcuttool.com/templates/cube-storage-cut-list/"
"2026-07-18","woodcuttool-maxrects-v1","cube-storage","Cube storage unit","Storage","13","4875","4875","1","0.09375","96","48","94","46","rotation_allowed","2","56.4","43.6","0","true","https://woodcuttool.com/templates/cube-storage-cut-list/"
"2026-07-18","woodcuttool-maxrects-v1","cube-storage","Cube storage unit","Storage","13","4875","4875","1","0.09375","96","48","94","46","orientation_locked","2","56.4","43.6","0","true","https://woodcuttool.com/templates/cube-storage-cut-list/"
"2026-07-18","woodcuttool-maxrects-v1","cube-storage","Cube storage unit","Storage","13","4875","4875","1","0.125","96","48","94","46","rotation_allowed","2","56.4","43.6","0","true","https://woodcuttool.com/templates/cube-storage-cut-list/"
"2026-07-18","woodcuttool-maxrects-v1","cube-storage","Cube storage unit","Storage","13","4875","4875","1","0.125","96","48","94","46","orientation_locked","2","56.4","43.6","0","true","https://woodcuttool.com/templates/cube-storage-cut-list/"
"2026-07-18","woodcuttool-maxrects-v1","cube-storage","Cube storage unit","Storage","13","4875","4875","1","0.1875","96","48","94","46","rotation_allowed","2","56.4","43.6","0","true","https://woodcuttool.com/templates/cube-storage-cut-list/"
"2026-07-18","woodcuttool-maxrects-v1","cube-storage","Cube storage unit","Storage","13","4875","4875","1","0.1875","96","48","94","46","orientation_locked","2","56.4","43.6","0","true","https://woodcuttool.com/templates/cube-storage-cut-list/"
"2026-07-18","woodcuttool-maxrects-v1","cube-storage","Cube storage unit","Storage","13","4875","4875","1","0.25","96","48","94","46","rotation_allowed","2","56.4","43.6","0","true","https://woodcuttool.com/templates/cube-storage-cut-list/"
"2026-07-18","woodcuttool-maxrects-v1","cube-storage","Cube storage unit","Storage","13","4875","4875","1","0.25","96","48","94","46","orientation_locked","2","56.4","43.6","0","true","https://woodcuttool.com/templates/cube-storage-cut-list/"
"2026-07-18","woodcuttool-maxrects-v1","mudroom-bench","Mudroom bench","Storage","7","3520.1","3520.1","0","0","96","48","96","48","rotation_allowed","2","38.2","61.8","0","true","https://woodcuttool.com/templates/mudroom-bench-cut-list/"
"2026-07-18","woodcuttool-maxrects-v1","mudroom-bench","Mudroom bench","Storage","7","3520.1","3520.1","0","0","96","48","96","48","orientation_locked","2","38.2","61.8","0","true","https://woodcuttool.com/templates/mudroom-bench-cut-list/"
"2026-07-18","woodcuttool-maxrects-v1","mudroom-bench","Mudroom bench","Storage","7","3520.1","3520.1","0","0.03125","96","48","96","48","rotation_allowed","2","38.2","61.8","0","true","https://woodcuttool.com/templates/mudroom-bench-cut-list/"
"2026-07-18","woodcuttool-maxrects-v1","mudroom-bench","Mudroom bench","Storage","7","3520.1","3520.1","0","0.03125","96","48","96","48","orientation_locked","2","38.2","61.8","0","true","https://woodcuttool.com/templates/mudroom-bench-cut-list/"
"2026-07-18","woodcuttool-maxrects-v1","mudroom-bench","Mudroom bench","Storage","7","3520.1","3520.1","0","0.0625","96","48","96","48","rotation_allowed","2","38.2","61.8","0","true","https://woodcuttool.com/templates/mudroom-bench-cut-list/"
"2026-07-18","woodcuttool-maxrects-v1","mudroom-bench","Mudroom bench","Storage","7","3520.1","3520.1","0","0.0625","96","48","96","48","orientation_locked","2","38.2","61.8","0","true","https://woodcuttool.com/templates/mudroom-bench-cut-list/"
"2026-07-18","woodcuttool-maxrects-v1","mudroom-bench","Mudroom bench","Storage","7","3520.1","3520.1","0","0.09375","96","48","96","48","rotation_allowed","2","38.2","61.8","0","true","https://woodcuttool.com/templates/mudroom-bench-cut-list/"
"2026-07-18","woodcuttool-maxrects-v1","mudroom-bench","Mudroom bench","Storage","7","3520.1","3520.1","0","0.09375","96","48","96","48","orientation_locked","2","38.2","61.8","0","true","https://woodcuttool.com/templates/mudroom-bench-cut-list/"
"2026-07-18","woodcuttool-maxrects-v1","mudroom-bench","Mudroom bench","Storage","7","3520.1","3520.1","0","0.125","96","48","96","48","rotation_allowed","2","38.2","61.8","0","true","https://woodcuttool.com/templates/mudroom-bench-cut-list/"
"2026-07-18","woodcuttool-maxrects-v1","mudroom-bench","Mudroom bench","Storage","7","3520.1","3520.1","0","0.125","96","48","96","48","orientation_locked","2","38.2","61.8","0","true","https://woodcuttool.com/templates/mudroom-bench-cut-list/"
"2026-07-18","woodcuttool-maxrects-v1","mudroom-bench","Mudroom bench","Storage","7","3520.1","3520.1","0","0.1875","96","48","96","48","rotation_allowed","2","38.2","61.8","0","true","https://woodcuttool.com/templates/mudroom-bench-cut-list/"
"2026-07-18","woodcuttool-maxrects-v1","mudroom-bench","Mudroom bench","Storage","7","3520.1","3520.1","0","0.1875","96","48","96","48","orientation_locked","2","38.2","61.8","0","true","https://woodcuttool.com/templates/mudroom-bench-cut-list/"
"2026-07-18","woodcuttool-maxrects-v1","mudroom-bench","Mudroom bench","Storage","7","3520.1","3520.1","0","0.25","96","48","96","48","rotation_allowed","2","38.2","61.8","0","true","https://woodcuttool.com/templates/mudroom-bench-cut-list/"
"2026-07-18","woodcuttool-maxrects-v1","mudroom-bench","Mudroom bench","Storage","7","3520.1","3520.1","0","0.25","96","48","96","48","orientation_locked","2","38.2","61.8","0","true","https://woodcuttool.com/templates/mudroom-bench-cut-list/"
"2026-07-18","woodcuttool-maxrects-v1","mudroom-bench","Mudroom bench","Storage","7","3520.1","3520.1","0.125","0","96","48","95.75","47.75","rotation_allowed","2","38.5","61.5","0","true","https://woodcuttool.com/templates/mudroom-bench-cut-list/"
"2026-07-18","woodcuttool-maxrects-v1","mudroom-bench","Mudroom bench","Storage","7","3520.1","3520.1","0.125","0","96","48","95.75","47.75","orientation_locked","2","38.5","61.5","0","true","https://woodcuttool.com/templates/mudroom-bench-cut-list/"
"2026-07-18","woodcuttool-maxrects-v1","mudroom-bench","Mudroom bench","Storage","7","3520.1","3520.1","0.125","0.03125","96","48","95.75","47.75","rotation_allowed","2","38.5","61.5","0","true","https://woodcuttool.com/templates/mudroom-bench-cut-list/"
"2026-07-18","woodcuttool-maxrects-v1","mudroom-bench","Mudroom bench","Storage","7","3520.1","3520.1","0.125","0.03125","96","48","95.75","47.75","orientation_locked","2","38.5","61.5","0","true","https://woodcuttool.com/templates/mudroom-bench-cut-list/"
"2026-07-18","woodcuttool-maxrects-v1","mudroom-bench","Mudroom bench","Storage","7","3520.1","3520.1","0.125","0.0625","96","48","95.75","47.75","rotation_allowed","2","38.5","61.5","0","true","https://woodcuttool.com/templates/mudroom-bench-cut-list/"
"2026-07-18","woodcuttool-maxrects-v1","mudroom-bench","Mudroom bench","Storage","7","3520.1","3520.1","0.125","0.0625","96","48","95.75","47.75","orientation_locked","2","38.5","61.5","0","true","https://woodcuttool.com/templates/mudroom-bench-cut-list/"
"2026-07-18","woodcuttool-maxrects-v1","mudroom-bench","Mudroom bench","Storage","7","3520.1","3520.1","0.125","0.09375","96","48","95.75","47.75","rotation_allowed","2","38.5","61.5","0","true","https://woodcuttool.com/templates/mudroom-bench-cut-list/"
"2026-07-18","woodcuttool-maxrects-v1","mudroom-bench","Mudroom bench","Storage","7","3520.1","3520.1","0.125","0.09375","96","48","95.75","47.75","orientation_locked","2","38.5","61.5","0","true","https://woodcuttool.com/templates/mudroom-bench-cut-list/"
"2026-07-18","woodcuttool-maxrects-v1","mudroom-bench","Mudroom bench","Storage","7","3520.1","3520.1","0.125","0.125","96","48","95.75","47.75","rotation_allowed","2","38.5","61.5","0","true","https://woodcuttool.com/templates/mudroom-bench-cut-list/"
"2026-07-18","woodcuttool-maxrects-v1","mudroom-bench","Mudroom bench","Storage","7","3520.1","3520.1","0.125","0.125","96","48","95.75","47.75","orientation_locked","2","38.5","61.5","0","true","https://woodcuttool.com/templates/mudroom-bench-cut-list/"
"2026-07-18","woodcuttool-maxrects-v1","mudroom-bench","Mudroom bench","Storage","7","3520.1","3520.1","0.125","0.1875","96","48","95.75","47.75","rotation_allowed","2","38.5","61.5","0","true","https://woodcuttool.com/templates/mudroom-bench-cut-list/"
"2026-07-18","woodcuttool-maxrects-v1","mudroom-bench","Mudroom bench","Storage","7","3520.1","3520.1","0.125","0.1875","96","48","95.75","47.75","orientation_locked","2","38.5","61.5","0","true","https://woodcuttool.com/templates/mudroom-bench-cut-list/"
"2026-07-18","woodcuttool-maxrects-v1","mudroom-bench","Mudroom bench","Storage","7","3520.1","3520.1","0.125","0.25","96","48","95.75","47.75","rotation_allowed","2","38.5","61.5","0","true","https://woodcuttool.com/templates/mudroom-bench-cut-list/"
"2026-07-18","woodcuttool-maxrects-v1","mudroom-bench","Mudroom bench","Storage","7","3520.1","3520.1","0.125","0.25","96","48","95.75","47.75","orientation_locked","2","38.5","61.5","0","true","https://woodcuttool.com/templates/mudroom-bench-cut-list/"
"2026-07-18","woodcuttool-maxrects-v1","mudroom-bench","Mudroom bench","Storage","7","3520.1","3520.1","0.25","0","96","48","95.5","47.5","rotation_allowed","2","38.8","61.2","0","true","https://woodcuttool.com/templates/mudroom-bench-cut-list/"
"2026-07-18","woodcuttool-maxrects-v1","mudroom-bench","Mudroom bench","Storage","7","3520.1","3520.1","0.25","0","96","48","95.5","47.5","orientation_locked","2","38.8","61.2","0","true","https://woodcuttool.com/templates/mudroom-bench-cut-list/"
"2026-07-18","woodcuttool-maxrects-v1","mudroom-bench","Mudroom bench","Storage","7","3520.1","3520.1","0.25","0.03125","96","48","95.5","47.5","rotation_allowed","2","38.8","61.2","0","true","https://woodcuttool.com/templates/mudroom-bench-cut-list/"
"2026-07-18","woodcuttool-maxrects-v1","mudroom-bench","Mudroom bench","Storage","7","3520.1","3520.1","0.25","0.03125","96","48","95.5","47.5","orientation_locked","2","38.8","61.2","0","true","https://woodcuttool.com/templates/mudroom-bench-cut-list/"
"2026-07-18","woodcuttool-maxrects-v1","mudroom-bench","Mudroom bench","Storage","7","3520.1","3520.1","0.25","0.0625","96","48","95.5","47.5","rotation_allowed","2","38.8","61.2","0","true","https://woodcuttool.com/templates/mudroom-bench-cut-list/"
"2026-07-18","woodcuttool-maxrects-v1","mudroom-bench","Mudroom bench","Storage","7","3520.1","3520.1","0.25","0.0625","96","48","95.5","47.5","orientation_locked","2","38.8","61.2","0","true","https://woodcuttool.com/templates/mudroom-bench-cut-list/"
"2026-07-18","woodcuttool-maxrects-v1","mudroom-bench","Mudroom bench","Storage","7","3520.1","3520.1","0.25","0.09375","96","48","95.5","47.5","rotation_allowed","2","38.8","61.2","0","true","https://woodcuttool.com/templates/mudroom-bench-cut-list/"
"2026-07-18","woodcuttool-maxrects-v1","mudroom-bench","Mudroom bench","Storage","7","3520.1","3520.1","0.25","0.09375","96","48","95.5","47.5","orientation_locked","2","38.8","61.2","0","true","https://woodcuttool.com/templates/mudroom-bench-cut-list/"
"2026-07-18","woodcuttool-maxrects-v1","mudroom-bench","Mudroom bench","Storage","7","3520.1","3520.1","0.25","0.125","96","48","95.5","47.5","rotation_allowed","2","38.8","61.2","0","true","https://woodcuttool.com/templates/mudroom-bench-cut-list/"
"2026-07-18","woodcuttool-maxrects-v1","mudroom-bench","Mudroom bench","Storage","7","3520.1","3520.1","0.25","0.125","96","48","95.5","47.5","orientation_locked","2","38.8","61.2","0","true","https://woodcuttool.com/templates/mudroom-bench-cut-list/"
"2026-07-18","woodcuttool-maxrects-v1","mudroom-bench","Mudroom bench","Storage","7","3520.1","3520.1","0.25","0.1875","96","48","95.5","47.5","rotation_allowed","2","38.8","61.2","0","true","https://woodcuttool.com/templates/mudroom-bench-cut-list/"
"2026-07-18","woodcuttool-maxrects-v1","mudroom-bench","Mudroom bench","Storage","7","3520.1","3520.1","0.25","0.1875","96","48","95.5","47.5","orientation_locked","2","38.8","61.2","0","true","https://woodcuttool.com/templates/mudroom-bench-cut-list/"
"2026-07-18","woodcuttool-maxrects-v1","mudroom-bench","Mudroom bench","Storage","7","3520.1","3520.1","0.25","0.25","96","48","95.5","47.5","rotation_allowed","2","38.8","61.2","0","true","https://woodcuttool.com/templates/mudroom-bench-cut-list/"
"2026-07-18","woodcuttool-maxrects-v1","mudroom-bench","Mudroom bench","Storage","7","3520.1","3520.1","0.25","0.25","96","48","95.5","47.5","orientation_locked","2","38.8","61.2","0","true","https://woodcuttool.com/templates/mudroom-bench-cut-list/"
"2026-07-18","woodcuttool-maxrects-v1","mudroom-bench","Mudroom bench","Storage","7","3520.1","3520.1","0.5","0","96","48","95","47","rotation_allowed","2","39.4","60.6","0","true","https://woodcuttool.com/templates/mudroom-bench-cut-list/"
"2026-07-18","woodcuttool-maxrects-v1","mudroom-bench","Mudroom bench","Storage","7","3520.1","3520.1","0.5","0","96","48","95","47","orientation_locked","2","39.4","60.6","0","true","https://woodcuttool.com/templates/mudroom-bench-cut-list/"
"2026-07-18","woodcuttool-maxrects-v1","mudroom-bench","Mudroom bench","Storage","7","3520.1","3520.1","0.5","0.03125","96","48","95","47","rotation_allowed","2","39.4","60.6","0","true","https://woodcuttool.com/templates/mudroom-bench-cut-list/"
"2026-07-18","woodcuttool-maxrects-v1","mudroom-bench","Mudroom bench","Storage","7","3520.1","3520.1","0.5","0.03125","96","48","95","47","orientation_locked","2","39.4","60.6","0","true","https://woodcuttool.com/templates/mudroom-bench-cut-list/"
"2026-07-18","woodcuttool-maxrects-v1","mudroom-bench","Mudroom bench","Storage","7","3520.1","3520.1","0.5","0.0625","96","48","95","47","rotation_allowed","2","39.4","60.6","0","true","https://woodcuttool.com/templates/mudroom-bench-cut-list/"
"2026-07-18","woodcuttool-maxrects-v1","mudroom-bench","Mudroom bench","Storage","7","3520.1","3520.1","0.5","0.0625","96","48","95","47","orientation_locked","2","39.4","60.6","0","true","https://woodcuttool.com/templates/mudroom-bench-cut-list/"
"2026-07-18","woodcuttool-maxrects-v1","mudroom-bench","Mudroom bench","Storage","7","3520.1","3520.1","0.5","0.09375","96","48","95","47","rotation_allowed","2","39.4","60.6","0","true","https://woodcuttool.com/templates/mudroom-bench-cut-list/"
"2026-07-18","woodcuttool-maxrects-v1","mudroom-bench","Mudroom bench","Storage","7","3520.1","3520.1","0.5","0.09375","96","48","95","47","orientation_locked","2","39.4","60.6","0","true","https://woodcuttool.com/templates/mudroom-bench-cut-list/"
"2026-07-18","woodcuttool-maxrects-v1","mudroom-bench","Mudroom bench","Storage","7","3520.1","3520.1","0.5","0.125","96","48","95","47","rotation_allowed","2","39.4","60.6","0","true","https://woodcuttool.com/templates/mudroom-bench-cut-list/"
"2026-07-18","woodcuttool-maxrects-v1","mudroom-bench","Mudroom bench","Storage","7","3520.1","3520.1","0.5","0.125","96","48","95","47","orientation_locked","2","39.4","60.6","0","true","https://woodcuttool.com/templates/mudroom-bench-cut-list/"
"2026-07-18","woodcuttool-maxrects-v1","mudroom-bench","Mudroom bench","Storage","7","3520.1","3520.1","0.5","0.1875","96","48","95","47","rotation_allowed","2","39.4","60.6","0","true","https://woodcuttool.com/templates/mudroom-bench-cut-list/"
"2026-07-18","woodcuttool-maxrects-v1","mudroom-bench","Mudroom bench","Storage","7","3520.1","3520.1","0.5","0.1875","96","48","95","47","orientation_locked","2","39.4","60.6","0","true","https://woodcuttool.com/templates/mudroom-bench-cut-list/"
"2026-07-18","woodcuttool-maxrects-v1","mudroom-bench","Mudroom bench","Storage","7","3520.1","3520.1","0.5","0.25","96","48","95","47","rotation_allowed","2","39.4","60.6","0","true","https://woodcuttool.com/templates/mudroom-bench-cut-list/"
"2026-07-18","woodcuttool-maxrects-v1","mudroom-bench","Mudroom bench","Storage","7","3520.1","3520.1","0.5","0.25","96","48","95","47","orientation_locked","2","39.4","60.6","0","true","https://woodcuttool.com/templates/mudroom-bench-cut-list/"
"2026-07-18","woodcuttool-maxrects-v1","mudroom-bench","Mudroom bench","Storage","7","3520.1","3520.1","1","0","96","48","94","46","rotation_allowed","2","40.7","59.3","0","true","https://woodcuttool.com/templates/mudroom-bench-cut-list/"
"2026-07-18","woodcuttool-maxrects-v1","mudroom-bench","Mudroom bench","Storage","7","3520.1","3520.1","1","0","96","48","94","46","orientation_locked","2","40.7","59.3","0","true","https://woodcuttool.com/templates/mudroom-bench-cut-list/"
"2026-07-18","woodcuttool-maxrects-v1","mudroom-bench","Mudroom bench","Storage","7","3520.1","3520.1","1","0.03125","96","48","94","46","rotation_allowed","2","40.7","59.3","0","true","https://woodcuttool.com/templates/mudroom-bench-cut-list/"
"2026-07-18","woodcuttool-maxrects-v1","mudroom-bench","Mudroom bench","Storage","7","3520.1","3520.1","1","0.03125","96","48","94","46","orientation_locked","2","40.7","59.3","0","true","https://woodcuttool.com/templates/mudroom-bench-cut-list/"
"2026-07-18","woodcuttool-maxrects-v1","mudroom-bench","Mudroom bench","Storage","7","3520.1","3520.1","1","0.0625","96","48","94","46","rotation_allowed","2","40.7","59.3","0","true","https://woodcuttool.com/templates/mudroom-bench-cut-list/"
"2026-07-18","woodcuttool-maxrects-v1","mudroom-bench","Mudroom bench","Storage","7","3520.1","3520.1","1","0.0625","96","48","94","46","orientation_locked","2","40.7","59.3","0","true","https://woodcuttool.com/templates/mudroom-bench-cut-list/"
"2026-07-18","woodcuttool-maxrects-v1","mudroom-bench","Mudroom bench","Storage","7","3520.1","3520.1","1","0.09375","96","48","94","46","rotation_allowed","2","40.7","59.3","0","true","https://woodcuttool.com/templates/mudroom-bench-cut-list/"
"2026-07-18","woodcuttool-maxrects-v1","mudroom-bench","Mudroom bench","Storage","7","3520.1","3520.1","1","0.09375","96","48","94","46","orientation_locked","2","40.7","59.3","0","true","https://woodcuttool.com/templates/mudroom-bench-cut-list/"
"2026-07-18","woodcuttool-maxrects-v1","mudroom-bench","Mudroom bench","Storage","7","3520.1","3520.1","1","0.125","96","48","94","46","rotation_allowed","2","40.7","59.3","0","true","https://woodcuttool.com/templates/mudroom-bench-cut-list/"
"2026-07-18","woodcuttool-maxrects-v1","mudroom-bench","Mudroom bench","Storage","7","3520.1","3520.1","1","0.125","96","48","94","46","orientation_locked","2","40.7","59.3","0","true","https://woodcuttool.com/templates/mudroom-bench-cut-list/"
"2026-07-18","woodcuttool-maxrects-v1","mudroom-bench","Mudroom bench","Storage","7","3520.1","3520.1","1","0.1875","96","48","94","46","rotation_allowed","2","40.7","59.3","0","true","https://woodcuttool.com/templates/mudroom-bench-cut-list/"
"2026-07-18","woodcuttool-maxrects-v1","mudroom-bench","Mudroom bench","Storage","7","3520.1","3520.1","1","0.1875","96","48","94","46","orientation_locked","2","40.7","59.3","0","true","https://woodcuttool.com/templates/mudroom-bench-cut-list/"
"2026-07-18","woodcuttool-maxrects-v1","mudroom-bench","Mudroom bench","Storage","7","3520.1","3520.1","1","0.25","96","48","94","46","rotation_allowed","2","40.7","59.3","0","true","https://woodcuttool.com/templates/mudroom-bench-cut-list/"
"2026-07-18","woodcuttool-maxrects-v1","mudroom-bench","Mudroom bench","Storage","7","3520.1","3520.1","1","0.25","96","48","94","46","orientation_locked","2","40.7","59.3","0","true","https://woodcuttool.com/templates/mudroom-bench-cut-list/"
"2026-07-18","woodcuttool-maxrects-v1","window-seat","Window seat","Storage","7","4483.3","4483.3","0","0","96","48","96","48","rotation_allowed","2","48.6","51.4","0","true","https://woodcuttool.com/templates/window-seat-cut-list/"
"2026-07-18","woodcuttool-maxrects-v1","window-seat","Window seat","Storage","7","4483.3","4483.3","0","0","96","48","96","48","orientation_locked","2","48.6","51.4","0","true","https://woodcuttool.com/templates/window-seat-cut-list/"
"2026-07-18","woodcuttool-maxrects-v1","window-seat","Window seat","Storage","7","4483.3","4483.3","0","0.03125","96","48","96","48","rotation_allowed","2","48.6","51.4","0","true","https://woodcuttool.com/templates/window-seat-cut-list/"
"2026-07-18","woodcuttool-maxrects-v1","window-seat","Window seat","Storage","7","4483.3","4483.3","0","0.03125","96","48","96","48","orientation_locked","2","48.6","51.4","0","true","https://woodcuttool.com/templates/window-seat-cut-list/"
"2026-07-18","woodcuttool-maxrects-v1","window-seat","Window seat","Storage","7","4483.3","4483.3","0","0.0625","96","48","96","48","rotation_allowed","2","48.6","51.4","0","true","https://woodcuttool.com/templates/window-seat-cut-list/"
"2026-07-18","woodcuttool-maxrects-v1","window-seat","Window seat","Storage","7","4483.3","4483.3","0","0.0625","96","48","96","48","orientation_locked","2","48.6","51.4","0","true","https://woodcuttool.com/templates/window-seat-cut-list/"
"2026-07-18","woodcuttool-maxrects-v1","window-seat","Window seat","Storage","7","4483.3","4483.3","0","0.09375","96","48","96","48","rotation_allowed","2","48.6","51.4","0","true","https://woodcuttool.com/templates/window-seat-cut-list/"
"2026-07-18","woodcuttool-maxrects-v1","window-seat","Window seat","Storage","7","4483.3","4483.3","0","0.09375","96","48","96","48","orientation_locked","2","48.6","51.4","0","true","https://woodcuttool.com/templates/window-seat-cut-list/"
"2026-07-18","woodcuttool-maxrects-v1","window-seat","Window seat","Storage","7","4483.3","4483.3","0","0.125","96","48","96","48","rotation_allowed","2","48.6","51.4","0","true","https://woodcuttool.com/templates/window-seat-cut-list/"
"2026-07-18","woodcuttool-maxrects-v1","window-seat","Window seat","Storage","7","4483.3","4483.3","0","0.125","96","48","96","48","orientation_locked","2","48.6","51.4","0","true","https://woodcuttool.com/templates/window-seat-cut-list/"
"2026-07-18","woodcuttool-maxrects-v1","window-seat","Window seat","Storage","7","4483.3","4483.3","0","0.1875","96","48","96","48","rotation_allowed","2","48.6","51.4","0","true","https://woodcuttool.com/templates/window-seat-cut-list/"
"2026-07-18","woodcuttool-maxrects-v1","window-seat","Window seat","Storage","7","4483.3","4483.3","0","0.1875","96","48","96","48","orientation_locked","2","48.6","51.4","0","true","https://woodcuttool.com/templates/window-seat-cut-list/"
"2026-07-18","woodcuttool-maxrects-v1","window-seat","Window seat","Storage","7","4483.3","4483.3","0","0.25","96","48","96","48","rotation_allowed","2","48.6","51.4","0","true","https://woodcuttool.com/templates/window-seat-cut-list/"
"2026-07-18","woodcuttool-maxrects-v1","window-seat","Window seat","Storage","7","4483.3","4483.3","0","0.25","96","48","96","48","orientation_locked","2","48.6","51.4","0","true","https://woodcuttool.com/templates/window-seat-cut-list/"
"2026-07-18","woodcuttool-maxrects-v1","window-seat","Window seat","Storage","7","4483.3","4483.3","0.125","0","96","48","95.75","47.75","rotation_allowed","2","49","51","0","true","https://woodcuttool.com/templates/window-seat-cut-list/"
"2026-07-18","woodcuttool-maxrects-v1","window-seat","Window seat","Storage","7","4483.3","4483.3","0.125","0","96","48","95.75","47.75","orientation_locked","2","49","51","0","true","https://woodcuttool.com/templates/window-seat-cut-list/"
"2026-07-18","woodcuttool-maxrects-v1","window-seat","Window seat","Storage","7","4483.3","4483.3","0.125","0.03125","96","48","95.75","47.75","rotation_allowed","2","49","51","0","true","https://woodcuttool.com/templates/window-seat-cut-list/"
"2026-07-18","woodcuttool-maxrects-v1","window-seat","Window seat","Storage","7","4483.3","4483.3","0.125","0.03125","96","48","95.75","47.75","orientation_locked","2","49","51","0","true","https://woodcuttool.com/templates/window-seat-cut-list/"
"2026-07-18","woodcuttool-maxrects-v1","window-seat","Window seat","Storage","7","4483.3","4483.3","0.125","0.0625","96","48","95.75","47.75","rotation_allowed","2","49","51","0","true","https://woodcuttool.com/templates/window-seat-cut-list/"
"2026-07-18","woodcuttool-maxrects-v1","window-seat","Window seat","Storage","7","4483.3","4483.3","0.125","0.0625","96","48","95.75","47.75","orientation_locked","2","49","51","0","true","https://woodcuttool.com/templates/window-seat-cut-list/"
"2026-07-18","woodcuttool-maxrects-v1","window-seat","Window seat","Storage","7","4483.3","4483.3","0.125","0.09375","96","48","95.75","47.75","rotation_allowed","2","49","51","0","true","https://woodcuttool.com/templates/window-seat-cut-list/"
"2026-07-18","woodcuttool-maxrects-v1","window-seat","Window seat","Storage","7","4483.3","4483.3","0.125","0.09375","96","48","95.75","47.75","orientation_locked","2","49","51","0","true","https://woodcuttool.com/templates/window-seat-cut-list/"
"2026-07-18","woodcuttool-maxrects-v1","window-seat","Window seat","Storage","7","4483.3","4483.3","0.125","0.125","96","48","95.75","47.75","rotation_allowed","2","49","51","0","true","https://woodcuttool.com/templates/window-seat-cut-list/"
"2026-07-18","woodcuttool-maxrects-v1","window-seat","Window seat","Storage","7","4483.3","4483.3","0.125","0.125","96","48","95.75","47.75","orientation_locked","2","49","51","0","true","https://woodcuttool.com/templates/window-seat-cut-list/"
"2026-07-18","woodcuttool-maxrects-v1","window-seat","Window seat","Storage","7","4483.3","4483.3","0.125","0.1875","96","48","95.75","47.75","rotation_allowed","2","49","51","0","true","https://woodcuttool.com/templates/window-seat-cut-list/"
"2026-07-18","woodcuttool-maxrects-v1","window-seat","Window seat","Storage","7","4483.3","4483.3","0.125","0.1875","96","48","95.75","47.75","orientation_locked","2","49","51","0","true","https://woodcuttool.com/templates/window-seat-cut-list/"
"2026-07-18","woodcuttool-maxrects-v1","window-seat","Window seat","Storage","7","4483.3","4483.3","0.125","0.25","96","48","95.75","47.75","rotation_allowed","2","49","51","0","true","https://woodcuttool.com/templates/window-seat-cut-list/"
"2026-07-18","woodcuttool-maxrects-v1","window-seat","Window seat","Storage","7","4483.3","4483.3","0.125","0.25","96","48","95.75","47.75","orientation_locked","2","49","51","0","true","https://woodcuttool.com/templates/window-seat-cut-list/"
"2026-07-18","woodcuttool-maxrects-v1","window-seat","Window seat","Storage","7","4483.3","4483.3","0.25","0","96","48","95.5","47.5","rotation_allowed","2","49.4","50.6","0","true","https://woodcuttool.com/templates/window-seat-cut-list/"
"2026-07-18","woodcuttool-maxrects-v1","window-seat","Window seat","Storage","7","4483.3","4483.3","0.25","0","96","48","95.5","47.5","orientation_locked","2","49.4","50.6","0","true","https://woodcuttool.com/templates/window-seat-cut-list/"
"2026-07-18","woodcuttool-maxrects-v1","window-seat","Window seat","Storage","7","4483.3","4483.3","0.25","0.03125","96","48","95.5","47.5","rotation_allowed","2","49.4","50.6","0","true","https://woodcuttool.com/templates/window-seat-cut-list/"
"2026-07-18","woodcuttool-maxrects-v1","window-seat","Window seat","Storage","7","4483.3","4483.3","0.25","0.03125","96","48","95.5","47.5","orientation_locked","2","49.4","50.6","0","true","https://woodcuttool.com/templates/window-seat-cut-list/"
"2026-07-18","woodcuttool-maxrects-v1","window-seat","Window seat","Storage","7","4483.3","4483.3","0.25","0.0625","96","48","95.5","47.5","rotation_allowed","2","49.4","50.6","0","true","https://woodcuttool.com/templates/window-seat-cut-list/"
"2026-07-18","woodcuttool-maxrects-v1","window-seat","Window seat","Storage","7","4483.3","4483.3","0.25","0.0625","96","48","95.5","47.5","orientation_locked","2","49.4","50.6","0","true","https://woodcuttool.com/templates/window-seat-cut-list/"
"2026-07-18","woodcuttool-maxrects-v1","window-seat","Window seat","Storage","7","4483.3","4483.3","0.25","0.09375","96","48","95.5","47.5","rotation_allowed","2","49.4","50.6","0","true","https://woodcuttool.com/templates/window-seat-cut-list/"
"2026-07-18","woodcuttool-maxrects-v1","window-seat","Window seat","Storage","7","4483.3","4483.3","0.25","0.09375","96","48","95.5","47.5","orientation_locked","2","49.4","50.6","0","true","https://woodcuttool.com/templates/window-seat-cut-list/"
"2026-07-18","woodcuttool-maxrects-v1","window-seat","Window seat","Storage","7","4483.3","4483.3","0.25","0.125","96","48","95.5","47.5","rotation_allowed","2","49.4","50.6","0","true","https://woodcuttool.com/templates/window-seat-cut-list/"
"2026-07-18","woodcuttool-maxrects-v1","window-seat","Window seat","Storage","7","4483.3","4483.3","0.25","0.125","96","48","95.5","47.5","orientation_locked","2","49.4","50.6","0","true","https://woodcuttool.com/templates/window-seat-cut-list/"
"2026-07-18","woodcuttool-maxrects-v1","window-seat","Window seat","Storage","7","4483.3","4483.3","0.25","0.1875","96","48","95.5","47.5","rotation_allowed","2","49.4","50.6","0","true","https://woodcuttool.com/templates/window-seat-cut-list/"
"2026-07-18","woodcuttool-maxrects-v1","window-seat","Window seat","Storage","7","4483.3","4483.3","0.25","0.1875","96","48","95.5","47.5","orientation_locked","2","49.4","50.6","0","true","https://woodcuttool.com/templates/window-seat-cut-list/"
"2026-07-18","woodcuttool-maxrects-v1","window-seat","Window seat","Storage","7","4483.3","4483.3","0.25","0.25","96","48","95.5","47.5","rotation_allowed","2","49.4","50.6","0","true","https://woodcuttool.com/templates/window-seat-cut-list/"
"2026-07-18","woodcuttool-maxrects-v1","window-seat","Window seat","Storage","7","4483.3","4483.3","0.25","0.25","96","48","95.5","47.5","orientation_locked","2","49.4","50.6","0","true","https://woodcuttool.com/templates/window-seat-cut-list/"
"2026-07-18","woodcuttool-maxrects-v1","window-seat","Window seat","Storage","7","4483.3","4483.3","0.5","0","96","48","95","47","rotation_allowed","2","50.2","49.8","0","true","https://woodcuttool.com/templates/window-seat-cut-list/"
"2026-07-18","woodcuttool-maxrects-v1","window-seat","Window seat","Storage","7","4483.3","4483.3","0.5","0","96","48","95","47","orientation_locked","2","50.2","49.8","0","true","https://woodcuttool.com/templates/window-seat-cut-list/"
"2026-07-18","woodcuttool-maxrects-v1","window-seat","Window seat","Storage","7","4483.3","4483.3","0.5","0.03125","96","48","95","47","rotation_allowed","2","50.2","49.8","0","true","https://woodcuttool.com/templates/window-seat-cut-list/"
"2026-07-18","woodcuttool-maxrects-v1","window-seat","Window seat","Storage","7","4483.3","4483.3","0.5","0.03125","96","48","95","47","orientation_locked","2","50.2","49.8","0","true","https://woodcuttool.com/templates/window-seat-cut-list/"
"2026-07-18","woodcuttool-maxrects-v1","window-seat","Window seat","Storage","7","4483.3","4483.3","0.5","0.0625","96","48","95","47","rotation_allowed","2","50.2","49.8","0","true","https://woodcuttool.com/templates/window-seat-cut-list/"
"2026-07-18","woodcuttool-maxrects-v1","window-seat","Window seat","Storage","7","4483.3","4483.3","0.5","0.0625","96","48","95","47","orientation_locked","2","50.2","49.8","0","true","https://woodcuttool.com/templates/window-seat-cut-list/"
"2026-07-18","woodcuttool-maxrects-v1","window-seat","Window seat","Storage","7","4483.3","4483.3","0.5","0.09375","96","48","95","47","rotation_allowed","2","50.2","49.8","0","true","https://woodcuttool.com/templates/window-seat-cut-list/"
"2026-07-18","woodcuttool-maxrects-v1","window-seat","Window seat","Storage","7","4483.3","4483.3","0.5","0.09375","96","48","95","47","orientation_locked","2","50.2","49.8","0","true","https://woodcuttool.com/templates/window-seat-cut-list/"
"2026-07-18","woodcuttool-maxrects-v1","window-seat","Window seat","Storage","7","4483.3","4483.3","0.5","0.125","96","48","95","47","rotation_allowed","2","50.2","49.8","0","true","https://woodcuttool.com/templates/window-seat-cut-list/"
"2026-07-18","woodcuttool-maxrects-v1","window-seat","Window seat","Storage","7","4483.3","4483.3","0.5","0.125","96","48","95","47","orientation_locked","2","50.2","49.8","0","true","https://woodcuttool.com/templates/window-seat-cut-list/"
"2026-07-18","woodcuttool-maxrects-v1","window-seat","Window seat","Storage","7","4483.3","4483.3","0.5","0.1875","96","48","95","47","rotation_allowed","2","50.2","49.8","0","true","https://woodcuttool.com/templates/window-seat-cut-list/"
"2026-07-18","woodcuttool-maxrects-v1","window-seat","Window seat","Storage","7","4483.3","4483.3","0.5","0.1875","96","48","95","47","orientation_locked","2","50.2","49.8","0","true","https://woodcuttool.com/templates/window-seat-cut-list/"
"2026-07-18","woodcuttool-maxrects-v1","window-seat","Window seat","Storage","7","4483.3","4483.3","0.5","0.25","96","48","95","47","rotation_allowed","2","50.2","49.8","0","true","https://woodcuttool.com/templates/window-seat-cut-list/"
"2026-07-18","woodcuttool-maxrects-v1","window-seat","Window seat","Storage","7","4483.3","4483.3","0.5","0.25","96","48","95","47","orientation_locked","2","50.2","49.8","0","true","https://woodcuttool.com/templates/window-seat-cut-list/"
"2026-07-18","woodcuttool-maxrects-v1","window-seat","Window seat","Storage","7","4483.3","4483.3","1","0","96","48","94","46","rotation_allowed","2","51.8","48.2","0","true","https://woodcuttool.com/templates/window-seat-cut-list/"
"2026-07-18","woodcuttool-maxrects-v1","window-seat","Window seat","Storage","7","4483.3","4483.3","1","0","96","48","94","46","orientation_locked","2","51.8","48.2","0","true","https://woodcuttool.com/templates/window-seat-cut-list/"
"2026-07-18","woodcuttool-maxrects-v1","window-seat","Window seat","Storage","7","4483.3","4483.3","1","0.03125","96","48","94","46","rotation_allowed","2","51.8","48.2","0","true","https://woodcuttool.com/templates/window-seat-cut-list/"
"2026-07-18","woodcuttool-maxrects-v1","window-seat","Window seat","Storage","7","4483.3","4483.3","1","0.03125","96","48","94","46","orientation_locked","2","51.8","48.2","0","true","https://woodcuttool.com/templates/window-seat-cut-list/"
"2026-07-18","woodcuttool-maxrects-v1","window-seat","Window seat","Storage","7","4483.3","4483.3","1","0.0625","96","48","94","46","rotation_allowed","2","51.8","48.2","0","true","https://woodcuttool.com/templates/window-seat-cut-list/"
"2026-07-18","woodcuttool-maxrects-v1","window-seat","Window seat","Storage","7","4483.3","4483.3","1","0.0625","96","48","94","46","orientation_locked","2","51.8","48.2","0","true","https://woodcuttool.com/templates/window-seat-cut-list/"
"2026-07-18","woodcuttool-maxrects-v1","window-seat","Window seat","Storage","7","4483.3","4483.3","1","0.09375","96","48","94","46","rotation_allowed","2","51.8","48.2","0","true","https://woodcuttool.com/templates/window-seat-cut-list/"
"2026-07-18","woodcuttool-maxrects-v1","window-seat","Window seat","Storage","7","4483.3","4483.3","1","0.09375","96","48","94","46","orientation_locked","2","51.8","48.2","0","true","https://woodcuttool.com/templates/window-seat-cut-list/"
"2026-07-18","woodcuttool-maxrects-v1","window-seat","Window seat","Storage","7","4483.3","4483.3","1","0.125","96","48","94","46","rotation_allowed","2","51.8","48.2","0","true","https://woodcuttool.com/templates/window-seat-cut-list/"
"2026-07-18","woodcuttool-maxrects-v1","window-seat","Window seat","Storage","7","4483.3","4483.3","1","0.125","96","48","94","46","orientation_locked","2","51.8","48.2","0","true","https://woodcuttool.com/templates/window-seat-cut-list/"
"2026-07-18","woodcuttool-maxrects-v1","window-seat","Window seat","Storage","7","4483.3","4483.3","1","0.1875","96","48","94","46","rotation_allowed","2","51.8","48.2","0","true","https://woodcuttool.com/templates/window-seat-cut-list/"
"2026-07-18","woodcuttool-maxrects-v1","window-seat","Window seat","Storage","7","4483.3","4483.3","1","0.1875","96","48","94","46","orientation_locked","2","51.8","48.2","0","true","https://woodcuttool.com/templates/window-seat-cut-list/"
"2026-07-18","woodcuttool-maxrects-v1","window-seat","Window seat","Storage","7","4483.3","4483.3","1","0.25","96","48","94","46","rotation_allowed","2","51.8","48.2","0","true","https://woodcuttool.com/templates/window-seat-cut-list/"
"2026-07-18","woodcuttool-maxrects-v1","window-seat","Window seat","Storage","7","4483.3","4483.3","1","0.25","96","48","94","46","orientation_locked","2","51.8","48.2","0","true","https://woodcuttool.com/templates/window-seat-cut-list/"
"2026-07-18","woodcuttool-maxrects-v1","utility-closet","Utility closet cabinet","Storage","8","8571.8","8571.8","0","0","96","48","96","48","rotation_allowed","3","62","38","0","true","https://woodcuttool.com/templates/utility-closet-cut-list/"
"2026-07-18","woodcuttool-maxrects-v1","utility-closet","Utility closet cabinet","Storage","8","8571.8","8571.8","0","0","96","48","96","48","orientation_locked","3","62","38","0","true","https://woodcuttool.com/templates/utility-closet-cut-list/"
"2026-07-18","woodcuttool-maxrects-v1","utility-closet","Utility closet cabinet","Storage","8","8571.8","8571.8","0","0.03125","96","48","96","48","rotation_allowed","3","62","38","0","true","https://woodcuttool.com/templates/utility-closet-cut-list/"
"2026-07-18","woodcuttool-maxrects-v1","utility-closet","Utility closet cabinet","Storage","8","8571.8","8571.8","0","0.03125","96","48","96","48","orientation_locked","3","62","38","0","true","https://woodcuttool.com/templates/utility-closet-cut-list/"
"2026-07-18","woodcuttool-maxrects-v1","utility-closet","Utility closet cabinet","Storage","8","8571.8","8571.8","0","0.0625","96","48","96","48","rotation_allowed","3","62","38","0","true","https://woodcuttool.com/templates/utility-closet-cut-list/"
"2026-07-18","woodcuttool-maxrects-v1","utility-closet","Utility closet cabinet","Storage","8","8571.8","8571.8","0","0.0625","96","48","96","48","orientation_locked","3","62","38","0","true","https://woodcuttool.com/templates/utility-closet-cut-list/"
"2026-07-18","woodcuttool-maxrects-v1","utility-closet","Utility closet cabinet","Storage","8","8571.8","8571.8","0","0.09375","96","48","96","48","rotation_allowed","3","62","38","0","true","https://woodcuttool.com/templates/utility-closet-cut-list/"
"2026-07-18","woodcuttool-maxrects-v1","utility-closet","Utility closet cabinet","Storage","8","8571.8","8571.8","0","0.09375","96","48","96","48","orientation_locked","3","62","38","0","true","https://woodcuttool.com/templates/utility-closet-cut-list/"
"2026-07-18","woodcuttool-maxrects-v1","utility-closet","Utility closet cabinet","Storage","8","8571.8","8571.8","0","0.125","96","48","96","48","rotation_allowed","3","62","38","0","true","https://woodcuttool.com/templates/utility-closet-cut-list/"
"2026-07-18","woodcuttool-maxrects-v1","utility-closet","Utility closet cabinet","Storage","8","8571.8","8571.8","0","0.125","96","48","96","48","orientation_locked","3","62","38","0","true","https://woodcuttool.com/templates/utility-closet-cut-list/"
"2026-07-18","woodcuttool-maxrects-v1","utility-closet","Utility closet cabinet","Storage","8","8571.8","8571.8","0","0.1875","96","48","96","48","rotation_allowed","3","62","38","0","true","https://woodcuttool.com/templates/utility-closet-cut-list/"
"2026-07-18","woodcuttool-maxrects-v1","utility-closet","Utility closet cabinet","Storage","8","8571.8","8571.8","0","0.1875","96","48","96","48","orientation_locked","3","62","38","0","true","https://woodcuttool.com/templates/utility-closet-cut-list/"
"2026-07-18","woodcuttool-maxrects-v1","utility-closet","Utility closet cabinet","Storage","8","8571.8","8571.8","0","0.25","96","48","96","48","rotation_allowed","3","62","38","0","true","https://woodcuttool.com/templates/utility-closet-cut-list/"
"2026-07-18","woodcuttool-maxrects-v1","utility-closet","Utility closet cabinet","Storage","8","8571.8","8571.8","0","0.25","96","48","96","48","orientation_locked","3","62","38","0","true","https://woodcuttool.com/templates/utility-closet-cut-list/"
"2026-07-18","woodcuttool-maxrects-v1","utility-closet","Utility closet cabinet","Storage","8","8571.8","8571.8","0.125","0","96","48","95.75","47.75","rotation_allowed","3","62.5","37.5","0","true","https://woodcuttool.com/templates/utility-closet-cut-list/"
"2026-07-18","woodcuttool-maxrects-v1","utility-closet","Utility closet cabinet","Storage","8","8571.8","8571.8","0.125","0","96","48","95.75","47.75","orientation_locked","3","62.5","37.5","0","true","https://woodcuttool.com/templates/utility-closet-cut-list/"
"2026-07-18","woodcuttool-maxrects-v1","utility-closet","Utility closet cabinet","Storage","8","8571.8","8571.8","0.125","0.03125","96","48","95.75","47.75","rotation_allowed","3","62.5","37.5","0","true","https://woodcuttool.com/templates/utility-closet-cut-list/"
"2026-07-18","woodcuttool-maxrects-v1","utility-closet","Utility closet cabinet","Storage","8","8571.8","8571.8","0.125","0.03125","96","48","95.75","47.75","orientation_locked","3","62.5","37.5","0","true","https://woodcuttool.com/templates/utility-closet-cut-list/"
"2026-07-18","woodcuttool-maxrects-v1","utility-closet","Utility closet cabinet","Storage","8","8571.8","8571.8","0.125","0.0625","96","48","95.75","47.75","rotation_allowed","3","62.5","37.5","0","true","https://woodcuttool.com/templates/utility-closet-cut-list/"
"2026-07-18","woodcuttool-maxrects-v1","utility-closet","Utility closet cabinet","Storage","8","8571.8","8571.8","0.125","0.0625","96","48","95.75","47.75","orientation_locked","3","62.5","37.5","0","true","https://woodcuttool.com/templates/utility-closet-cut-list/"
"2026-07-18","woodcuttool-maxrects-v1","utility-closet","Utility closet cabinet","Storage","8","8571.8","8571.8","0.125","0.09375","96","48","95.75","47.75","rotation_allowed","3","62.5","37.5","0","true","https://woodcuttool.com/templates/utility-closet-cut-list/"
"2026-07-18","woodcuttool-maxrects-v1","utility-closet","Utility closet cabinet","Storage","8","8571.8","8571.8","0.125","0.09375","96","48","95.75","47.75","orientation_locked","3","62.5","37.5","0","true","https://woodcuttool.com/templates/utility-closet-cut-list/"
"2026-07-18","woodcuttool-maxrects-v1","utility-closet","Utility closet cabinet","Storage","8","8571.8","8571.8","0.125","0.125","96","48","95.75","47.75","rotation_allowed","3","62.5","37.5","0","true","https://woodcuttool.com/templates/utility-closet-cut-list/"
"2026-07-18","woodcuttool-maxrects-v1","utility-closet","Utility closet cabinet","Storage","8","8571.8","8571.8","0.125","0.125","96","48","95.75","47.75","orientation_locked","3","62.5","37.5","0","true","https://woodcuttool.com/templates/utility-closet-cut-list/"
"2026-07-18","woodcuttool-maxrects-v1","utility-closet","Utility closet cabinet","Storage","8","8571.8","8571.8","0.125","0.1875","96","48","95.75","47.75","rotation_allowed","3","62.5","37.5","0","true","https://woodcuttool.com/templates/utility-closet-cut-list/"
"2026-07-18","woodcuttool-maxrects-v1","utility-closet","Utility closet cabinet","Storage","8","8571.8","8571.8","0.125","0.1875","96","48","95.75","47.75","orientation_locked","3","62.5","37.5","0","true","https://woodcuttool.com/templates/utility-closet-cut-list/"
"2026-07-18","woodcuttool-maxrects-v1","utility-closet","Utility closet cabinet","Storage","8","8571.8","8571.8","0.125","0.25","96","48","95.75","47.75","rotation_allowed","3","62.5","37.5","0","true","https://woodcuttool.com/templates/utility-closet-cut-list/"
"2026-07-18","woodcuttool-maxrects-v1","utility-closet","Utility closet cabinet","Storage","8","8571.8","8571.8","0.125","0.25","96","48","95.75","47.75","orientation_locked","3","62.5","37.5","0","true","https://woodcuttool.com/templates/utility-closet-cut-list/"
"2026-07-18","woodcuttool-maxrects-v1","utility-closet","Utility closet cabinet","Storage","8","8571.8","8571.8","0.25","0","96","48","95.5","47.5","rotation_allowed","3","63","37","0","true","https://woodcuttool.com/templates/utility-closet-cut-list/"
"2026-07-18","woodcuttool-maxrects-v1","utility-closet","Utility closet cabinet","Storage","8","8571.8","8571.8","0.25","0","96","48","95.5","47.5","orientation_locked","3","63","37","0","true","https://woodcuttool.com/templates/utility-closet-cut-list/"
"2026-07-18","woodcuttool-maxrects-v1","utility-closet","Utility closet cabinet","Storage","8","8571.8","8571.8","0.25","0.03125","96","48","95.5","47.5","rotation_allowed","3","63","37","0","true","https://woodcuttool.com/templates/utility-closet-cut-list/"
"2026-07-18","woodcuttool-maxrects-v1","utility-closet","Utility closet cabinet","Storage","8","8571.8","8571.8","0.25","0.03125","96","48","95.5","47.5","orientation_locked","3","63","37","0","true","https://woodcuttool.com/templates/utility-closet-cut-list/"
"2026-07-18","woodcuttool-maxrects-v1","utility-closet","Utility closet cabinet","Storage","8","8571.8","8571.8","0.25","0.0625","96","48","95.5","47.5","rotation_allowed","3","63","37","0","true","https://woodcuttool.com/templates/utility-closet-cut-list/"
"2026-07-18","woodcuttool-maxrects-v1","utility-closet","Utility closet cabinet","Storage","8","8571.8","8571.8","0.25","0.0625","96","48","95.5","47.5","orientation_locked","3","63","37","0","true","https://woodcuttool.com/templates/utility-closet-cut-list/"
"2026-07-18","woodcuttool-maxrects-v1","utility-closet","Utility closet cabinet","Storage","8","8571.8","8571.8","0.25","0.09375","96","48","95.5","47.5","rotation_allowed","3","63","37","0","true","https://woodcuttool.com/templates/utility-closet-cut-list/"
"2026-07-18","woodcuttool-maxrects-v1","utility-closet","Utility closet cabinet","Storage","8","8571.8","8571.8","0.25","0.09375","96","48","95.5","47.5","orientation_locked","3","63","37","0","true","https://woodcuttool.com/templates/utility-closet-cut-list/"
"2026-07-18","woodcuttool-maxrects-v1","utility-closet","Utility closet cabinet","Storage","8","8571.8","8571.8","0.25","0.125","96","48","95.5","47.5","rotation_allowed","3","63","37","0","true","https://woodcuttool.com/templates/utility-closet-cut-list/"
"2026-07-18","woodcuttool-maxrects-v1","utility-closet","Utility closet cabinet","Storage","8","8571.8","8571.8","0.25","0.125","96","48","95.5","47.5","orientation_locked","3","63","37","0","true","https://woodcuttool.com/templates/utility-closet-cut-list/"
"2026-07-18","woodcuttool-maxrects-v1","utility-closet","Utility closet cabinet","Storage","8","8571.8","8571.8","0.25","0.1875","96","48","95.5","47.5","rotation_allowed","3","63","37","0","true","https://woodcuttool.com/templates/utility-closet-cut-list/"
"2026-07-18","woodcuttool-maxrects-v1","utility-closet","Utility closet cabinet","Storage","8","8571.8","8571.8","0.25","0.1875","96","48","95.5","47.5","orientation_locked","3","63","37","0","true","https://woodcuttool.com/templates/utility-closet-cut-list/"
"2026-07-18","woodcuttool-maxrects-v1","utility-closet","Utility closet cabinet","Storage","8","8571.8","8571.8","0.25","0.25","96","48","95.5","47.5","rotation_allowed","3","63","37","0","true","https://woodcuttool.com/templates/utility-closet-cut-list/"
"2026-07-18","woodcuttool-maxrects-v1","utility-closet","Utility closet cabinet","Storage","8","8571.8","8571.8","0.25","0.25","96","48","95.5","47.5","orientation_locked","3","63","37","0","true","https://woodcuttool.com/templates/utility-closet-cut-list/"
"2026-07-18","woodcuttool-maxrects-v1","utility-closet","Utility closet cabinet","Storage","8","8571.8","8571.8","0.5","0","96","48","95","47","rotation_allowed","3","64","36","0","true","https://woodcuttool.com/templates/utility-closet-cut-list/"
"2026-07-18","woodcuttool-maxrects-v1","utility-closet","Utility closet cabinet","Storage","8","8571.8","8571.8","0.5","0","96","48","95","47","orientation_locked","3","64","36","0","true","https://woodcuttool.com/templates/utility-closet-cut-list/"
"2026-07-18","woodcuttool-maxrects-v1","utility-closet","Utility closet cabinet","Storage","8","8571.8","8571.8","0.5","0.03125","96","48","95","47","rotation_allowed","3","64","36","0","true","https://woodcuttool.com/templates/utility-closet-cut-list/"
"2026-07-18","woodcuttool-maxrects-v1","utility-closet","Utility closet cabinet","Storage","8","8571.8","8571.8","0.5","0.03125","96","48","95","47","orientation_locked","3","64","36","0","true","https://woodcuttool.com/templates/utility-closet-cut-list/"
"2026-07-18","woodcuttool-maxrects-v1","utility-closet","Utility closet cabinet","Storage","8","8571.8","8571.8","0.5","0.0625","96","48","95","47","rotation_allowed","3","64","36","0","true","https://woodcuttool.com/templates/utility-closet-cut-list/"
"2026-07-18","woodcuttool-maxrects-v1","utility-closet","Utility closet cabinet","Storage","8","8571.8","8571.8","0.5","0.0625","96","48","95","47","orientation_locked","3","64","36","0","true","https://woodcuttool.com/templates/utility-closet-cut-list/"
"2026-07-18","woodcuttool-maxrects-v1","utility-closet","Utility closet cabinet","Storage","8","8571.8","8571.8","0.5","0.09375","96","48","95","47","rotation_allowed","3","64","36","0","true","https://woodcuttool.com/templates/utility-closet-cut-list/"
"2026-07-18","woodcuttool-maxrects-v1","utility-closet","Utility closet cabinet","Storage","8","8571.8","8571.8","0.5","0.09375","96","48","95","47","orientation_locked","3","64","36","0","true","https://woodcuttool.com/templates/utility-closet-cut-list/"
"2026-07-18","woodcuttool-maxrects-v1","utility-closet","Utility closet cabinet","Storage","8","8571.8","8571.8","0.5","0.125","96","48","95","47","rotation_allowed","3","64","36","0","true","https://woodcuttool.com/templates/utility-closet-cut-list/"
"2026-07-18","woodcuttool-maxrects-v1","utility-closet","Utility closet cabinet","Storage","8","8571.8","8571.8","0.5","0.125","96","48","95","47","orientation_locked","3","64","36","0","true","https://woodcuttool.com/templates/utility-closet-cut-list/"
"2026-07-18","woodcuttool-maxrects-v1","utility-closet","Utility closet cabinet","Storage","8","8571.8","8571.8","0.5","0.1875","96","48","95","47","rotation_allowed","3","64","36","0","true","https://woodcuttool.com/templates/utility-closet-cut-list/"
"2026-07-18","woodcuttool-maxrects-v1","utility-closet","Utility closet cabinet","Storage","8","8571.8","8571.8","0.5","0.1875","96","48","95","47","orientation_locked","3","64","36","0","true","https://woodcuttool.com/templates/utility-closet-cut-list/"
"2026-07-18","woodcuttool-maxrects-v1","utility-closet","Utility closet cabinet","Storage","8","8571.8","8571.8","0.5","0.25","96","48","95","47","rotation_allowed","3","64","36","0","true","https://woodcuttool.com/templates/utility-closet-cut-list/"
"2026-07-18","woodcuttool-maxrects-v1","utility-closet","Utility closet cabinet","Storage","8","8571.8","8571.8","0.5","0.25","96","48","95","47","orientation_locked","3","64","36","0","true","https://woodcuttool.com/templates/utility-closet-cut-list/"
"2026-07-18","woodcuttool-maxrects-v1","utility-closet","Utility closet cabinet","Storage","8","8571.8","8571.8","1","0","96","48","94","46","rotation_allowed","3","66.1","33.9","0","true","https://woodcuttool.com/templates/utility-closet-cut-list/"
"2026-07-18","woodcuttool-maxrects-v1","utility-closet","Utility closet cabinet","Storage","8","8571.8","8571.8","1","0","96","48","94","46","orientation_locked","3","66.1","33.9","0","true","https://woodcuttool.com/templates/utility-closet-cut-list/"
"2026-07-18","woodcuttool-maxrects-v1","utility-closet","Utility closet cabinet","Storage","8","8571.8","8571.8","1","0.03125","96","48","94","46","rotation_allowed","3","66.1","33.9","0","true","https://woodcuttool.com/templates/utility-closet-cut-list/"
"2026-07-18","woodcuttool-maxrects-v1","utility-closet","Utility closet cabinet","Storage","8","8571.8","8571.8","1","0.03125","96","48","94","46","orientation_locked","3","66.1","33.9","0","true","https://woodcuttool.com/templates/utility-closet-cut-list/"
"2026-07-18","woodcuttool-maxrects-v1","utility-closet","Utility closet cabinet","Storage","8","8571.8","8571.8","1","0.0625","96","48","94","46","rotation_allowed","3","66.1","33.9","0","true","https://woodcuttool.com/templates/utility-closet-cut-list/"
"2026-07-18","woodcuttool-maxrects-v1","utility-closet","Utility closet cabinet","Storage","8","8571.8","8571.8","1","0.0625","96","48","94","46","orientation_locked","3","66.1","33.9","0","true","https://woodcuttool.com/templates/utility-closet-cut-list/"
"2026-07-18","woodcuttool-maxrects-v1","utility-closet","Utility closet cabinet","Storage","8","8571.8","8571.8","1","0.09375","96","48","94","46","rotation_allowed","3","66.1","33.9","0","true","https://woodcuttool.com/templates/utility-closet-cut-list/"
"2026-07-18","woodcuttool-maxrects-v1","utility-closet","Utility closet cabinet","Storage","8","8571.8","8571.8","1","0.09375","96","48","94","46","orientation_locked","3","66.1","33.9","0","true","https://woodcuttool.com/templates/utility-closet-cut-list/"
"2026-07-18","woodcuttool-maxrects-v1","utility-closet","Utility closet cabinet","Storage","8","8571.8","8571.8","1","0.125","96","48","94","46","rotation_allowed","3","66.1","33.9","0","true","https://woodcuttool.com/templates/utility-closet-cut-list/"
"2026-07-18","woodcuttool-maxrects-v1","utility-closet","Utility closet cabinet","Storage","8","8571.8","8571.8","1","0.125","96","48","94","46","orientation_locked","3","66.1","33.9","0","true","https://woodcuttool.com/templates/utility-closet-cut-list/"
"2026-07-18","woodcuttool-maxrects-v1","utility-closet","Utility closet cabinet","Storage","8","8571.8","8571.8","1","0.1875","96","48","94","46","rotation_allowed","3","66.1","33.9","0","true","https://woodcuttool.com/templates/utility-closet-cut-list/"
"2026-07-18","woodcuttool-maxrects-v1","utility-closet","Utility closet cabinet","Storage","8","8571.8","8571.8","1","0.1875","96","48","94","46","orientation_locked","3","66.1","33.9","0","true","https://woodcuttool.com/templates/utility-closet-cut-list/"
"2026-07-18","woodcuttool-maxrects-v1","utility-closet","Utility closet cabinet","Storage","8","8571.8","8571.8","1","0.25","96","48","94","46","rotation_allowed","3","66.1","33.9","0","true","https://woodcuttool.com/templates/utility-closet-cut-list/"
"2026-07-18","woodcuttool-maxrects-v1","utility-closet","Utility closet cabinet","Storage","8","8571.8","8571.8","1","0.25","96","48","94","46","orientation_locked","3","66.1","33.9","0","true","https://woodcuttool.com/templates/utility-closet-cut-list/"
"2026-07-18","woodcuttool-maxrects-v1","under-bed-drawers","Under-bed drawers","Storage","12","3356","3356","0","0","96","48","96","48","rotation_allowed","1","72.8","27.2","0","true","https://woodcuttool.com/templates/under-bed-drawer-cut-list/"
"2026-07-18","woodcuttool-maxrects-v1","under-bed-drawers","Under-bed drawers","Storage","12","3356","3356","0","0","96","48","96","48","orientation_locked","1","72.8","27.2","0","true","https://woodcuttool.com/templates/under-bed-drawer-cut-list/"
"2026-07-18","woodcuttool-maxrects-v1","under-bed-drawers","Under-bed drawers","Storage","12","3356","3356","0","0.03125","96","48","96","48","rotation_allowed","1","72.8","27.2","0","true","https://woodcuttool.com/templates/under-bed-drawer-cut-list/"
"2026-07-18","woodcuttool-maxrects-v1","under-bed-drawers","Under-bed drawers","Storage","12","3356","3356","0","0.03125","96","48","96","48","orientation_locked","1","72.8","27.2","0","true","https://woodcuttool.com/templates/under-bed-drawer-cut-list/"
"2026-07-18","woodcuttool-maxrects-v1","under-bed-drawers","Under-bed drawers","Storage","12","3356","3356","0","0.0625","96","48","96","48","rotation_allowed","1","72.8","27.2","0","true","https://woodcuttool.com/templates/under-bed-drawer-cut-list/"
"2026-07-18","woodcuttool-maxrects-v1","under-bed-drawers","Under-bed drawers","Storage","12","3356","3356","0","0.0625","96","48","96","48","orientation_locked","1","72.8","27.2","0","true","https://woodcuttool.com/templates/under-bed-drawer-cut-list/"
"2026-07-18","woodcuttool-maxrects-v1","under-bed-drawers","Under-bed drawers","Storage","12","3356","3356","0","0.09375","96","48","96","48","rotation_allowed","1","72.8","27.2","0","true","https://woodcuttool.com/templates/under-bed-drawer-cut-list/"
"2026-07-18","woodcuttool-maxrects-v1","under-bed-drawers","Under-bed drawers","Storage","12","3356","3356","0","0.09375","96","48","96","48","orientation_locked","1","72.8","27.2","0","true","https://woodcuttool.com/templates/under-bed-drawer-cut-list/"
"2026-07-18","woodcuttool-maxrects-v1","under-bed-drawers","Under-bed drawers","Storage","12","3356","3356","0","0.125","96","48","96","48","rotation_allowed","1","72.8","27.2","0","true","https://woodcuttool.com/templates/under-bed-drawer-cut-list/"
"2026-07-18","woodcuttool-maxrects-v1","under-bed-drawers","Under-bed drawers","Storage","12","3356","3356","0","0.125","96","48","96","48","orientation_locked","1","72.8","27.2","0","true","https://woodcuttool.com/templates/under-bed-drawer-cut-list/"
"2026-07-18","woodcuttool-maxrects-v1","under-bed-drawers","Under-bed drawers","Storage","12","3356","3356","0","0.1875","96","48","96","48","rotation_allowed","1","72.8","27.2","0","true","https://woodcuttool.com/templates/under-bed-drawer-cut-list/"
"2026-07-18","woodcuttool-maxrects-v1","under-bed-drawers","Under-bed drawers","Storage","12","3356","3356","0","0.1875","96","48","96","48","orientation_locked","1","72.8","27.2","0","true","https://woodcuttool.com/templates/under-bed-drawer-cut-list/"
"2026-07-18","woodcuttool-maxrects-v1","under-bed-drawers","Under-bed drawers","Storage","12","3356","3356","0","0.25","96","48","96","48","rotation_allowed","1","72.8","27.2","0","true","https://woodcuttool.com/templates/under-bed-drawer-cut-list/"
"2026-07-18","woodcuttool-maxrects-v1","under-bed-drawers","Under-bed drawers","Storage","12","3356","3356","0","0.25","96","48","96","48","orientation_locked","1","72.8","27.2","0","true","https://woodcuttool.com/templates/under-bed-drawer-cut-list/"
"2026-07-18","woodcuttool-maxrects-v1","under-bed-drawers","Under-bed drawers","Storage","12","3356","3356","0.125","0","96","48","95.75","47.75","rotation_allowed","1","73.4","26.6","0","true","https://woodcuttool.com/templates/under-bed-drawer-cut-list/"
"2026-07-18","woodcuttool-maxrects-v1","under-bed-drawers","Under-bed drawers","Storage","12","3356","3356","0.125","0","96","48","95.75","47.75","orientation_locked","1","73.4","26.6","0","true","https://woodcuttool.com/templates/under-bed-drawer-cut-list/"
"2026-07-18","woodcuttool-maxrects-v1","under-bed-drawers","Under-bed drawers","Storage","12","3356","3356","0.125","0.03125","96","48","95.75","47.75","rotation_allowed","1","73.4","26.6","0","true","https://woodcuttool.com/templates/under-bed-drawer-cut-list/"
"2026-07-18","woodcuttool-maxrects-v1","under-bed-drawers","Under-bed drawers","Storage","12","3356","3356","0.125","0.03125","96","48","95.75","47.75","orientation_locked","1","73.4","26.6","0","true","https://woodcuttool.com/templates/under-bed-drawer-cut-list/"
"2026-07-18","woodcuttool-maxrects-v1","under-bed-drawers","Under-bed drawers","Storage","12","3356","3356","0.125","0.0625","96","48","95.75","47.75","rotation_allowed","1","73.4","26.6","0","true","https://woodcuttool.com/templates/under-bed-drawer-cut-list/"
"2026-07-18","woodcuttool-maxrects-v1","under-bed-drawers","Under-bed drawers","Storage","12","3356","3356","0.125","0.0625","96","48","95.75","47.75","orientation_locked","1","73.4","26.6","0","true","https://woodcuttool.com/templates/under-bed-drawer-cut-list/"
"2026-07-18","woodcuttool-maxrects-v1","under-bed-drawers","Under-bed drawers","Storage","12","3356","3356","0.125","0.09375","96","48","95.75","47.75","rotation_allowed","1","73.4","26.6","0","true","https://woodcuttool.com/templates/under-bed-drawer-cut-list/"
"2026-07-18","woodcuttool-maxrects-v1","under-bed-drawers","Under-bed drawers","Storage","12","3356","3356","0.125","0.09375","96","48","95.75","47.75","orientation_locked","1","73.4","26.6","0","true","https://woodcuttool.com/templates/under-bed-drawer-cut-list/"
"2026-07-18","woodcuttool-maxrects-v1","under-bed-drawers","Under-bed drawers","Storage","12","3356","3356","0.125","0.125","96","48","95.75","47.75","rotation_allowed","1","73.4","26.6","0","true","https://woodcuttool.com/templates/under-bed-drawer-cut-list/"
"2026-07-18","woodcuttool-maxrects-v1","under-bed-drawers","Under-bed drawers","Storage","12","3356","3356","0.125","0.125","96","48","95.75","47.75","orientation_locked","1","73.4","26.6","0","true","https://woodcuttool.com/templates/under-bed-drawer-cut-list/"
"2026-07-18","woodcuttool-maxrects-v1","under-bed-drawers","Under-bed drawers","Storage","12","3356","3356","0.125","0.1875","96","48","95.75","47.75","rotation_allowed","1","73.4","26.6","0","true","https://woodcuttool.com/templates/under-bed-drawer-cut-list/"
"2026-07-18","woodcuttool-maxrects-v1","under-bed-drawers","Under-bed drawers","Storage","12","3356","3356","0.125","0.1875","96","48","95.75","47.75","orientation_locked","1","73.4","26.6","0","true","https://woodcuttool.com/templates/under-bed-drawer-cut-list/"
"2026-07-18","woodcuttool-maxrects-v1","under-bed-drawers","Under-bed drawers","Storage","12","3356","3356","0.125","0.25","96","48","95.75","47.75","rotation_allowed","1","73.4","26.6","0","true","https://woodcuttool.com/templates/under-bed-drawer-cut-list/"
"2026-07-18","woodcuttool-maxrects-v1","under-bed-drawers","Under-bed drawers","Storage","12","3356","3356","0.125","0.25","96","48","95.75","47.75","orientation_locked","1","73.4","26.6","0","true","https://woodcuttool.com/templates/under-bed-drawer-cut-list/"
"2026-07-18","woodcuttool-maxrects-v1","under-bed-drawers","Under-bed drawers","Storage","12","3356","3356","0.25","0","96","48","95.5","47.5","rotation_allowed","1","74","26","0","true","https://woodcuttool.com/templates/under-bed-drawer-cut-list/"
"2026-07-18","woodcuttool-maxrects-v1","under-bed-drawers","Under-bed drawers","Storage","12","3356","3356","0.25","0","96","48","95.5","47.5","orientation_locked","1","74","26","0","true","https://woodcuttool.com/templates/under-bed-drawer-cut-list/"
"2026-07-18","woodcuttool-maxrects-v1","under-bed-drawers","Under-bed drawers","Storage","12","3356","3356","0.25","0.03125","96","48","95.5","47.5","rotation_allowed","1","74","26","0","true","https://woodcuttool.com/templates/under-bed-drawer-cut-list/"
"2026-07-18","woodcuttool-maxrects-v1","under-bed-drawers","Under-bed drawers","Storage","12","3356","3356","0.25","0.03125","96","48","95.5","47.5","orientation_locked","1","74","26","0","true","https://woodcuttool.com/templates/under-bed-drawer-cut-list/"
"2026-07-18","woodcuttool-maxrects-v1","under-bed-drawers","Under-bed drawers","Storage","12","3356","3356","0.25","0.0625","96","48","95.5","47.5","rotation_allowed","1","74","26","0","true","https://woodcuttool.com/templates/under-bed-drawer-cut-list/"
"2026-07-18","woodcuttool-maxrects-v1","under-bed-drawers","Under-bed drawers","Storage","12","3356","3356","0.25","0.0625","96","48","95.5","47.5","orientation_locked","1","74","26","0","true","https://woodcuttool.com/templates/under-bed-drawer-cut-list/"
"2026-07-18","woodcuttool-maxrects-v1","under-bed-drawers","Under-bed drawers","Storage","12","3356","3356","0.25","0.09375","96","48","95.5","47.5","rotation_allowed","1","74","26","0","true","https://woodcuttool.com/templates/under-bed-drawer-cut-list/"
"2026-07-18","woodcuttool-maxrects-v1","under-bed-drawers","Under-bed drawers","Storage","12","3356","3356","0.25","0.09375","96","48","95.5","47.5","orientation_locked","1","74","26","0","true","https://woodcuttool.com/templates/under-bed-drawer-cut-list/"
"2026-07-18","woodcuttool-maxrects-v1","under-bed-drawers","Under-bed drawers","Storage","12","3356","3356","0.25","0.125","96","48","95.5","47.5","rotation_allowed","1","74","26","0","true","https://woodcuttool.com/templates/under-bed-drawer-cut-list/"
"2026-07-18","woodcuttool-maxrects-v1","under-bed-drawers","Under-bed drawers","Storage","12","3356","3356","0.25","0.125","96","48","95.5","47.5","orientation_locked","1","74","26","0","true","https://woodcuttool.com/templates/under-bed-drawer-cut-list/"
"2026-07-18","woodcuttool-maxrects-v1","under-bed-drawers","Under-bed drawers","Storage","12","3356","3356","0.25","0.1875","96","48","95.5","47.5","rotation_allowed","1","74","26","0","true","https://woodcuttool.com/templates/under-bed-drawer-cut-list/"
"2026-07-18","woodcuttool-maxrects-v1","under-bed-drawers","Under-bed drawers","Storage","12","3356","3356","0.25","0.1875","96","48","95.5","47.5","orientation_locked","1","74","26","0","true","https://woodcuttool.com/templates/under-bed-drawer-cut-list/"
"2026-07-18","woodcuttool-maxrects-v1","under-bed-drawers","Under-bed drawers","Storage","12","3356","3356","0.25","0.25","96","48","95.5","47.5","rotation_allowed","1","74","26","0","true","https://woodcuttool.com/templates/under-bed-drawer-cut-list/"
"2026-07-18","woodcuttool-maxrects-v1","under-bed-drawers","Under-bed drawers","Storage","12","3356","3356","0.25","0.25","96","48","95.5","47.5","orientation_locked","1","74","26","0","true","https://woodcuttool.com/templates/under-bed-drawer-cut-list/"
"2026-07-18","woodcuttool-maxrects-v1","under-bed-drawers","Under-bed drawers","Storage","12","3356","3356","0.5","0","96","48","95","47","rotation_allowed","1","75.2","24.8","0","true","https://woodcuttool.com/templates/under-bed-drawer-cut-list/"
"2026-07-18","woodcuttool-maxrects-v1","under-bed-drawers","Under-bed drawers","Storage","12","3356","3356","0.5","0","96","48","95","47","orientation_locked","1","75.2","24.8","0","true","https://woodcuttool.com/templates/under-bed-drawer-cut-list/"
"2026-07-18","woodcuttool-maxrects-v1","under-bed-drawers","Under-bed drawers","Storage","12","3356","3356","0.5","0.03125","96","48","95","47","rotation_allowed","1","75.2","24.8","0","true","https://woodcuttool.com/templates/under-bed-drawer-cut-list/"
"2026-07-18","woodcuttool-maxrects-v1","under-bed-drawers","Under-bed drawers","Storage","12","3356","3356","0.5","0.03125","96","48","95","47","orientation_locked","1","75.2","24.8","0","true","https://woodcuttool.com/templates/under-bed-drawer-cut-list/"
"2026-07-18","woodcuttool-maxrects-v1","under-bed-drawers","Under-bed drawers","Storage","12","3356","3356","0.5","0.0625","96","48","95","47","rotation_allowed","1","75.2","24.8","0","true","https://woodcuttool.com/templates/under-bed-drawer-cut-list/"
"2026-07-18","woodcuttool-maxrects-v1","under-bed-drawers","Under-bed drawers","Storage","12","3356","3356","0.5","0.0625","96","48","95","47","orientation_locked","1","75.2","24.8","0","true","https://woodcuttool.com/templates/under-bed-drawer-cut-list/"
"2026-07-18","woodcuttool-maxrects-v1","under-bed-drawers","Under-bed drawers","Storage","12","3356","3356","0.5","0.09375","96","48","95","47","rotation_allowed","1","75.2","24.8","0","true","https://woodcuttool.com/templates/under-bed-drawer-cut-list/"
"2026-07-18","woodcuttool-maxrects-v1","under-bed-drawers","Under-bed drawers","Storage","12","3356","3356","0.5","0.09375","96","48","95","47","orientation_locked","1","75.2","24.8","0","true","https://woodcuttool.com/templates/under-bed-drawer-cut-list/"
"2026-07-18","woodcuttool-maxrects-v1","under-bed-drawers","Under-bed drawers","Storage","12","3356","3356","0.5","0.125","96","48","95","47","rotation_allowed","1","75.2","24.8","0","true","https://woodcuttool.com/templates/under-bed-drawer-cut-list/"
"2026-07-18","woodcuttool-maxrects-v1","under-bed-drawers","Under-bed drawers","Storage","12","3356","3356","0.5","0.125","96","48","95","47","orientation_locked","1","75.2","24.8","0","true","https://woodcuttool.com/templates/under-bed-drawer-cut-list/"
"2026-07-18","woodcuttool-maxrects-v1","under-bed-drawers","Under-bed drawers","Storage","12","3356","3356","0.5","0.1875","96","48","95","47","rotation_allowed","1","75.2","24.8","0","true","https://woodcuttool.com/templates/under-bed-drawer-cut-list/"
"2026-07-18","woodcuttool-maxrects-v1","under-bed-drawers","Under-bed drawers","Storage","12","3356","3356","0.5","0.1875","96","48","95","47","orientation_locked","1","75.2","24.8","0","true","https://woodcuttool.com/templates/under-bed-drawer-cut-list/"
"2026-07-18","woodcuttool-maxrects-v1","under-bed-drawers","Under-bed drawers","Storage","12","3356","3356","0.5","0.25","96","48","95","47","rotation_allowed","1","75.2","24.8","0","true","https://woodcuttool.com/templates/under-bed-drawer-cut-list/"
"2026-07-18","woodcuttool-maxrects-v1","under-bed-drawers","Under-bed drawers","Storage","12","3356","3356","0.5","0.25","96","48","95","47","orientation_locked","1","75.2","24.8","0","true","https://woodcuttool.com/templates/under-bed-drawer-cut-list/"
"2026-07-18","woodcuttool-maxrects-v1","under-bed-drawers","Under-bed drawers","Storage","12","3356","3356","1","0","96","48","94","46","rotation_allowed","1","77.6","22.4","0","true","https://woodcuttool.com/templates/under-bed-drawer-cut-list/"
"2026-07-18","woodcuttool-maxrects-v1","under-bed-drawers","Under-bed drawers","Storage","12","3356","3356","1","0","96","48","94","46","orientation_locked","1","77.6","22.4","0","true","https://woodcuttool.com/templates/under-bed-drawer-cut-list/"
"2026-07-18","woodcuttool-maxrects-v1","under-bed-drawers","Under-bed drawers","Storage","12","3356","3356","1","0.03125","96","48","94","46","rotation_allowed","1","77.6","22.4","0","true","https://woodcuttool.com/templates/under-bed-drawer-cut-list/"
"2026-07-18","woodcuttool-maxrects-v1","under-bed-drawers","Under-bed drawers","Storage","12","3356","3356","1","0.03125","96","48","94","46","orientation_locked","1","77.6","22.4","0","true","https://woodcuttool.com/templates/under-bed-drawer-cut-list/"
"2026-07-18","woodcuttool-maxrects-v1","under-bed-drawers","Under-bed drawers","Storage","12","3356","3356","1","0.0625","96","48","94","46","rotation_allowed","1","77.6","22.4","0","true","https://woodcuttool.com/templates/under-bed-drawer-cut-list/"
"2026-07-18","woodcuttool-maxrects-v1","under-bed-drawers","Under-bed drawers","Storage","12","3356","3356","1","0.0625","96","48","94","46","orientation_locked","1","77.6","22.4","0","true","https://woodcuttool.com/templates/under-bed-drawer-cut-list/"
"2026-07-18","woodcuttool-maxrects-v1","under-bed-drawers","Under-bed drawers","Storage","12","3356","3356","1","0.09375","96","48","94","46","rotation_allowed","1","77.6","22.4","0","true","https://woodcuttool.com/templates/under-bed-drawer-cut-list/"
"2026-07-18","woodcuttool-maxrects-v1","under-bed-drawers","Under-bed drawers","Storage","12","3356","3356","1","0.09375","96","48","94","46","orientation_locked","1","77.6","22.4","0","true","https://woodcuttool.com/templates/under-bed-drawer-cut-list/"
"2026-07-18","woodcuttool-maxrects-v1","under-bed-drawers","Under-bed drawers","Storage","12","3356","3356","1","0.125","96","48","94","46","rotation_allowed","1","77.6","22.4","0","true","https://woodcuttool.com/templates/under-bed-drawer-cut-list/"
"2026-07-18","woodcuttool-maxrects-v1","under-bed-drawers","Under-bed drawers","Storage","12","3356","3356","1","0.125","96","48","94","46","orientation_locked","1","77.6","22.4","0","true","https://woodcuttool.com/templates/under-bed-drawer-cut-list/"
"2026-07-18","woodcuttool-maxrects-v1","under-bed-drawers","Under-bed drawers","Storage","12","3356","3356","1","0.1875","96","48","94","46","rotation_allowed","1","77.6","22.4","0","true","https://woodcuttool.com/templates/under-bed-drawer-cut-list/"
"2026-07-18","woodcuttool-maxrects-v1","under-bed-drawers","Under-bed drawers","Storage","12","3356","3356","1","0.1875","96","48","94","46","orientation_locked","1","77.6","22.4","0","true","https://woodcuttool.com/templates/under-bed-drawer-cut-list/"
"2026-07-18","woodcuttool-maxrects-v1","under-bed-drawers","Under-bed drawers","Storage","12","3356","3356","1","0.25","96","48","94","46","rotation_allowed","1","77.6","22.4","0","true","https://woodcuttool.com/templates/under-bed-drawer-cut-list/"
"2026-07-18","woodcuttool-maxrects-v1","under-bed-drawers","Under-bed drawers","Storage","12","3356","3356","1","0.25","96","48","94","46","orientation_locked","1","77.6","22.4","0","true","https://woodcuttool.com/templates/under-bed-drawer-cut-list/"
"2026-07-18","woodcuttool-maxrects-v1","coffee-table","Coffee table","Furniture","6","3340.5","3340.5","0","0","96","48","96","48","rotation_allowed","1","72.5","27.5","0","true","https://woodcuttool.com/templates/coffee-table-cut-list/"
"2026-07-18","woodcuttool-maxrects-v1","coffee-table","Coffee table","Furniture","6","3340.5","3340.5","0","0","96","48","96","48","orientation_locked","2","36.2","63.8","0","true","https://woodcuttool.com/templates/coffee-table-cut-list/"
"2026-07-18","woodcuttool-maxrects-v1","coffee-table","Coffee table","Furniture","6","3340.5","3340.5","0","0.03125","96","48","96","48","rotation_allowed","1","72.5","27.5","0","true","https://woodcuttool.com/templates/coffee-table-cut-list/"
"2026-07-18","woodcuttool-maxrects-v1","coffee-table","Coffee table","Furniture","6","3340.5","3340.5","0","0.03125","96","48","96","48","orientation_locked","2","36.2","63.8","0","true","https://woodcuttool.com/templates/coffee-table-cut-list/"
"2026-07-18","woodcuttool-maxrects-v1","coffee-table","Coffee table","Furniture","6","3340.5","3340.5","0","0.0625","96","48","96","48","rotation_allowed","1","72.5","27.5","0","true","https://woodcuttool.com/templates/coffee-table-cut-list/"
"2026-07-18","woodcuttool-maxrects-v1","coffee-table","Coffee table","Furniture","6","3340.5","3340.5","0","0.0625","96","48","96","48","orientation_locked","2","36.2","63.8","0","true","https://woodcuttool.com/templates/coffee-table-cut-list/"
"2026-07-18","woodcuttool-maxrects-v1","coffee-table","Coffee table","Furniture","6","3340.5","3340.5","0","0.09375","96","48","96","48","rotation_allowed","1","72.5","27.5","0","true","https://woodcuttool.com/templates/coffee-table-cut-list/"
"2026-07-18","woodcuttool-maxrects-v1","coffee-table","Coffee table","Furniture","6","3340.5","3340.5","0","0.09375","96","48","96","48","orientation_locked","2","36.2","63.8","0","true","https://woodcuttool.com/templates/coffee-table-cut-list/"
"2026-07-18","woodcuttool-maxrects-v1","coffee-table","Coffee table","Furniture","6","3340.5","3340.5","0","0.125","96","48","96","48","rotation_allowed","1","72.5","27.5","0","true","https://woodcuttool.com/templates/coffee-table-cut-list/"
"2026-07-18","woodcuttool-maxrects-v1","coffee-table","Coffee table","Furniture","6","3340.5","3340.5","0","0.125","96","48","96","48","orientation_locked","2","36.2","63.8","0","true","https://woodcuttool.com/templates/coffee-table-cut-list/"
"2026-07-18","woodcuttool-maxrects-v1","coffee-table","Coffee table","Furniture","6","3340.5","3340.5","0","0.1875","96","48","96","48","rotation_allowed","1","72.5","27.5","0","true","https://woodcuttool.com/templates/coffee-table-cut-list/"
"2026-07-18","woodcuttool-maxrects-v1","coffee-table","Coffee table","Furniture","6","3340.5","3340.5","0","0.1875","96","48","96","48","orientation_locked","2","36.2","63.8","0","true","https://woodcuttool.com/templates/coffee-table-cut-list/"
"2026-07-18","woodcuttool-maxrects-v1","coffee-table","Coffee table","Furniture","6","3340.5","3340.5","0","0.25","96","48","96","48","rotation_allowed","1","72.5","27.5","0","true","https://woodcuttool.com/templates/coffee-table-cut-list/"
"2026-07-18","woodcuttool-maxrects-v1","coffee-table","Coffee table","Furniture","6","3340.5","3340.5","0","0.25","96","48","96","48","orientation_locked","2","36.2","63.8","0","true","https://woodcuttool.com/templates/coffee-table-cut-list/"
"2026-07-18","woodcuttool-maxrects-v1","coffee-table","Coffee table","Furniture","6","3340.5","3340.5","0.125","0","96","48","95.75","47.75","rotation_allowed","1","73.1","26.9","0","true","https://woodcuttool.com/templates/coffee-table-cut-list/"
"2026-07-18","woodcuttool-maxrects-v1","coffee-table","Coffee table","Furniture","6","3340.5","3340.5","0.125","0","96","48","95.75","47.75","orientation_locked","2","36.5","63.5","0","true","https://woodcuttool.com/templates/coffee-table-cut-list/"
"2026-07-18","woodcuttool-maxrects-v1","coffee-table","Coffee table","Furniture","6","3340.5","3340.5","0.125","0.03125","96","48","95.75","47.75","rotation_allowed","1","73.1","26.9","0","true","https://woodcuttool.com/templates/coffee-table-cut-list/"
"2026-07-18","woodcuttool-maxrects-v1","coffee-table","Coffee table","Furniture","6","3340.5","3340.5","0.125","0.03125","96","48","95.75","47.75","orientation_locked","2","36.5","63.5","0","true","https://woodcuttool.com/templates/coffee-table-cut-list/"
"2026-07-18","woodcuttool-maxrects-v1","coffee-table","Coffee table","Furniture","6","3340.5","3340.5","0.125","0.0625","96","48","95.75","47.75","rotation_allowed","1","73.1","26.9","0","true","https://woodcuttool.com/templates/coffee-table-cut-list/"
"2026-07-18","woodcuttool-maxrects-v1","coffee-table","Coffee table","Furniture","6","3340.5","3340.5","0.125","0.0625","96","48","95.75","47.75","orientation_locked","2","36.5","63.5","0","true","https://woodcuttool.com/templates/coffee-table-cut-list/"
"2026-07-18","woodcuttool-maxrects-v1","coffee-table","Coffee table","Furniture","6","3340.5","3340.5","0.125","0.09375","96","48","95.75","47.75","rotation_allowed","1","73.1","26.9","0","true","https://woodcuttool.com/templates/coffee-table-cut-list/"
"2026-07-18","woodcuttool-maxrects-v1","coffee-table","Coffee table","Furniture","6","3340.5","3340.5","0.125","0.09375","96","48","95.75","47.75","orientation_locked","2","36.5","63.5","0","true","https://woodcuttool.com/templates/coffee-table-cut-list/"
"2026-07-18","woodcuttool-maxrects-v1","coffee-table","Coffee table","Furniture","6","3340.5","3340.5","0.125","0.125","96","48","95.75","47.75","rotation_allowed","1","73.1","26.9","0","true","https://woodcuttool.com/templates/coffee-table-cut-list/"
"2026-07-18","woodcuttool-maxrects-v1","coffee-table","Coffee table","Furniture","6","3340.5","3340.5","0.125","0.125","96","48","95.75","47.75","orientation_locked","2","36.5","63.5","0","true","https://woodcuttool.com/templates/coffee-table-cut-list/"
"2026-07-18","woodcuttool-maxrects-v1","coffee-table","Coffee table","Furniture","6","3340.5","3340.5","0.125","0.1875","96","48","95.75","47.75","rotation_allowed","1","73.1","26.9","0","true","https://woodcuttool.com/templates/coffee-table-cut-list/"
"2026-07-18","woodcuttool-maxrects-v1","coffee-table","Coffee table","Furniture","6","3340.5","3340.5","0.125","0.1875","96","48","95.75","47.75","orientation_locked","2","36.5","63.5","0","true","https://woodcuttool.com/templates/coffee-table-cut-list/"
"2026-07-18","woodcuttool-maxrects-v1","coffee-table","Coffee table","Furniture","6","3340.5","3340.5","0.125","0.25","96","48","95.75","47.75","rotation_allowed","1","73.1","26.9","0","true","https://woodcuttool.com/templates/coffee-table-cut-list/"
"2026-07-18","woodcuttool-maxrects-v1","coffee-table","Coffee table","Furniture","6","3340.5","3340.5","0.125","0.25","96","48","95.75","47.75","orientation_locked","2","36.5","63.5","0","true","https://woodcuttool.com/templates/coffee-table-cut-list/"
"2026-07-18","woodcuttool-maxrects-v1","coffee-table","Coffee table","Furniture","6","3340.5","3340.5","0.25","0","96","48","95.5","47.5","rotation_allowed","1","73.6","26.4","0","true","https://woodcuttool.com/templates/coffee-table-cut-list/"
"2026-07-18","woodcuttool-maxrects-v1","coffee-table","Coffee table","Furniture","6","3340.5","3340.5","0.25","0","96","48","95.5","47.5","orientation_locked","2","36.8","63.2","0","true","https://woodcuttool.com/templates/coffee-table-cut-list/"
"2026-07-18","woodcuttool-maxrects-v1","coffee-table","Coffee table","Furniture","6","3340.5","3340.5","0.25","0.03125","96","48","95.5","47.5","rotation_allowed","1","73.6","26.4","0","true","https://woodcuttool.com/templates/coffee-table-cut-list/"
"2026-07-18","woodcuttool-maxrects-v1","coffee-table","Coffee table","Furniture","6","3340.5","3340.5","0.25","0.03125","96","48","95.5","47.5","orientation_locked","2","36.8","63.2","0","true","https://woodcuttool.com/templates/coffee-table-cut-list/"
"2026-07-18","woodcuttool-maxrects-v1","coffee-table","Coffee table","Furniture","6","3340.5","3340.5","0.25","0.0625","96","48","95.5","47.5","rotation_allowed","1","73.6","26.4","0","true","https://woodcuttool.com/templates/coffee-table-cut-list/"
"2026-07-18","woodcuttool-maxrects-v1","coffee-table","Coffee table","Furniture","6","3340.5","3340.5","0.25","0.0625","96","48","95.5","47.5","orientation_locked","2","36.8","63.2","0","true","https://woodcuttool.com/templates/coffee-table-cut-list/"
"2026-07-18","woodcuttool-maxrects-v1","coffee-table","Coffee table","Furniture","6","3340.5","3340.5","0.25","0.09375","96","48","95.5","47.5","rotation_allowed","1","73.6","26.4","0","true","https://woodcuttool.com/templates/coffee-table-cut-list/"
"2026-07-18","woodcuttool-maxrects-v1","coffee-table","Coffee table","Furniture","6","3340.5","3340.5","0.25","0.09375","96","48","95.5","47.5","orientation_locked","2","36.8","63.2","0","true","https://woodcuttool.com/templates/coffee-table-cut-list/"
"2026-07-18","woodcuttool-maxrects-v1","coffee-table","Coffee table","Furniture","6","3340.5","3340.5","0.25","0.125","96","48","95.5","47.5","rotation_allowed","1","73.6","26.4","0","true","https://woodcuttool.com/templates/coffee-table-cut-list/"
"2026-07-18","woodcuttool-maxrects-v1","coffee-table","Coffee table","Furniture","6","3340.5","3340.5","0.25","0.125","96","48","95.5","47.5","orientation_locked","2","36.8","63.2","0","true","https://woodcuttool.com/templates/coffee-table-cut-list/"
"2026-07-18","woodcuttool-maxrects-v1","coffee-table","Coffee table","Furniture","6","3340.5","3340.5","0.25","0.1875","96","48","95.5","47.5","rotation_allowed","1","73.6","26.4","0","true","https://woodcuttool.com/templates/coffee-table-cut-list/"
"2026-07-18","woodcuttool-maxrects-v1","coffee-table","Coffee table","Furniture","6","3340.5","3340.5","0.25","0.1875","96","48","95.5","47.5","orientation_locked","2","36.8","63.2","0","true","https://woodcuttool.com/templates/coffee-table-cut-list/"
"2026-07-18","woodcuttool-maxrects-v1","coffee-table","Coffee table","Furniture","6","3340.5","3340.5","0.25","0.25","96","48","95.5","47.5","rotation_allowed","1","73.6","26.4","0","true","https://woodcuttool.com/templates/coffee-table-cut-list/"
"2026-07-18","woodcuttool-maxrects-v1","coffee-table","Coffee table","Furniture","6","3340.5","3340.5","0.25","0.25","96","48","95.5","47.5","orientation_locked","2","36.8","63.2","0","true","https://woodcuttool.com/templates/coffee-table-cut-list/"
"2026-07-18","woodcuttool-maxrects-v1","coffee-table","Coffee table","Furniture","6","3340.5","3340.5","0.5","0","96","48","95","47","rotation_allowed","1","74.8","25.2","0","true","https://woodcuttool.com/templates/coffee-table-cut-list/"
"2026-07-18","woodcuttool-maxrects-v1","coffee-table","Coffee table","Furniture","6","3340.5","3340.5","0.5","0","96","48","95","47","orientation_locked","2","37.4","62.6","0","true","https://woodcuttool.com/templates/coffee-table-cut-list/"
"2026-07-18","woodcuttool-maxrects-v1","coffee-table","Coffee table","Furniture","6","3340.5","3340.5","0.5","0.03125","96","48","95","47","rotation_allowed","1","74.8","25.2","0","true","https://woodcuttool.com/templates/coffee-table-cut-list/"
"2026-07-18","woodcuttool-maxrects-v1","coffee-table","Coffee table","Furniture","6","3340.5","3340.5","0.5","0.03125","96","48","95","47","orientation_locked","2","37.4","62.6","0","true","https://woodcuttool.com/templates/coffee-table-cut-list/"
"2026-07-18","woodcuttool-maxrects-v1","coffee-table","Coffee table","Furniture","6","3340.5","3340.5","0.5","0.0625","96","48","95","47","rotation_allowed","1","74.8","25.2","0","true","https://woodcuttool.com/templates/coffee-table-cut-list/"
"2026-07-18","woodcuttool-maxrects-v1","coffee-table","Coffee table","Furniture","6","3340.5","3340.5","0.5","0.0625","96","48","95","47","orientation_locked","2","37.4","62.6","0","true","https://woodcuttool.com/templates/coffee-table-cut-list/"
"2026-07-18","woodcuttool-maxrects-v1","coffee-table","Coffee table","Furniture","6","3340.5","3340.5","0.5","0.09375","96","48","95","47","rotation_allowed","1","74.8","25.2","0","true","https://woodcuttool.com/templates/coffee-table-cut-list/"
"2026-07-18","woodcuttool-maxrects-v1","coffee-table","Coffee table","Furniture","6","3340.5","3340.5","0.5","0.09375","96","48","95","47","orientation_locked","2","37.4","62.6","0","true","https://woodcuttool.com/templates/coffee-table-cut-list/"
"2026-07-18","woodcuttool-maxrects-v1","coffee-table","Coffee table","Furniture","6","3340.5","3340.5","0.5","0.125","96","48","95","47","rotation_allowed","1","74.8","25.2","0","true","https://woodcuttool.com/templates/coffee-table-cut-list/"
"2026-07-18","woodcuttool-maxrects-v1","coffee-table","Coffee table","Furniture","6","3340.5","3340.5","0.5","0.125","96","48","95","47","orientation_locked","2","37.4","62.6","0","true","https://woodcuttool.com/templates/coffee-table-cut-list/"
"2026-07-18","woodcuttool-maxrects-v1","coffee-table","Coffee table","Furniture","6","3340.5","3340.5","0.5","0.1875","96","48","95","47","rotation_allowed","1","74.8","25.2","0","true","https://woodcuttool.com/templates/coffee-table-cut-list/"
"2026-07-18","woodcuttool-maxrects-v1","coffee-table","Coffee table","Furniture","6","3340.5","3340.5","0.5","0.1875","96","48","95","47","orientation_locked","2","37.4","62.6","0","true","https://woodcuttool.com/templates/coffee-table-cut-list/"
"2026-07-18","woodcuttool-maxrects-v1","coffee-table","Coffee table","Furniture","6","3340.5","3340.5","0.5","0.25","96","48","95","47","rotation_allowed","1","74.8","25.2","0","true","https://woodcuttool.com/templates/coffee-table-cut-list/"
"2026-07-18","woodcuttool-maxrects-v1","coffee-table","Coffee table","Furniture","6","3340.5","3340.5","0.5","0.25","96","48","95","47","orientation_locked","2","37.4","62.6","0","true","https://woodcuttool.com/templates/coffee-table-cut-list/"
"2026-07-18","woodcuttool-maxrects-v1","coffee-table","Coffee table","Furniture","6","3340.5","3340.5","1","0","96","48","94","46","rotation_allowed","1","77.3","22.7","0","true","https://woodcuttool.com/templates/coffee-table-cut-list/"
"2026-07-18","woodcuttool-maxrects-v1","coffee-table","Coffee table","Furniture","6","3340.5","3340.5","1","0","96","48","94","46","orientation_locked","2","38.6","61.4","0","true","https://woodcuttool.com/templates/coffee-table-cut-list/"
"2026-07-18","woodcuttool-maxrects-v1","coffee-table","Coffee table","Furniture","6","3340.5","3340.5","1","0.03125","96","48","94","46","rotation_allowed","1","77.3","22.7","0","true","https://woodcuttool.com/templates/coffee-table-cut-list/"
"2026-07-18","woodcuttool-maxrects-v1","coffee-table","Coffee table","Furniture","6","3340.5","3340.5","1","0.03125","96","48","94","46","orientation_locked","2","38.6","61.4","0","true","https://woodcuttool.com/templates/coffee-table-cut-list/"
"2026-07-18","woodcuttool-maxrects-v1","coffee-table","Coffee table","Furniture","6","3340.5","3340.5","1","0.0625","96","48","94","46","rotation_allowed","1","77.3","22.7","0","true","https://woodcuttool.com/templates/coffee-table-cut-list/"
"2026-07-18","woodcuttool-maxrects-v1","coffee-table","Coffee table","Furniture","6","3340.5","3340.5","1","0.0625","96","48","94","46","orientation_locked","2","38.6","61.4","0","true","https://woodcuttool.com/templates/coffee-table-cut-list/"
"2026-07-18","woodcuttool-maxrects-v1","coffee-table","Coffee table","Furniture","6","3340.5","3340.5","1","0.09375","96","48","94","46","rotation_allowed","1","77.3","22.7","0","true","https://woodcuttool.com/templates/coffee-table-cut-list/"
"2026-07-18","woodcuttool-maxrects-v1","coffee-table","Coffee table","Furniture","6","3340.5","3340.5","1","0.09375","96","48","94","46","orientation_locked","2","38.6","61.4","0","true","https://woodcuttool.com/templates/coffee-table-cut-list/"
"2026-07-18","woodcuttool-maxrects-v1","coffee-table","Coffee table","Furniture","6","3340.5","3340.5","1","0.125","96","48","94","46","rotation_allowed","1","77.3","22.7","0","true","https://woodcuttool.com/templates/coffee-table-cut-list/"
"2026-07-18","woodcuttool-maxrects-v1","coffee-table","Coffee table","Furniture","6","3340.5","3340.5","1","0.125","96","48","94","46","orientation_locked","2","38.6","61.4","0","true","https://woodcuttool.com/templates/coffee-table-cut-list/"
"2026-07-18","woodcuttool-maxrects-v1","coffee-table","Coffee table","Furniture","6","3340.5","3340.5","1","0.1875","96","48","94","46","rotation_allowed","1","77.3","22.7","0","true","https://woodcuttool.com/templates/coffee-table-cut-list/"
"2026-07-18","woodcuttool-maxrects-v1","coffee-table","Coffee table","Furniture","6","3340.5","3340.5","1","0.1875","96","48","94","46","orientation_locked","2","38.6","61.4","0","true","https://woodcuttool.com/templates/coffee-table-cut-list/"
"2026-07-18","woodcuttool-maxrects-v1","coffee-table","Coffee table","Furniture","6","3340.5","3340.5","1","0.25","96","48","94","46","rotation_allowed","1","77.3","22.7","0","true","https://woodcuttool.com/templates/coffee-table-cut-list/"
"2026-07-18","woodcuttool-maxrects-v1","coffee-table","Coffee table","Furniture","6","3340.5","3340.5","1","0.25","96","48","94","46","orientation_locked","2","38.6","61.4","0","true","https://woodcuttool.com/templates/coffee-table-cut-list/"
"2026-07-18","woodcuttool-maxrects-v1","console-table","Console table","Furniture","5","2164.5","2164.5","0","0","96","48","96","48","rotation_allowed","1","47","53","0","true","https://woodcuttool.com/templates/console-table-cut-list/"
"2026-07-18","woodcuttool-maxrects-v1","console-table","Console table","Furniture","5","2164.5","2164.5","0","0","96","48","96","48","orientation_locked","1","47","53","0","true","https://woodcuttool.com/templates/console-table-cut-list/"
"2026-07-18","woodcuttool-maxrects-v1","console-table","Console table","Furniture","5","2164.5","2164.5","0","0.03125","96","48","96","48","rotation_allowed","1","47","53","0","true","https://woodcuttool.com/templates/console-table-cut-list/"
"2026-07-18","woodcuttool-maxrects-v1","console-table","Console table","Furniture","5","2164.5","2164.5","0","0.03125","96","48","96","48","orientation_locked","1","47","53","0","true","https://woodcuttool.com/templates/console-table-cut-list/"
"2026-07-18","woodcuttool-maxrects-v1","console-table","Console table","Furniture","5","2164.5","2164.5","0","0.0625","96","48","96","48","rotation_allowed","1","47","53","0","true","https://woodcuttool.com/templates/console-table-cut-list/"
"2026-07-18","woodcuttool-maxrects-v1","console-table","Console table","Furniture","5","2164.5","2164.5","0","0.0625","96","48","96","48","orientation_locked","1","47","53","0","true","https://woodcuttool.com/templates/console-table-cut-list/"
"2026-07-18","woodcuttool-maxrects-v1","console-table","Console table","Furniture","5","2164.5","2164.5","0","0.09375","96","48","96","48","rotation_allowed","1","47","53","0","true","https://woodcuttool.com/templates/console-table-cut-list/"
"2026-07-18","woodcuttool-maxrects-v1","console-table","Console table","Furniture","5","2164.5","2164.5","0","0.09375","96","48","96","48","orientation_locked","1","47","53","0","true","https://woodcuttool.com/templates/console-table-cut-list/"
"2026-07-18","woodcuttool-maxrects-v1","console-table","Console table","Furniture","5","2164.5","2164.5","0","0.125","96","48","96","48","rotation_allowed","1","47","53","0","true","https://woodcuttool.com/templates/console-table-cut-list/"
"2026-07-18","woodcuttool-maxrects-v1","console-table","Console table","Furniture","5","2164.5","2164.5","0","0.125","96","48","96","48","orientation_locked","1","47","53","0","true","https://woodcuttool.com/templates/console-table-cut-list/"
"2026-07-18","woodcuttool-maxrects-v1","console-table","Console table","Furniture","5","2164.5","2164.5","0","0.1875","96","48","96","48","rotation_allowed","1","47","53","0","true","https://woodcuttool.com/templates/console-table-cut-list/"
"2026-07-18","woodcuttool-maxrects-v1","console-table","Console table","Furniture","5","2164.5","2164.5","0","0.1875","96","48","96","48","orientation_locked","1","47","53","0","true","https://woodcuttool.com/templates/console-table-cut-list/"
"2026-07-18","woodcuttool-maxrects-v1","console-table","Console table","Furniture","5","2164.5","2164.5","0","0.25","96","48","96","48","rotation_allowed","1","47","53","0","true","https://woodcuttool.com/templates/console-table-cut-list/"
"2026-07-18","woodcuttool-maxrects-v1","console-table","Console table","Furniture","5","2164.5","2164.5","0","0.25","96","48","96","48","orientation_locked","1","47","53","0","true","https://woodcuttool.com/templates/console-table-cut-list/"
"2026-07-18","woodcuttool-maxrects-v1","console-table","Console table","Furniture","5","2164.5","2164.5","0.125","0","96","48","95.75","47.75","rotation_allowed","1","47.3","52.7","0","true","https://woodcuttool.com/templates/console-table-cut-list/"
"2026-07-18","woodcuttool-maxrects-v1","console-table","Console table","Furniture","5","2164.5","2164.5","0.125","0","96","48","95.75","47.75","orientation_locked","1","47.3","52.7","0","true","https://woodcuttool.com/templates/console-table-cut-list/"
"2026-07-18","woodcuttool-maxrects-v1","console-table","Console table","Furniture","5","2164.5","2164.5","0.125","0.03125","96","48","95.75","47.75","rotation_allowed","1","47.3","52.7","0","true","https://woodcuttool.com/templates/console-table-cut-list/"
"2026-07-18","woodcuttool-maxrects-v1","console-table","Console table","Furniture","5","2164.5","2164.5","0.125","0.03125","96","48","95.75","47.75","orientation_locked","1","47.3","52.7","0","true","https://woodcuttool.com/templates/console-table-cut-list/"
"2026-07-18","woodcuttool-maxrects-v1","console-table","Console table","Furniture","5","2164.5","2164.5","0.125","0.0625","96","48","95.75","47.75","rotation_allowed","1","47.3","52.7","0","true","https://woodcuttool.com/templates/console-table-cut-list/"
"2026-07-18","woodcuttool-maxrects-v1","console-table","Console table","Furniture","5","2164.5","2164.5","0.125","0.0625","96","48","95.75","47.75","orientation_locked","1","47.3","52.7","0","true","https://woodcuttool.com/templates/console-table-cut-list/"
"2026-07-18","woodcuttool-maxrects-v1","console-table","Console table","Furniture","5","2164.5","2164.5","0.125","0.09375","96","48","95.75","47.75","rotation_allowed","1","47.3","52.7","0","true","https://woodcuttool.com/templates/console-table-cut-list/"
"2026-07-18","woodcuttool-maxrects-v1","console-table","Console table","Furniture","5","2164.5","2164.5","0.125","0.09375","96","48","95.75","47.75","orientation_locked","1","47.3","52.7","0","true","https://woodcuttool.com/templates/console-table-cut-list/"
"2026-07-18","woodcuttool-maxrects-v1","console-table","Console table","Furniture","5","2164.5","2164.5","0.125","0.125","96","48","95.75","47.75","rotation_allowed","1","47.3","52.7","0","true","https://woodcuttool.com/templates/console-table-cut-list/"
"2026-07-18","woodcuttool-maxrects-v1","console-table","Console table","Furniture","5","2164.5","2164.5","0.125","0.125","96","48","95.75","47.75","orientation_locked","1","47.3","52.7","0","true","https://woodcuttool.com/templates/console-table-cut-list/"
"2026-07-18","woodcuttool-maxrects-v1","console-table","Console table","Furniture","5","2164.5","2164.5","0.125","0.1875","96","48","95.75","47.75","rotation_allowed","1","47.3","52.7","0","true","https://woodcuttool.com/templates/console-table-cut-list/"
"2026-07-18","woodcuttool-maxrects-v1","console-table","Console table","Furniture","5","2164.5","2164.5","0.125","0.1875","96","48","95.75","47.75","orientation_locked","1","47.3","52.7","0","true","https://woodcuttool.com/templates/console-table-cut-list/"
"2026-07-18","woodcuttool-maxrects-v1","console-table","Console table","Furniture","5","2164.5","2164.5","0.125","0.25","96","48","95.75","47.75","rotation_allowed","1","47.3","52.7","0","true","https://woodcuttool.com/templates/console-table-cut-list/"
"2026-07-18","woodcuttool-maxrects-v1","console-table","Console table","Furniture","5","2164.5","2164.5","0.125","0.25","96","48","95.75","47.75","orientation_locked","1","47.3","52.7","0","true","https://woodcuttool.com/templates/console-table-cut-list/"
"2026-07-18","woodcuttool-maxrects-v1","console-table","Console table","Furniture","5","2164.5","2164.5","0.25","0","96","48","95.5","47.5","rotation_allowed","1","47.7","52.3","0","true","https://woodcuttool.com/templates/console-table-cut-list/"
"2026-07-18","woodcuttool-maxrects-v1","console-table","Console table","Furniture","5","2164.5","2164.5","0.25","0","96","48","95.5","47.5","orientation_locked","1","47.7","52.3","0","true","https://woodcuttool.com/templates/console-table-cut-list/"
"2026-07-18","woodcuttool-maxrects-v1","console-table","Console table","Furniture","5","2164.5","2164.5","0.25","0.03125","96","48","95.5","47.5","rotation_allowed","1","47.7","52.3","0","true","https://woodcuttool.com/templates/console-table-cut-list/"
"2026-07-18","woodcuttool-maxrects-v1","console-table","Console table","Furniture","5","2164.5","2164.5","0.25","0.03125","96","48","95.5","47.5","orientation_locked","1","47.7","52.3","0","true","https://woodcuttool.com/templates/console-table-cut-list/"
"2026-07-18","woodcuttool-maxrects-v1","console-table","Console table","Furniture","5","2164.5","2164.5","0.25","0.0625","96","48","95.5","47.5","rotation_allowed","1","47.7","52.3","0","true","https://woodcuttool.com/templates/console-table-cut-list/"
"2026-07-18","woodcuttool-maxrects-v1","console-table","Console table","Furniture","5","2164.5","2164.5","0.25","0.0625","96","48","95.5","47.5","orientation_locked","1","47.7","52.3","0","true","https://woodcuttool.com/templates/console-table-cut-list/"
"2026-07-18","woodcuttool-maxrects-v1","console-table","Console table","Furniture","5","2164.5","2164.5","0.25","0.09375","96","48","95.5","47.5","rotation_allowed","1","47.7","52.3","0","true","https://woodcuttool.com/templates/console-table-cut-list/"
"2026-07-18","woodcuttool-maxrects-v1","console-table","Console table","Furniture","5","2164.5","2164.5","0.25","0.09375","96","48","95.5","47.5","orientation_locked","1","47.7","52.3","0","true","https://woodcuttool.com/templates/console-table-cut-list/"
"2026-07-18","woodcuttool-maxrects-v1","console-table","Console table","Furniture","5","2164.5","2164.5","0.25","0.125","96","48","95.5","47.5","rotation_allowed","1","47.7","52.3","0","true","https://woodcuttool.com/templates/console-table-cut-list/"
"2026-07-18","woodcuttool-maxrects-v1","console-table","Console table","Furniture","5","2164.5","2164.5","0.25","0.125","96","48","95.5","47.5","orientation_locked","1","47.7","52.3","0","true","https://woodcuttool.com/templates/console-table-cut-list/"
"2026-07-18","woodcuttool-maxrects-v1","console-table","Console table","Furniture","5","2164.5","2164.5","0.25","0.1875","96","48","95.5","47.5","rotation_allowed","1","47.7","52.3","0","true","https://woodcuttool.com/templates/console-table-cut-list/"
"2026-07-18","woodcuttool-maxrects-v1","console-table","Console table","Furniture","5","2164.5","2164.5","0.25","0.1875","96","48","95.5","47.5","orientation_locked","1","47.7","52.3","0","true","https://woodcuttool.com/templates/console-table-cut-list/"
"2026-07-18","woodcuttool-maxrects-v1","console-table","Console table","Furniture","5","2164.5","2164.5","0.25","0.25","96","48","95.5","47.5","rotation_allowed","1","47.7","52.3","0","true","https://woodcuttool.com/templates/console-table-cut-list/"
"2026-07-18","woodcuttool-maxrects-v1","console-table","Console table","Furniture","5","2164.5","2164.5","0.25","0.25","96","48","95.5","47.5","orientation_locked","1","47.7","52.3","0","true","https://woodcuttool.com/templates/console-table-cut-list/"
"2026-07-18","woodcuttool-maxrects-v1","console-table","Console table","Furniture","5","2164.5","2164.5","0.5","0","96","48","95","47","rotation_allowed","1","48.5","51.5","0","true","https://woodcuttool.com/templates/console-table-cut-list/"
"2026-07-18","woodcuttool-maxrects-v1","console-table","Console table","Furniture","5","2164.5","2164.5","0.5","0","96","48","95","47","orientation_locked","1","48.5","51.5","0","true","https://woodcuttool.com/templates/console-table-cut-list/"
"2026-07-18","woodcuttool-maxrects-v1","console-table","Console table","Furniture","5","2164.5","2164.5","0.5","0.03125","96","48","95","47","rotation_allowed","1","48.5","51.5","0","true","https://woodcuttool.com/templates/console-table-cut-list/"
"2026-07-18","woodcuttool-maxrects-v1","console-table","Console table","Furniture","5","2164.5","2164.5","0.5","0.03125","96","48","95","47","orientation_locked","1","48.5","51.5","0","true","https://woodcuttool.com/templates/console-table-cut-list/"
"2026-07-18","woodcuttool-maxrects-v1","console-table","Console table","Furniture","5","2164.5","2164.5","0.5","0.0625","96","48","95","47","rotation_allowed","1","48.5","51.5","0","true","https://woodcuttool.com/templates/console-table-cut-list/"
"2026-07-18","woodcuttool-maxrects-v1","console-table","Console table","Furniture","5","2164.5","2164.5","0.5","0.0625","96","48","95","47","orientation_locked","1","48.5","51.5","0","true","https://woodcuttool.com/templates/console-table-cut-list/"
"2026-07-18","woodcuttool-maxrects-v1","console-table","Console table","Furniture","5","2164.5","2164.5","0.5","0.09375","96","48","95","47","rotation_allowed","1","48.5","51.5","0","true","https://woodcuttool.com/templates/console-table-cut-list/"
"2026-07-18","woodcuttool-maxrects-v1","console-table","Console table","Furniture","5","2164.5","2164.5","0.5","0.09375","96","48","95","47","orientation_locked","1","48.5","51.5","0","true","https://woodcuttool.com/templates/console-table-cut-list/"
"2026-07-18","woodcuttool-maxrects-v1","console-table","Console table","Furniture","5","2164.5","2164.5","0.5","0.125","96","48","95","47","rotation_allowed","1","48.5","51.5","0","true","https://woodcuttool.com/templates/console-table-cut-list/"
"2026-07-18","woodcuttool-maxrects-v1","console-table","Console table","Furniture","5","2164.5","2164.5","0.5","0.125","96","48","95","47","orientation_locked","1","48.5","51.5","0","true","https://woodcuttool.com/templates/console-table-cut-list/"
"2026-07-18","woodcuttool-maxrects-v1","console-table","Console table","Furniture","5","2164.5","2164.5","0.5","0.1875","96","48","95","47","rotation_allowed","1","48.5","51.5","0","true","https://woodcuttool.com/templates/console-table-cut-list/"
"2026-07-18","woodcuttool-maxrects-v1","console-table","Console table","Furniture","5","2164.5","2164.5","0.5","0.1875","96","48","95","47","orientation_locked","1","48.5","51.5","0","true","https://woodcuttool.com/templates/console-table-cut-list/"
"2026-07-18","woodcuttool-maxrects-v1","console-table","Console table","Furniture","5","2164.5","2164.5","0.5","0.25","96","48","95","47","rotation_allowed","1","48.5","51.5","0","true","https://woodcuttool.com/templates/console-table-cut-list/"
"2026-07-18","woodcuttool-maxrects-v1","console-table","Console table","Furniture","5","2164.5","2164.5","0.5","0.25","96","48","95","47","orientation_locked","1","48.5","51.5","0","true","https://woodcuttool.com/templates/console-table-cut-list/"
"2026-07-18","woodcuttool-maxrects-v1","console-table","Console table","Furniture","5","2164.5","2164.5","1","0","96","48","94","46","rotation_allowed","1","50.1","49.9","0","true","https://woodcuttool.com/templates/console-table-cut-list/"
"2026-07-18","woodcuttool-maxrects-v1","console-table","Console table","Furniture","5","2164.5","2164.5","1","0","96","48","94","46","orientation_locked","1","50.1","49.9","0","true","https://woodcuttool.com/templates/console-table-cut-list/"
"2026-07-18","woodcuttool-maxrects-v1","console-table","Console table","Furniture","5","2164.5","2164.5","1","0.03125","96","48","94","46","rotation_allowed","1","50.1","49.9","0","true","https://woodcuttool.com/templates/console-table-cut-list/"
"2026-07-18","woodcuttool-maxrects-v1","console-table","Console table","Furniture","5","2164.5","2164.5","1","0.03125","96","48","94","46","orientation_locked","1","50.1","49.9","0","true","https://woodcuttool.com/templates/console-table-cut-list/"
"2026-07-18","woodcuttool-maxrects-v1","console-table","Console table","Furniture","5","2164.5","2164.5","1","0.0625","96","48","94","46","rotation_allowed","1","50.1","49.9","0","true","https://woodcuttool.com/templates/console-table-cut-list/"
"2026-07-18","woodcuttool-maxrects-v1","console-table","Console table","Furniture","5","2164.5","2164.5","1","0.0625","96","48","94","46","orientation_locked","1","50.1","49.9","0","true","https://woodcuttool.com/templates/console-table-cut-list/"
"2026-07-18","woodcuttool-maxrects-v1","console-table","Console table","Furniture","5","2164.5","2164.5","1","0.09375","96","48","94","46","rotation_allowed","1","50.1","49.9","0","true","https://woodcuttool.com/templates/console-table-cut-list/"
"2026-07-18","woodcuttool-maxrects-v1","console-table","Console table","Furniture","5","2164.5","2164.5","1","0.09375","96","48","94","46","orientation_locked","1","50.1","49.9","0","true","https://woodcuttool.com/templates/console-table-cut-list/"
"2026-07-18","woodcuttool-maxrects-v1","console-table","Console table","Furniture","5","2164.5","2164.5","1","0.125","96","48","94","46","rotation_allowed","1","50.1","49.9","0","true","https://woodcuttool.com/templates/console-table-cut-list/"
"2026-07-18","woodcuttool-maxrects-v1","console-table","Console table","Furniture","5","2164.5","2164.5","1","0.125","96","48","94","46","orientation_locked","1","50.1","49.9","0","true","https://woodcuttool.com/templates/console-table-cut-list/"
"2026-07-18","woodcuttool-maxrects-v1","console-table","Console table","Furniture","5","2164.5","2164.5","1","0.1875","96","48","94","46","rotation_allowed","1","50.1","49.9","0","true","https://woodcuttool.com/templates/console-table-cut-list/"
"2026-07-18","woodcuttool-maxrects-v1","console-table","Console table","Furniture","5","2164.5","2164.5","1","0.1875","96","48","94","46","orientation_locked","1","50.1","49.9","0","true","https://woodcuttool.com/templates/console-table-cut-list/"
"2026-07-18","woodcuttool-maxrects-v1","console-table","Console table","Furniture","5","2164.5","2164.5","1","0.25","96","48","94","46","rotation_allowed","1","50.1","49.9","0","true","https://woodcuttool.com/templates/console-table-cut-list/"
"2026-07-18","woodcuttool-maxrects-v1","console-table","Console table","Furniture","5","2164.5","2164.5","1","0.25","96","48","94","46","orientation_locked","1","50.1","49.9","0","true","https://woodcuttool.com/templates/console-table-cut-list/"
"2026-07-18","woodcuttool-maxrects-v1","record-cabinet","Record cabinet","Furniture","8","5207.6","5207.6","0","0","96","48","96","48","rotation_allowed","2","56.5","43.5","0","true","https://woodcuttool.com/templates/record-cabinet-cut-list/"
"2026-07-18","woodcuttool-maxrects-v1","record-cabinet","Record cabinet","Furniture","8","5207.6","5207.6","0","0","96","48","96","48","orientation_locked","2","56.5","43.5","0","true","https://woodcuttool.com/templates/record-cabinet-cut-list/"
"2026-07-18","woodcuttool-maxrects-v1","record-cabinet","Record cabinet","Furniture","8","5207.6","5207.6","0","0.03125","96","48","96","48","rotation_allowed","2","56.5","43.5","0","true","https://woodcuttool.com/templates/record-cabinet-cut-list/"
"2026-07-18","woodcuttool-maxrects-v1","record-cabinet","Record cabinet","Furniture","8","5207.6","5207.6","0","0.03125","96","48","96","48","orientation_locked","2","56.5","43.5","0","true","https://woodcuttool.com/templates/record-cabinet-cut-list/"
"2026-07-18","woodcuttool-maxrects-v1","record-cabinet","Record cabinet","Furniture","8","5207.6","5207.6","0","0.0625","96","48","96","48","rotation_allowed","2","56.5","43.5","0","true","https://woodcuttool.com/templates/record-cabinet-cut-list/"
"2026-07-18","woodcuttool-maxrects-v1","record-cabinet","Record cabinet","Furniture","8","5207.6","5207.6","0","0.0625","96","48","96","48","orientation_locked","2","56.5","43.5","0","true","https://woodcuttool.com/templates/record-cabinet-cut-list/"
"2026-07-18","woodcuttool-maxrects-v1","record-cabinet","Record cabinet","Furniture","8","5207.6","5207.6","0","0.09375","96","48","96","48","rotation_allowed","2","56.5","43.5","0","true","https://woodcuttool.com/templates/record-cabinet-cut-list/"
"2026-07-18","woodcuttool-maxrects-v1","record-cabinet","Record cabinet","Furniture","8","5207.6","5207.6","0","0.09375","96","48","96","48","orientation_locked","2","56.5","43.5","0","true","https://woodcuttool.com/templates/record-cabinet-cut-list/"
"2026-07-18","woodcuttool-maxrects-v1","record-cabinet","Record cabinet","Furniture","8","5207.6","5207.6","0","0.125","96","48","96","48","rotation_allowed","2","56.5","43.5","0","true","https://woodcuttool.com/templates/record-cabinet-cut-list/"
"2026-07-18","woodcuttool-maxrects-v1","record-cabinet","Record cabinet","Furniture","8","5207.6","5207.6","0","0.125","96","48","96","48","orientation_locked","2","56.5","43.5","0","true","https://woodcuttool.com/templates/record-cabinet-cut-list/"
"2026-07-18","woodcuttool-maxrects-v1","record-cabinet","Record cabinet","Furniture","8","5207.6","5207.6","0","0.1875","96","48","96","48","rotation_allowed","2","56.5","43.5","0","true","https://woodcuttool.com/templates/record-cabinet-cut-list/"
"2026-07-18","woodcuttool-maxrects-v1","record-cabinet","Record cabinet","Furniture","8","5207.6","5207.6","0","0.1875","96","48","96","48","orientation_locked","2","56.5","43.5","0","true","https://woodcuttool.com/templates/record-cabinet-cut-list/"
"2026-07-18","woodcuttool-maxrects-v1","record-cabinet","Record cabinet","Furniture","8","5207.6","5207.6","0","0.25","96","48","96","48","rotation_allowed","2","56.5","43.5","0","true","https://woodcuttool.com/templates/record-cabinet-cut-list/"
"2026-07-18","woodcuttool-maxrects-v1","record-cabinet","Record cabinet","Furniture","8","5207.6","5207.6","0","0.25","96","48","96","48","orientation_locked","2","56.5","43.5","0","true","https://woodcuttool.com/templates/record-cabinet-cut-list/"
"2026-07-18","woodcuttool-maxrects-v1","record-cabinet","Record cabinet","Furniture","8","5207.6","5207.6","0.125","0","96","48","95.75","47.75","rotation_allowed","2","57","43","0","true","https://woodcuttool.com/templates/record-cabinet-cut-list/"
"2026-07-18","woodcuttool-maxrects-v1","record-cabinet","Record cabinet","Furniture","8","5207.6","5207.6","0.125","0","96","48","95.75","47.75","orientation_locked","2","57","43","0","true","https://woodcuttool.com/templates/record-cabinet-cut-list/"
"2026-07-18","woodcuttool-maxrects-v1","record-cabinet","Record cabinet","Furniture","8","5207.6","5207.6","0.125","0.03125","96","48","95.75","47.75","rotation_allowed","2","57","43","0","true","https://woodcuttool.com/templates/record-cabinet-cut-list/"
"2026-07-18","woodcuttool-maxrects-v1","record-cabinet","Record cabinet","Furniture","8","5207.6","5207.6","0.125","0.03125","96","48","95.75","47.75","orientation_locked","2","57","43","0","true","https://woodcuttool.com/templates/record-cabinet-cut-list/"
"2026-07-18","woodcuttool-maxrects-v1","record-cabinet","Record cabinet","Furniture","8","5207.6","5207.6","0.125","0.0625","96","48","95.75","47.75","rotation_allowed","2","57","43","0","true","https://woodcuttool.com/templates/record-cabinet-cut-list/"
"2026-07-18","woodcuttool-maxrects-v1","record-cabinet","Record cabinet","Furniture","8","5207.6","5207.6","0.125","0.0625","96","48","95.75","47.75","orientation_locked","2","57","43","0","true","https://woodcuttool.com/templates/record-cabinet-cut-list/"
"2026-07-18","woodcuttool-maxrects-v1","record-cabinet","Record cabinet","Furniture","8","5207.6","5207.6","0.125","0.09375","96","48","95.75","47.75","rotation_allowed","2","57","43","0","true","https://woodcuttool.com/templates/record-cabinet-cut-list/"
"2026-07-18","woodcuttool-maxrects-v1","record-cabinet","Record cabinet","Furniture","8","5207.6","5207.6","0.125","0.09375","96","48","95.75","47.75","orientation_locked","2","57","43","0","true","https://woodcuttool.com/templates/record-cabinet-cut-list/"
"2026-07-18","woodcuttool-maxrects-v1","record-cabinet","Record cabinet","Furniture","8","5207.6","5207.6","0.125","0.125","96","48","95.75","47.75","rotation_allowed","2","57","43","0","true","https://woodcuttool.com/templates/record-cabinet-cut-list/"
"2026-07-18","woodcuttool-maxrects-v1","record-cabinet","Record cabinet","Furniture","8","5207.6","5207.6","0.125","0.125","96","48","95.75","47.75","orientation_locked","2","57","43","0","true","https://woodcuttool.com/templates/record-cabinet-cut-list/"
"2026-07-18","woodcuttool-maxrects-v1","record-cabinet","Record cabinet","Furniture","8","5207.6","5207.6","0.125","0.1875","96","48","95.75","47.75","rotation_allowed","2","57","43","0","true","https://woodcuttool.com/templates/record-cabinet-cut-list/"
"2026-07-18","woodcuttool-maxrects-v1","record-cabinet","Record cabinet","Furniture","8","5207.6","5207.6","0.125","0.1875","96","48","95.75","47.75","orientation_locked","2","57","43","0","true","https://woodcuttool.com/templates/record-cabinet-cut-list/"
"2026-07-18","woodcuttool-maxrects-v1","record-cabinet","Record cabinet","Furniture","8","5207.6","5207.6","0.125","0.25","96","48","95.75","47.75","rotation_allowed","2","57","43","0","true","https://woodcuttool.com/templates/record-cabinet-cut-list/"
"2026-07-18","woodcuttool-maxrects-v1","record-cabinet","Record cabinet","Furniture","8","5207.6","5207.6","0.125","0.25","96","48","95.75","47.75","orientation_locked","2","57","43","0","true","https://woodcuttool.com/templates/record-cabinet-cut-list/"
"2026-07-18","woodcuttool-maxrects-v1","record-cabinet","Record cabinet","Furniture","8","5207.6","5207.6","0.25","0","96","48","95.5","47.5","rotation_allowed","2","57.4","42.6","0","true","https://woodcuttool.com/templates/record-cabinet-cut-list/"
"2026-07-18","woodcuttool-maxrects-v1","record-cabinet","Record cabinet","Furniture","8","5207.6","5207.6","0.25","0","96","48","95.5","47.5","orientation_locked","2","57.4","42.6","0","true","https://woodcuttool.com/templates/record-cabinet-cut-list/"
"2026-07-18","woodcuttool-maxrects-v1","record-cabinet","Record cabinet","Furniture","8","5207.6","5207.6","0.25","0.03125","96","48","95.5","47.5","rotation_allowed","2","57.4","42.6","0","true","https://woodcuttool.com/templates/record-cabinet-cut-list/"
"2026-07-18","woodcuttool-maxrects-v1","record-cabinet","Record cabinet","Furniture","8","5207.6","5207.6","0.25","0.03125","96","48","95.5","47.5","orientation_locked","2","57.4","42.6","0","true","https://woodcuttool.com/templates/record-cabinet-cut-list/"
"2026-07-18","woodcuttool-maxrects-v1","record-cabinet","Record cabinet","Furniture","8","5207.6","5207.6","0.25","0.0625","96","48","95.5","47.5","rotation_allowed","2","57.4","42.6","0","true","https://woodcuttool.com/templates/record-cabinet-cut-list/"
"2026-07-18","woodcuttool-maxrects-v1","record-cabinet","Record cabinet","Furniture","8","5207.6","5207.6","0.25","0.0625","96","48","95.5","47.5","orientation_locked","2","57.4","42.6","0","true","https://woodcuttool.com/templates/record-cabinet-cut-list/"
"2026-07-18","woodcuttool-maxrects-v1","record-cabinet","Record cabinet","Furniture","8","5207.6","5207.6","0.25","0.09375","96","48","95.5","47.5","rotation_allowed","2","57.4","42.6","0","true","https://woodcuttool.com/templates/record-cabinet-cut-list/"
"2026-07-18","woodcuttool-maxrects-v1","record-cabinet","Record cabinet","Furniture","8","5207.6","5207.6","0.25","0.09375","96","48","95.5","47.5","orientation_locked","2","57.4","42.6","0","true","https://woodcuttool.com/templates/record-cabinet-cut-list/"
"2026-07-18","woodcuttool-maxrects-v1","record-cabinet","Record cabinet","Furniture","8","5207.6","5207.6","0.25","0.125","96","48","95.5","47.5","rotation_allowed","2","57.4","42.6","0","true","https://woodcuttool.com/templates/record-cabinet-cut-list/"
"2026-07-18","woodcuttool-maxrects-v1","record-cabinet","Record cabinet","Furniture","8","5207.6","5207.6","0.25","0.125","96","48","95.5","47.5","orientation_locked","2","57.4","42.6","0","true","https://woodcuttool.com/templates/record-cabinet-cut-list/"
"2026-07-18","woodcuttool-maxrects-v1","record-cabinet","Record cabinet","Furniture","8","5207.6","5207.6","0.25","0.1875","96","48","95.5","47.5","rotation_allowed","2","57.4","42.6","0","true","https://woodcuttool.com/templates/record-cabinet-cut-list/"
"2026-07-18","woodcuttool-maxrects-v1","record-cabinet","Record cabinet","Furniture","8","5207.6","5207.6","0.25","0.1875","96","48","95.5","47.5","orientation_locked","2","57.4","42.6","0","true","https://woodcuttool.com/templates/record-cabinet-cut-list/"
"2026-07-18","woodcuttool-maxrects-v1","record-cabinet","Record cabinet","Furniture","8","5207.6","5207.6","0.25","0.25","96","48","95.5","47.5","rotation_allowed","2","57.4","42.6","0","true","https://woodcuttool.com/templates/record-cabinet-cut-list/"
"2026-07-18","woodcuttool-maxrects-v1","record-cabinet","Record cabinet","Furniture","8","5207.6","5207.6","0.25","0.25","96","48","95.5","47.5","orientation_locked","2","57.4","42.6","0","true","https://woodcuttool.com/templates/record-cabinet-cut-list/"
"2026-07-18","woodcuttool-maxrects-v1","record-cabinet","Record cabinet","Furniture","8","5207.6","5207.6","0.5","0","96","48","95","47","rotation_allowed","2","58.3","41.7","0","true","https://woodcuttool.com/templates/record-cabinet-cut-list/"
"2026-07-18","woodcuttool-maxrects-v1","record-cabinet","Record cabinet","Furniture","8","5207.6","5207.6","0.5","0","96","48","95","47","orientation_locked","2","58.3","41.7","0","true","https://woodcuttool.com/templates/record-cabinet-cut-list/"
"2026-07-18","woodcuttool-maxrects-v1","record-cabinet","Record cabinet","Furniture","8","5207.6","5207.6","0.5","0.03125","96","48","95","47","rotation_allowed","2","58.3","41.7","0","true","https://woodcuttool.com/templates/record-cabinet-cut-list/"
"2026-07-18","woodcuttool-maxrects-v1","record-cabinet","Record cabinet","Furniture","8","5207.6","5207.6","0.5","0.03125","96","48","95","47","orientation_locked","2","58.3","41.7","0","true","https://woodcuttool.com/templates/record-cabinet-cut-list/"
"2026-07-18","woodcuttool-maxrects-v1","record-cabinet","Record cabinet","Furniture","8","5207.6","5207.6","0.5","0.0625","96","48","95","47","rotation_allowed","2","58.3","41.7","0","true","https://woodcuttool.com/templates/record-cabinet-cut-list/"
"2026-07-18","woodcuttool-maxrects-v1","record-cabinet","Record cabinet","Furniture","8","5207.6","5207.6","0.5","0.0625","96","48","95","47","orientation_locked","2","58.3","41.7","0","true","https://woodcuttool.com/templates/record-cabinet-cut-list/"
"2026-07-18","woodcuttool-maxrects-v1","record-cabinet","Record cabinet","Furniture","8","5207.6","5207.6","0.5","0.09375","96","48","95","47","rotation_allowed","2","58.3","41.7","0","true","https://woodcuttool.com/templates/record-cabinet-cut-list/"
"2026-07-18","woodcuttool-maxrects-v1","record-cabinet","Record cabinet","Furniture","8","5207.6","5207.6","0.5","0.09375","96","48","95","47","orientation_locked","2","58.3","41.7","0","true","https://woodcuttool.com/templates/record-cabinet-cut-list/"
"2026-07-18","woodcuttool-maxrects-v1","record-cabinet","Record cabinet","Furniture","8","5207.6","5207.6","0.5","0.125","96","48","95","47","rotation_allowed","2","58.3","41.7","0","true","https://woodcuttool.com/templates/record-cabinet-cut-list/"
"2026-07-18","woodcuttool-maxrects-v1","record-cabinet","Record cabinet","Furniture","8","5207.6","5207.6","0.5","0.125","96","48","95","47","orientation_locked","2","58.3","41.7","0","true","https://woodcuttool.com/templates/record-cabinet-cut-list/"
"2026-07-18","woodcuttool-maxrects-v1","record-cabinet","Record cabinet","Furniture","8","5207.6","5207.6","0.5","0.1875","96","48","95","47","rotation_allowed","2","58.3","41.7","0","true","https://woodcuttool.com/templates/record-cabinet-cut-list/"
"2026-07-18","woodcuttool-maxrects-v1","record-cabinet","Record cabinet","Furniture","8","5207.6","5207.6","0.5","0.1875","96","48","95","47","orientation_locked","2","58.3","41.7","0","true","https://woodcuttool.com/templates/record-cabinet-cut-list/"
"2026-07-18","woodcuttool-maxrects-v1","record-cabinet","Record cabinet","Furniture","8","5207.6","5207.6","0.5","0.25","96","48","95","47","rotation_allowed","2","58.3","41.7","0","true","https://woodcuttool.com/templates/record-cabinet-cut-list/"
"2026-07-18","woodcuttool-maxrects-v1","record-cabinet","Record cabinet","Furniture","8","5207.6","5207.6","0.5","0.25","96","48","95","47","orientation_locked","2","58.3","41.7","0","true","https://woodcuttool.com/templates/record-cabinet-cut-list/"
"2026-07-18","woodcuttool-maxrects-v1","record-cabinet","Record cabinet","Furniture","8","5207.6","5207.6","1","0","96","48","94","46","rotation_allowed","2","60.2","39.8","0","true","https://woodcuttool.com/templates/record-cabinet-cut-list/"
"2026-07-18","woodcuttool-maxrects-v1","record-cabinet","Record cabinet","Furniture","8","5207.6","5207.6","1","0","96","48","94","46","orientation_locked","2","60.2","39.8","0","true","https://woodcuttool.com/templates/record-cabinet-cut-list/"
"2026-07-18","woodcuttool-maxrects-v1","record-cabinet","Record cabinet","Furniture","8","5207.6","5207.6","1","0.03125","96","48","94","46","rotation_allowed","2","60.2","39.8","0","true","https://woodcuttool.com/templates/record-cabinet-cut-list/"
"2026-07-18","woodcuttool-maxrects-v1","record-cabinet","Record cabinet","Furniture","8","5207.6","5207.6","1","0.03125","96","48","94","46","orientation_locked","2","60.2","39.8","0","true","https://woodcuttool.com/templates/record-cabinet-cut-list/"
"2026-07-18","woodcuttool-maxrects-v1","record-cabinet","Record cabinet","Furniture","8","5207.6","5207.6","1","0.0625","96","48","94","46","rotation_allowed","2","60.2","39.8","0","true","https://woodcuttool.com/templates/record-cabinet-cut-list/"
"2026-07-18","woodcuttool-maxrects-v1","record-cabinet","Record cabinet","Furniture","8","5207.6","5207.6","1","0.0625","96","48","94","46","orientation_locked","2","60.2","39.8","0","true","https://woodcuttool.com/templates/record-cabinet-cut-list/"
"2026-07-18","woodcuttool-maxrects-v1","record-cabinet","Record cabinet","Furniture","8","5207.6","5207.6","1","0.09375","96","48","94","46","rotation_allowed","2","60.2","39.8","0","true","https://woodcuttool.com/templates/record-cabinet-cut-list/"
"2026-07-18","woodcuttool-maxrects-v1","record-cabinet","Record cabinet","Furniture","8","5207.6","5207.6","1","0.09375","96","48","94","46","orientation_locked","2","60.2","39.8","0","true","https://woodcuttool.com/templates/record-cabinet-cut-list/"
"2026-07-18","woodcuttool-maxrects-v1","record-cabinet","Record cabinet","Furniture","8","5207.6","5207.6","1","0.125","96","48","94","46","rotation_allowed","2","60.2","39.8","0","true","https://woodcuttool.com/templates/record-cabinet-cut-list/"
"2026-07-18","woodcuttool-maxrects-v1","record-cabinet","Record cabinet","Furniture","8","5207.6","5207.6","1","0.125","96","48","94","46","orientation_locked","2","60.2","39.8","0","true","https://woodcuttool.com/templates/record-cabinet-cut-list/"
"2026-07-18","woodcuttool-maxrects-v1","record-cabinet","Record cabinet","Furniture","8","5207.6","5207.6","1","0.1875","96","48","94","46","rotation_allowed","2","60.2","39.8","0","true","https://woodcuttool.com/templates/record-cabinet-cut-list/"
"2026-07-18","woodcuttool-maxrects-v1","record-cabinet","Record cabinet","Furniture","8","5207.6","5207.6","1","0.1875","96","48","94","46","orientation_locked","2","60.2","39.8","0","true","https://woodcuttool.com/templates/record-cabinet-cut-list/"
"2026-07-18","woodcuttool-maxrects-v1","record-cabinet","Record cabinet","Furniture","8","5207.6","5207.6","1","0.25","96","48","94","46","rotation_allowed","2","60.2","39.8","0","true","https://woodcuttool.com/templates/record-cabinet-cut-list/"
"2026-07-18","woodcuttool-maxrects-v1","record-cabinet","Record cabinet","Furniture","8","5207.6","5207.6","1","0.25","96","48","94","46","orientation_locked","2","60.2","39.8","0","true","https://woodcuttool.com/templates/record-cabinet-cut-list/"
"2026-07-18","woodcuttool-maxrects-v1","media-cabinet","Media wall cabinet","Furniture","9","6064.5","6064.5","0","0","96","48","96","48","rotation_allowed","2","65.8","34.2","0","true","https://woodcuttool.com/templates/media-wall-cabinet-cut-list/"
"2026-07-18","woodcuttool-maxrects-v1","media-cabinet","Media wall cabinet","Furniture","9","6064.5","6064.5","0","0","96","48","96","48","orientation_locked","2","65.8","34.2","0","true","https://woodcuttool.com/templates/media-wall-cabinet-cut-list/"
"2026-07-18","woodcuttool-maxrects-v1","media-cabinet","Media wall cabinet","Furniture","9","6064.5","6064.5","0","0.03125","96","48","96","48","rotation_allowed","2","65.8","34.2","0","true","https://woodcuttool.com/templates/media-wall-cabinet-cut-list/"
"2026-07-18","woodcuttool-maxrects-v1","media-cabinet","Media wall cabinet","Furniture","9","6064.5","6064.5","0","0.03125","96","48","96","48","orientation_locked","2","65.8","34.2","0","true","https://woodcuttool.com/templates/media-wall-cabinet-cut-list/"
"2026-07-18","woodcuttool-maxrects-v1","media-cabinet","Media wall cabinet","Furniture","9","6064.5","6064.5","0","0.0625","96","48","96","48","rotation_allowed","2","65.8","34.2","0","true","https://woodcuttool.com/templates/media-wall-cabinet-cut-list/"
"2026-07-18","woodcuttool-maxrects-v1","media-cabinet","Media wall cabinet","Furniture","9","6064.5","6064.5","0","0.0625","96","48","96","48","orientation_locked","2","65.8","34.2","0","true","https://woodcuttool.com/templates/media-wall-cabinet-cut-list/"
"2026-07-18","woodcuttool-maxrects-v1","media-cabinet","Media wall cabinet","Furniture","9","6064.5","6064.5","0","0.09375","96","48","96","48","rotation_allowed","2","65.8","34.2","0","true","https://woodcuttool.com/templates/media-wall-cabinet-cut-list/"
"2026-07-18","woodcuttool-maxrects-v1","media-cabinet","Media wall cabinet","Furniture","9","6064.5","6064.5","0","0.09375","96","48","96","48","orientation_locked","2","65.8","34.2","0","true","https://woodcuttool.com/templates/media-wall-cabinet-cut-list/"
"2026-07-18","woodcuttool-maxrects-v1","media-cabinet","Media wall cabinet","Furniture","9","6064.5","6064.5","0","0.125","96","48","96","48","rotation_allowed","2","65.8","34.2","0","true","https://woodcuttool.com/templates/media-wall-cabinet-cut-list/"
"2026-07-18","woodcuttool-maxrects-v1","media-cabinet","Media wall cabinet","Furniture","9","6064.5","6064.5","0","0.125","96","48","96","48","orientation_locked","2","65.8","34.2","0","true","https://woodcuttool.com/templates/media-wall-cabinet-cut-list/"
"2026-07-18","woodcuttool-maxrects-v1","media-cabinet","Media wall cabinet","Furniture","9","6064.5","6064.5","0","0.1875","96","48","96","48","rotation_allowed","2","65.8","34.2","0","true","https://woodcuttool.com/templates/media-wall-cabinet-cut-list/"
"2026-07-18","woodcuttool-maxrects-v1","media-cabinet","Media wall cabinet","Furniture","9","6064.5","6064.5","0","0.1875","96","48","96","48","orientation_locked","2","65.8","34.2","0","true","https://woodcuttool.com/templates/media-wall-cabinet-cut-list/"
"2026-07-18","woodcuttool-maxrects-v1","media-cabinet","Media wall cabinet","Furniture","9","6064.5","6064.5","0","0.25","96","48","96","48","rotation_allowed","2","65.8","34.2","0","true","https://woodcuttool.com/templates/media-wall-cabinet-cut-list/"
"2026-07-18","woodcuttool-maxrects-v1","media-cabinet","Media wall cabinet","Furniture","9","6064.5","6064.5","0","0.25","96","48","96","48","orientation_locked","2","65.8","34.2","0","true","https://woodcuttool.com/templates/media-wall-cabinet-cut-list/"
"2026-07-18","woodcuttool-maxrects-v1","media-cabinet","Media wall cabinet","Furniture","9","6064.5","6064.5","0.125","0","96","48","95.75","47.75","rotation_allowed","2","66.3","33.7","0","true","https://woodcuttool.com/templates/media-wall-cabinet-cut-list/"
"2026-07-18","woodcuttool-maxrects-v1","media-cabinet","Media wall cabinet","Furniture","9","6064.5","6064.5","0.125","0","96","48","95.75","47.75","orientation_locked","2","66.3","33.7","0","true","https://woodcuttool.com/templates/media-wall-cabinet-cut-list/"
"2026-07-18","woodcuttool-maxrects-v1","media-cabinet","Media wall cabinet","Furniture","9","6064.5","6064.5","0.125","0.03125","96","48","95.75","47.75","rotation_allowed","2","66.3","33.7","0","true","https://woodcuttool.com/templates/media-wall-cabinet-cut-list/"
"2026-07-18","woodcuttool-maxrects-v1","media-cabinet","Media wall cabinet","Furniture","9","6064.5","6064.5","0.125","0.03125","96","48","95.75","47.75","orientation_locked","2","66.3","33.7","0","true","https://woodcuttool.com/templates/media-wall-cabinet-cut-list/"
"2026-07-18","woodcuttool-maxrects-v1","media-cabinet","Media wall cabinet","Furniture","9","6064.5","6064.5","0.125","0.0625","96","48","95.75","47.75","rotation_allowed","2","66.3","33.7","0","true","https://woodcuttool.com/templates/media-wall-cabinet-cut-list/"
"2026-07-18","woodcuttool-maxrects-v1","media-cabinet","Media wall cabinet","Furniture","9","6064.5","6064.5","0.125","0.0625","96","48","95.75","47.75","orientation_locked","2","66.3","33.7","0","true","https://woodcuttool.com/templates/media-wall-cabinet-cut-list/"
"2026-07-18","woodcuttool-maxrects-v1","media-cabinet","Media wall cabinet","Furniture","9","6064.5","6064.5","0.125","0.09375","96","48","95.75","47.75","rotation_allowed","2","66.3","33.7","0","true","https://woodcuttool.com/templates/media-wall-cabinet-cut-list/"
"2026-07-18","woodcuttool-maxrects-v1","media-cabinet","Media wall cabinet","Furniture","9","6064.5","6064.5","0.125","0.09375","96","48","95.75","47.75","orientation_locked","2","66.3","33.7","0","true","https://woodcuttool.com/templates/media-wall-cabinet-cut-list/"
"2026-07-18","woodcuttool-maxrects-v1","media-cabinet","Media wall cabinet","Furniture","9","6064.5","6064.5","0.125","0.125","96","48","95.75","47.75","rotation_allowed","2","66.3","33.7","0","true","https://woodcuttool.com/templates/media-wall-cabinet-cut-list/"
"2026-07-18","woodcuttool-maxrects-v1","media-cabinet","Media wall cabinet","Furniture","9","6064.5","6064.5","0.125","0.125","96","48","95.75","47.75","orientation_locked","2","66.3","33.7","0","true","https://woodcuttool.com/templates/media-wall-cabinet-cut-list/"
"2026-07-18","woodcuttool-maxrects-v1","media-cabinet","Media wall cabinet","Furniture","9","6064.5","6064.5","0.125","0.1875","96","48","95.75","47.75","rotation_allowed","2","66.3","33.7","0","true","https://woodcuttool.com/templates/media-wall-cabinet-cut-list/"
"2026-07-18","woodcuttool-maxrects-v1","media-cabinet","Media wall cabinet","Furniture","9","6064.5","6064.5","0.125","0.1875","96","48","95.75","47.75","orientation_locked","2","66.3","33.7","0","true","https://woodcuttool.com/templates/media-wall-cabinet-cut-list/"
"2026-07-18","woodcuttool-maxrects-v1","media-cabinet","Media wall cabinet","Furniture","9","6064.5","6064.5","0.125","0.25","96","48","95.75","47.75","rotation_allowed","2","66.3","33.7","0","true","https://woodcuttool.com/templates/media-wall-cabinet-cut-list/"
"2026-07-18","woodcuttool-maxrects-v1","media-cabinet","Media wall cabinet","Furniture","9","6064.5","6064.5","0.125","0.25","96","48","95.75","47.75","orientation_locked","2","66.3","33.7","0","true","https://woodcuttool.com/templates/media-wall-cabinet-cut-list/"
"2026-07-18","woodcuttool-maxrects-v1","media-cabinet","Media wall cabinet","Furniture","9","6064.5","6064.5","0.25","0","96","48","95.5","47.5","rotation_allowed","2","66.8","33.2","0","true","https://woodcuttool.com/templates/media-wall-cabinet-cut-list/"
"2026-07-18","woodcuttool-maxrects-v1","media-cabinet","Media wall cabinet","Furniture","9","6064.5","6064.5","0.25","0","96","48","95.5","47.5","orientation_locked","2","66.8","33.2","0","true","https://woodcuttool.com/templates/media-wall-cabinet-cut-list/"
"2026-07-18","woodcuttool-maxrects-v1","media-cabinet","Media wall cabinet","Furniture","9","6064.5","6064.5","0.25","0.03125","96","48","95.5","47.5","rotation_allowed","2","66.8","33.2","0","true","https://woodcuttool.com/templates/media-wall-cabinet-cut-list/"
"2026-07-18","woodcuttool-maxrects-v1","media-cabinet","Media wall cabinet","Furniture","9","6064.5","6064.5","0.25","0.03125","96","48","95.5","47.5","orientation_locked","2","66.8","33.2","0","true","https://woodcuttool.com/templates/media-wall-cabinet-cut-list/"
"2026-07-18","woodcuttool-maxrects-v1","media-cabinet","Media wall cabinet","Furniture","9","6064.5","6064.5","0.25","0.0625","96","48","95.5","47.5","rotation_allowed","2","66.8","33.2","0","true","https://woodcuttool.com/templates/media-wall-cabinet-cut-list/"
"2026-07-18","woodcuttool-maxrects-v1","media-cabinet","Media wall cabinet","Furniture","9","6064.5","6064.5","0.25","0.0625","96","48","95.5","47.5","orientation_locked","2","66.8","33.2","0","true","https://woodcuttool.com/templates/media-wall-cabinet-cut-list/"
"2026-07-18","woodcuttool-maxrects-v1","media-cabinet","Media wall cabinet","Furniture","9","6064.5","6064.5","0.25","0.09375","96","48","95.5","47.5","rotation_allowed","2","66.8","33.2","0","true","https://woodcuttool.com/templates/media-wall-cabinet-cut-list/"
"2026-07-18","woodcuttool-maxrects-v1","media-cabinet","Media wall cabinet","Furniture","9","6064.5","6064.5","0.25","0.09375","96","48","95.5","47.5","orientation_locked","2","66.8","33.2","0","true","https://woodcuttool.com/templates/media-wall-cabinet-cut-list/"
"2026-07-18","woodcuttool-maxrects-v1","media-cabinet","Media wall cabinet","Furniture","9","6064.5","6064.5","0.25","0.125","96","48","95.5","47.5","rotation_allowed","2","66.8","33.2","0","true","https://woodcuttool.com/templates/media-wall-cabinet-cut-list/"
"2026-07-18","woodcuttool-maxrects-v1","media-cabinet","Media wall cabinet","Furniture","9","6064.5","6064.5","0.25","0.125","96","48","95.5","47.5","orientation_locked","2","66.8","33.2","0","true","https://woodcuttool.com/templates/media-wall-cabinet-cut-list/"
"2026-07-18","woodcuttool-maxrects-v1","media-cabinet","Media wall cabinet","Furniture","9","6064.5","6064.5","0.25","0.1875","96","48","95.5","47.5","rotation_allowed","2","66.8","33.2","0","true","https://woodcuttool.com/templates/media-wall-cabinet-cut-list/"
"2026-07-18","woodcuttool-maxrects-v1","media-cabinet","Media wall cabinet","Furniture","9","6064.5","6064.5","0.25","0.1875","96","48","95.5","47.5","orientation_locked","2","66.8","33.2","0","true","https://woodcuttool.com/templates/media-wall-cabinet-cut-list/"
"2026-07-18","woodcuttool-maxrects-v1","media-cabinet","Media wall cabinet","Furniture","9","6064.5","6064.5","0.25","0.25","96","48","95.5","47.5","rotation_allowed","2","66.8","33.2","0","true","https://woodcuttool.com/templates/media-wall-cabinet-cut-list/"
"2026-07-18","woodcuttool-maxrects-v1","media-cabinet","Media wall cabinet","Furniture","9","6064.5","6064.5","0.25","0.25","96","48","95.5","47.5","orientation_locked","2","66.8","33.2","0","true","https://woodcuttool.com/templates/media-wall-cabinet-cut-list/"
"2026-07-18","woodcuttool-maxrects-v1","media-cabinet","Media wall cabinet","Furniture","9","6064.5","6064.5","0.5","0","96","48","95","47","rotation_allowed","2","67.9","32.1","0","true","https://woodcuttool.com/templates/media-wall-cabinet-cut-list/"
"2026-07-18","woodcuttool-maxrects-v1","media-cabinet","Media wall cabinet","Furniture","9","6064.5","6064.5","0.5","0","96","48","95","47","orientation_locked","2","67.9","32.1","0","true","https://woodcuttool.com/templates/media-wall-cabinet-cut-list/"
"2026-07-18","woodcuttool-maxrects-v1","media-cabinet","Media wall cabinet","Furniture","9","6064.5","6064.5","0.5","0.03125","96","48","95","47","rotation_allowed","2","67.9","32.1","0","true","https://woodcuttool.com/templates/media-wall-cabinet-cut-list/"
"2026-07-18","woodcuttool-maxrects-v1","media-cabinet","Media wall cabinet","Furniture","9","6064.5","6064.5","0.5","0.03125","96","48","95","47","orientation_locked","2","67.9","32.1","0","true","https://woodcuttool.com/templates/media-wall-cabinet-cut-list/"
"2026-07-18","woodcuttool-maxrects-v1","media-cabinet","Media wall cabinet","Furniture","9","6064.5","6064.5","0.5","0.0625","96","48","95","47","rotation_allowed","2","67.9","32.1","0","true","https://woodcuttool.com/templates/media-wall-cabinet-cut-list/"
"2026-07-18","woodcuttool-maxrects-v1","media-cabinet","Media wall cabinet","Furniture","9","6064.5","6064.5","0.5","0.0625","96","48","95","47","orientation_locked","2","67.9","32.1","0","true","https://woodcuttool.com/templates/media-wall-cabinet-cut-list/"
"2026-07-18","woodcuttool-maxrects-v1","media-cabinet","Media wall cabinet","Furniture","9","6064.5","6064.5","0.5","0.09375","96","48","95","47","rotation_allowed","2","67.9","32.1","0","true","https://woodcuttool.com/templates/media-wall-cabinet-cut-list/"
"2026-07-18","woodcuttool-maxrects-v1","media-cabinet","Media wall cabinet","Furniture","9","6064.5","6064.5","0.5","0.09375","96","48","95","47","orientation_locked","2","67.9","32.1","0","true","https://woodcuttool.com/templates/media-wall-cabinet-cut-list/"
"2026-07-18","woodcuttool-maxrects-v1","media-cabinet","Media wall cabinet","Furniture","9","6064.5","6064.5","0.5","0.125","96","48","95","47","rotation_allowed","2","67.9","32.1","0","true","https://woodcuttool.com/templates/media-wall-cabinet-cut-list/"
"2026-07-18","woodcuttool-maxrects-v1","media-cabinet","Media wall cabinet","Furniture","9","6064.5","6064.5","0.5","0.125","96","48","95","47","orientation_locked","2","67.9","32.1","0","true","https://woodcuttool.com/templates/media-wall-cabinet-cut-list/"
"2026-07-18","woodcuttool-maxrects-v1","media-cabinet","Media wall cabinet","Furniture","9","6064.5","6064.5","0.5","0.1875","96","48","95","47","rotation_allowed","2","67.9","32.1","0","true","https://woodcuttool.com/templates/media-wall-cabinet-cut-list/"
"2026-07-18","woodcuttool-maxrects-v1","media-cabinet","Media wall cabinet","Furniture","9","6064.5","6064.5","0.5","0.1875","96","48","95","47","orientation_locked","2","67.9","32.1","0","true","https://woodcuttool.com/templates/media-wall-cabinet-cut-list/"
"2026-07-18","woodcuttool-maxrects-v1","media-cabinet","Media wall cabinet","Furniture","9","6064.5","6064.5","0.5","0.25","96","48","95","47","rotation_allowed","2","67.9","32.1","0","true","https://woodcuttool.com/templates/media-wall-cabinet-cut-list/"
"2026-07-18","woodcuttool-maxrects-v1","media-cabinet","Media wall cabinet","Furniture","9","6064.5","6064.5","0.5","0.25","96","48","95","47","orientation_locked","2","67.9","32.1","0","true","https://woodcuttool.com/templates/media-wall-cabinet-cut-list/"
"2026-07-18","woodcuttool-maxrects-v1","media-cabinet","Media wall cabinet","Furniture","9","6064.5","6064.5","1","0","96","48","94","46","rotation_allowed","2","70.1","29.9","0","true","https://woodcuttool.com/templates/media-wall-cabinet-cut-list/"
"2026-07-18","woodcuttool-maxrects-v1","media-cabinet","Media wall cabinet","Furniture","9","6064.5","6064.5","1","0","96","48","94","46","orientation_locked","2","70.1","29.9","0","true","https://woodcuttool.com/templates/media-wall-cabinet-cut-list/"
"2026-07-18","woodcuttool-maxrects-v1","media-cabinet","Media wall cabinet","Furniture","9","6064.5","6064.5","1","0.03125","96","48","94","46","rotation_allowed","2","70.1","29.9","0","true","https://woodcuttool.com/templates/media-wall-cabinet-cut-list/"
"2026-07-18","woodcuttool-maxrects-v1","media-cabinet","Media wall cabinet","Furniture","9","6064.5","6064.5","1","0.03125","96","48","94","46","orientation_locked","2","70.1","29.9","0","true","https://woodcuttool.com/templates/media-wall-cabinet-cut-list/"
"2026-07-18","woodcuttool-maxrects-v1","media-cabinet","Media wall cabinet","Furniture","9","6064.5","6064.5","1","0.0625","96","48","94","46","rotation_allowed","2","70.1","29.9","0","true","https://woodcuttool.com/templates/media-wall-cabinet-cut-list/"
"2026-07-18","woodcuttool-maxrects-v1","media-cabinet","Media wall cabinet","Furniture","9","6064.5","6064.5","1","0.0625","96","48","94","46","orientation_locked","2","70.1","29.9","0","true","https://woodcuttool.com/templates/media-wall-cabinet-cut-list/"
"2026-07-18","woodcuttool-maxrects-v1","media-cabinet","Media wall cabinet","Furniture","9","6064.5","6064.5","1","0.09375","96","48","94","46","rotation_allowed","2","70.1","29.9","0","true","https://woodcuttool.com/templates/media-wall-cabinet-cut-list/"
"2026-07-18","woodcuttool-maxrects-v1","media-cabinet","Media wall cabinet","Furniture","9","6064.5","6064.5","1","0.09375","96","48","94","46","orientation_locked","2","70.1","29.9","0","true","https://woodcuttool.com/templates/media-wall-cabinet-cut-list/"
"2026-07-18","woodcuttool-maxrects-v1","media-cabinet","Media wall cabinet","Furniture","9","6064.5","6064.5","1","0.125","96","48","94","46","rotation_allowed","2","70.1","29.9","0","true","https://woodcuttool.com/templates/media-wall-cabinet-cut-list/"
"2026-07-18","woodcuttool-maxrects-v1","media-cabinet","Media wall cabinet","Furniture","9","6064.5","6064.5","1","0.125","96","48","94","46","orientation_locked","2","70.1","29.9","0","true","https://woodcuttool.com/templates/media-wall-cabinet-cut-list/"
"2026-07-18","woodcuttool-maxrects-v1","media-cabinet","Media wall cabinet","Furniture","9","6064.5","6064.5","1","0.1875","96","48","94","46","rotation_allowed","3","46.8","53.2","0","true","https://woodcuttool.com/templates/media-wall-cabinet-cut-list/"
"2026-07-18","woodcuttool-maxrects-v1","media-cabinet","Media wall cabinet","Furniture","9","6064.5","6064.5","1","0.1875","96","48","94","46","orientation_locked","3","46.8","53.2","0","true","https://woodcuttool.com/templates/media-wall-cabinet-cut-list/"
"2026-07-18","woodcuttool-maxrects-v1","media-cabinet","Media wall cabinet","Furniture","9","6064.5","6064.5","1","0.25","96","48","94","46","rotation_allowed","3","46.8","53.2","0","true","https://woodcuttool.com/templates/media-wall-cabinet-cut-list/"
"2026-07-18","woodcuttool-maxrects-v1","media-cabinet","Media wall cabinet","Furniture","9","6064.5","6064.5","1","0.25","96","48","94","46","orientation_locked","3","46.8","53.2","0","true","https://woodcuttool.com/templates/media-wall-cabinet-cut-list/"
"2026-07-18","woodcuttool-maxrects-v1","folding-craft-table","Folding craft table","Furniture","6","3586.5","3586.5","0","0","96","48","96","48","rotation_allowed","1","77.8","22.2","0","true","https://woodcuttool.com/templates/folding-craft-table-cut-list/"
"2026-07-18","woodcuttool-maxrects-v1","folding-craft-table","Folding craft table","Furniture","6","3586.5","3586.5","0","0","96","48","96","48","orientation_locked","1","77.8","22.2","0","true","https://woodcuttool.com/templates/folding-craft-table-cut-list/"
"2026-07-18","woodcuttool-maxrects-v1","folding-craft-table","Folding craft table","Furniture","6","3586.5","3586.5","0","0.03125","96","48","96","48","rotation_allowed","1","77.8","22.2","0","true","https://woodcuttool.com/templates/folding-craft-table-cut-list/"
"2026-07-18","woodcuttool-maxrects-v1","folding-craft-table","Folding craft table","Furniture","6","3586.5","3586.5","0","0.03125","96","48","96","48","orientation_locked","1","77.8","22.2","0","true","https://woodcuttool.com/templates/folding-craft-table-cut-list/"
"2026-07-18","woodcuttool-maxrects-v1","folding-craft-table","Folding craft table","Furniture","6","3586.5","3586.5","0","0.0625","96","48","96","48","rotation_allowed","1","77.8","22.2","0","true","https://woodcuttool.com/templates/folding-craft-table-cut-list/"
"2026-07-18","woodcuttool-maxrects-v1","folding-craft-table","Folding craft table","Furniture","6","3586.5","3586.5","0","0.0625","96","48","96","48","orientation_locked","1","77.8","22.2","0","true","https://woodcuttool.com/templates/folding-craft-table-cut-list/"
"2026-07-18","woodcuttool-maxrects-v1","folding-craft-table","Folding craft table","Furniture","6","3586.5","3586.5","0","0.09375","96","48","96","48","rotation_allowed","1","77.8","22.2","0","true","https://woodcuttool.com/templates/folding-craft-table-cut-list/"
"2026-07-18","woodcuttool-maxrects-v1","folding-craft-table","Folding craft table","Furniture","6","3586.5","3586.5","0","0.09375","96","48","96","48","orientation_locked","1","77.8","22.2","0","true","https://woodcuttool.com/templates/folding-craft-table-cut-list/"
"2026-07-18","woodcuttool-maxrects-v1","folding-craft-table","Folding craft table","Furniture","6","3586.5","3586.5","0","0.125","96","48","96","48","rotation_allowed","1","77.8","22.2","0","true","https://woodcuttool.com/templates/folding-craft-table-cut-list/"
"2026-07-18","woodcuttool-maxrects-v1","folding-craft-table","Folding craft table","Furniture","6","3586.5","3586.5","0","0.125","96","48","96","48","orientation_locked","1","77.8","22.2","0","true","https://woodcuttool.com/templates/folding-craft-table-cut-list/"
"2026-07-18","woodcuttool-maxrects-v1","folding-craft-table","Folding craft table","Furniture","6","3586.5","3586.5","0","0.1875","96","48","96","48","rotation_allowed","1","77.8","22.2","0","true","https://woodcuttool.com/templates/folding-craft-table-cut-list/"
"2026-07-18","woodcuttool-maxrects-v1","folding-craft-table","Folding craft table","Furniture","6","3586.5","3586.5","0","0.1875","96","48","96","48","orientation_locked","1","77.8","22.2","0","true","https://woodcuttool.com/templates/folding-craft-table-cut-list/"
"2026-07-18","woodcuttool-maxrects-v1","folding-craft-table","Folding craft table","Furniture","6","3586.5","3586.5","0","0.25","96","48","96","48","rotation_allowed","1","77.8","22.2","0","true","https://woodcuttool.com/templates/folding-craft-table-cut-list/"
"2026-07-18","woodcuttool-maxrects-v1","folding-craft-table","Folding craft table","Furniture","6","3586.5","3586.5","0","0.25","96","48","96","48","orientation_locked","1","77.8","22.2","0","true","https://woodcuttool.com/templates/folding-craft-table-cut-list/"
"2026-07-18","woodcuttool-maxrects-v1","folding-craft-table","Folding craft table","Furniture","6","3586.5","3586.5","0.125","0","96","48","95.75","47.75","rotation_allowed","1","78.4","21.6","0","true","https://woodcuttool.com/templates/folding-craft-table-cut-list/"
"2026-07-18","woodcuttool-maxrects-v1","folding-craft-table","Folding craft table","Furniture","6","3586.5","3586.5","0.125","0","96","48","95.75","47.75","orientation_locked","1","78.4","21.6","0","true","https://woodcuttool.com/templates/folding-craft-table-cut-list/"
"2026-07-18","woodcuttool-maxrects-v1","folding-craft-table","Folding craft table","Furniture","6","3586.5","3586.5","0.125","0.03125","96","48","95.75","47.75","rotation_allowed","1","78.4","21.6","0","true","https://woodcuttool.com/templates/folding-craft-table-cut-list/"
"2026-07-18","woodcuttool-maxrects-v1","folding-craft-table","Folding craft table","Furniture","6","3586.5","3586.5","0.125","0.03125","96","48","95.75","47.75","orientation_locked","1","78.4","21.6","0","true","https://woodcuttool.com/templates/folding-craft-table-cut-list/"
"2026-07-18","woodcuttool-maxrects-v1","folding-craft-table","Folding craft table","Furniture","6","3586.5","3586.5","0.125","0.0625","96","48","95.75","47.75","rotation_allowed","1","78.4","21.6","0","true","https://woodcuttool.com/templates/folding-craft-table-cut-list/"
"2026-07-18","woodcuttool-maxrects-v1","folding-craft-table","Folding craft table","Furniture","6","3586.5","3586.5","0.125","0.0625","96","48","95.75","47.75","orientation_locked","1","78.4","21.6","0","true","https://woodcuttool.com/templates/folding-craft-table-cut-list/"
"2026-07-18","woodcuttool-maxrects-v1","folding-craft-table","Folding craft table","Furniture","6","3586.5","3586.5","0.125","0.09375","96","48","95.75","47.75","rotation_allowed","1","78.4","21.6","0","true","https://woodcuttool.com/templates/folding-craft-table-cut-list/"
"2026-07-18","woodcuttool-maxrects-v1","folding-craft-table","Folding craft table","Furniture","6","3586.5","3586.5","0.125","0.09375","96","48","95.75","47.75","orientation_locked","1","78.4","21.6","0","true","https://woodcuttool.com/templates/folding-craft-table-cut-list/"
"2026-07-18","woodcuttool-maxrects-v1","folding-craft-table","Folding craft table","Furniture","6","3586.5","3586.5","0.125","0.125","96","48","95.75","47.75","rotation_allowed","1","78.4","21.6","0","true","https://woodcuttool.com/templates/folding-craft-table-cut-list/"
"2026-07-18","woodcuttool-maxrects-v1","folding-craft-table","Folding craft table","Furniture","6","3586.5","3586.5","0.125","0.125","96","48","95.75","47.75","orientation_locked","1","78.4","21.6","0","true","https://woodcuttool.com/templates/folding-craft-table-cut-list/"
"2026-07-18","woodcuttool-maxrects-v1","folding-craft-table","Folding craft table","Furniture","6","3586.5","3586.5","0.125","0.1875","96","48","95.75","47.75","rotation_allowed","1","78.4","21.6","0","true","https://woodcuttool.com/templates/folding-craft-table-cut-list/"
"2026-07-18","woodcuttool-maxrects-v1","folding-craft-table","Folding craft table","Furniture","6","3586.5","3586.5","0.125","0.1875","96","48","95.75","47.75","orientation_locked","1","78.4","21.6","0","true","https://woodcuttool.com/templates/folding-craft-table-cut-list/"
"2026-07-18","woodcuttool-maxrects-v1","folding-craft-table","Folding craft table","Furniture","6","3586.5","3586.5","0.125","0.25","96","48","95.75","47.75","rotation_allowed","1","78.4","21.6","0","true","https://woodcuttool.com/templates/folding-craft-table-cut-list/"
"2026-07-18","woodcuttool-maxrects-v1","folding-craft-table","Folding craft table","Furniture","6","3586.5","3586.5","0.125","0.25","96","48","95.75","47.75","orientation_locked","1","78.4","21.6","0","true","https://woodcuttool.com/templates/folding-craft-table-cut-list/"
"2026-07-18","woodcuttool-maxrects-v1","folding-craft-table","Folding craft table","Furniture","6","3586.5","3586.5","0.25","0","96","48","95.5","47.5","rotation_allowed","1","79.1","20.9","0","true","https://woodcuttool.com/templates/folding-craft-table-cut-list/"
"2026-07-18","woodcuttool-maxrects-v1","folding-craft-table","Folding craft table","Furniture","6","3586.5","3586.5","0.25","0","96","48","95.5","47.5","orientation_locked","1","79.1","20.9","0","true","https://woodcuttool.com/templates/folding-craft-table-cut-list/"
"2026-07-18","woodcuttool-maxrects-v1","folding-craft-table","Folding craft table","Furniture","6","3586.5","3586.5","0.25","0.03125","96","48","95.5","47.5","rotation_allowed","1","79.1","20.9","0","true","https://woodcuttool.com/templates/folding-craft-table-cut-list/"
"2026-07-18","woodcuttool-maxrects-v1","folding-craft-table","Folding craft table","Furniture","6","3586.5","3586.5","0.25","0.03125","96","48","95.5","47.5","orientation_locked","1","79.1","20.9","0","true","https://woodcuttool.com/templates/folding-craft-table-cut-list/"
"2026-07-18","woodcuttool-maxrects-v1","folding-craft-table","Folding craft table","Furniture","6","3586.5","3586.5","0.25","0.0625","96","48","95.5","47.5","rotation_allowed","1","79.1","20.9","0","true","https://woodcuttool.com/templates/folding-craft-table-cut-list/"
"2026-07-18","woodcuttool-maxrects-v1","folding-craft-table","Folding craft table","Furniture","6","3586.5","3586.5","0.25","0.0625","96","48","95.5","47.5","orientation_locked","1","79.1","20.9","0","true","https://woodcuttool.com/templates/folding-craft-table-cut-list/"
"2026-07-18","woodcuttool-maxrects-v1","folding-craft-table","Folding craft table","Furniture","6","3586.5","3586.5","0.25","0.09375","96","48","95.5","47.5","rotation_allowed","1","79.1","20.9","0","true","https://woodcuttool.com/templates/folding-craft-table-cut-list/"
"2026-07-18","woodcuttool-maxrects-v1","folding-craft-table","Folding craft table","Furniture","6","3586.5","3586.5","0.25","0.09375","96","48","95.5","47.5","orientation_locked","1","79.1","20.9","0","true","https://woodcuttool.com/templates/folding-craft-table-cut-list/"
"2026-07-18","woodcuttool-maxrects-v1","folding-craft-table","Folding craft table","Furniture","6","3586.5","3586.5","0.25","0.125","96","48","95.5","47.5","rotation_allowed","1","79.1","20.9","0","true","https://woodcuttool.com/templates/folding-craft-table-cut-list/"
"2026-07-18","woodcuttool-maxrects-v1","folding-craft-table","Folding craft table","Furniture","6","3586.5","3586.5","0.25","0.125","96","48","95.5","47.5","orientation_locked","1","79.1","20.9","0","true","https://woodcuttool.com/templates/folding-craft-table-cut-list/"
"2026-07-18","woodcuttool-maxrects-v1","folding-craft-table","Folding craft table","Furniture","6","3586.5","3586.5","0.25","0.1875","96","48","95.5","47.5","rotation_allowed","1","79.1","20.9","0","true","https://woodcuttool.com/templates/folding-craft-table-cut-list/"
"2026-07-18","woodcuttool-maxrects-v1","folding-craft-table","Folding craft table","Furniture","6","3586.5","3586.5","0.25","0.1875","96","48","95.5","47.5","orientation_locked","1","79.1","20.9","0","true","https://woodcuttool.com/templates/folding-craft-table-cut-list/"
"2026-07-18","woodcuttool-maxrects-v1","folding-craft-table","Folding craft table","Furniture","6","3586.5","3586.5","0.25","0.25","96","48","95.5","47.5","rotation_allowed","1","79.1","20.9","0","true","https://woodcuttool.com/templates/folding-craft-table-cut-list/"
"2026-07-18","woodcuttool-maxrects-v1","folding-craft-table","Folding craft table","Furniture","6","3586.5","3586.5","0.25","0.25","96","48","95.5","47.5","orientation_locked","1","79.1","20.9","0","true","https://woodcuttool.com/templates/folding-craft-table-cut-list/"
"2026-07-18","woodcuttool-maxrects-v1","folding-craft-table","Folding craft table","Furniture","6","3586.5","3586.5","0.5","0","96","48","95","47","rotation_allowed","1","80.3","19.7","0","true","https://woodcuttool.com/templates/folding-craft-table-cut-list/"
"2026-07-18","woodcuttool-maxrects-v1","folding-craft-table","Folding craft table","Furniture","6","3586.5","3586.5","0.5","0","96","48","95","47","orientation_locked","1","80.3","19.7","0","true","https://woodcuttool.com/templates/folding-craft-table-cut-list/"
"2026-07-18","woodcuttool-maxrects-v1","folding-craft-table","Folding craft table","Furniture","6","3586.5","3586.5","0.5","0.03125","96","48","95","47","rotation_allowed","1","80.3","19.7","0","true","https://woodcuttool.com/templates/folding-craft-table-cut-list/"
"2026-07-18","woodcuttool-maxrects-v1","folding-craft-table","Folding craft table","Furniture","6","3586.5","3586.5","0.5","0.03125","96","48","95","47","orientation_locked","1","80.3","19.7","0","true","https://woodcuttool.com/templates/folding-craft-table-cut-list/"
"2026-07-18","woodcuttool-maxrects-v1","folding-craft-table","Folding craft table","Furniture","6","3586.5","3586.5","0.5","0.0625","96","48","95","47","rotation_allowed","1","80.3","19.7","0","true","https://woodcuttool.com/templates/folding-craft-table-cut-list/"
"2026-07-18","woodcuttool-maxrects-v1","folding-craft-table","Folding craft table","Furniture","6","3586.5","3586.5","0.5","0.0625","96","48","95","47","orientation_locked","1","80.3","19.7","0","true","https://woodcuttool.com/templates/folding-craft-table-cut-list/"
"2026-07-18","woodcuttool-maxrects-v1","folding-craft-table","Folding craft table","Furniture","6","3586.5","3586.5","0.5","0.09375","96","48","95","47","rotation_allowed","1","80.3","19.7","0","true","https://woodcuttool.com/templates/folding-craft-table-cut-list/"
"2026-07-18","woodcuttool-maxrects-v1","folding-craft-table","Folding craft table","Furniture","6","3586.5","3586.5","0.5","0.09375","96","48","95","47","orientation_locked","1","80.3","19.7","0","true","https://woodcuttool.com/templates/folding-craft-table-cut-list/"
"2026-07-18","woodcuttool-maxrects-v1","folding-craft-table","Folding craft table","Furniture","6","3586.5","3586.5","0.5","0.125","96","48","95","47","rotation_allowed","1","80.3","19.7","0","true","https://woodcuttool.com/templates/folding-craft-table-cut-list/"
"2026-07-18","woodcuttool-maxrects-v1","folding-craft-table","Folding craft table","Furniture","6","3586.5","3586.5","0.5","0.125","96","48","95","47","orientation_locked","1","80.3","19.7","0","true","https://woodcuttool.com/templates/folding-craft-table-cut-list/"
"2026-07-18","woodcuttool-maxrects-v1","folding-craft-table","Folding craft table","Furniture","6","3586.5","3586.5","0.5","0.1875","96","48","95","47","rotation_allowed","1","80.3","19.7","0","true","https://woodcuttool.com/templates/folding-craft-table-cut-list/"
"2026-07-18","woodcuttool-maxrects-v1","folding-craft-table","Folding craft table","Furniture","6","3586.5","3586.5","0.5","0.1875","96","48","95","47","orientation_locked","1","80.3","19.7","0","true","https://woodcuttool.com/templates/folding-craft-table-cut-list/"
"2026-07-18","woodcuttool-maxrects-v1","folding-craft-table","Folding craft table","Furniture","6","3586.5","3586.5","0.5","0.25","96","48","95","47","rotation_allowed","1","80.3","19.7","0","true","https://woodcuttool.com/templates/folding-craft-table-cut-list/"
"2026-07-18","woodcuttool-maxrects-v1","folding-craft-table","Folding craft table","Furniture","6","3586.5","3586.5","0.5","0.25","96","48","95","47","orientation_locked","1","80.3","19.7","0","true","https://woodcuttool.com/templates/folding-craft-table-cut-list/"
"2026-07-18","woodcuttool-maxrects-v1","folding-craft-table","Folding craft table","Furniture","6","3586.5","3586.5","1","0","96","48","94","46","rotation_allowed","1","82.9","17.1","0","true","https://woodcuttool.com/templates/folding-craft-table-cut-list/"
"2026-07-18","woodcuttool-maxrects-v1","folding-craft-table","Folding craft table","Furniture","6","3586.5","3586.5","1","0","96","48","94","46","orientation_locked","2","41.5","58.5","0","true","https://woodcuttool.com/templates/folding-craft-table-cut-list/"
"2026-07-18","woodcuttool-maxrects-v1","folding-craft-table","Folding craft table","Furniture","6","3586.5","3586.5","1","0.03125","96","48","94","46","rotation_allowed","1","82.9","17.1","0","true","https://woodcuttool.com/templates/folding-craft-table-cut-list/"
"2026-07-18","woodcuttool-maxrects-v1","folding-craft-table","Folding craft table","Furniture","6","3586.5","3586.5","1","0.03125","96","48","94","46","orientation_locked","2","41.5","58.5","0","true","https://woodcuttool.com/templates/folding-craft-table-cut-list/"
"2026-07-18","woodcuttool-maxrects-v1","folding-craft-table","Folding craft table","Furniture","6","3586.5","3586.5","1","0.0625","96","48","94","46","rotation_allowed","1","82.9","17.1","0","true","https://woodcuttool.com/templates/folding-craft-table-cut-list/"
"2026-07-18","woodcuttool-maxrects-v1","folding-craft-table","Folding craft table","Furniture","6","3586.5","3586.5","1","0.0625","96","48","94","46","orientation_locked","2","41.5","58.5","0","true","https://woodcuttool.com/templates/folding-craft-table-cut-list/"
"2026-07-18","woodcuttool-maxrects-v1","folding-craft-table","Folding craft table","Furniture","6","3586.5","3586.5","1","0.09375","96","48","94","46","rotation_allowed","1","82.9","17.1","0","true","https://woodcuttool.com/templates/folding-craft-table-cut-list/"
"2026-07-18","woodcuttool-maxrects-v1","folding-craft-table","Folding craft table","Furniture","6","3586.5","3586.5","1","0.09375","96","48","94","46","orientation_locked","2","41.5","58.5","0","true","https://woodcuttool.com/templates/folding-craft-table-cut-list/"
"2026-07-18","woodcuttool-maxrects-v1","folding-craft-table","Folding craft table","Furniture","6","3586.5","3586.5","1","0.125","96","48","94","46","rotation_allowed","1","82.9","17.1","0","true","https://woodcuttool.com/templates/folding-craft-table-cut-list/"
"2026-07-18","woodcuttool-maxrects-v1","folding-craft-table","Folding craft table","Furniture","6","3586.5","3586.5","1","0.125","96","48","94","46","orientation_locked","2","41.5","58.5","0","true","https://woodcuttool.com/templates/folding-craft-table-cut-list/"
"2026-07-18","woodcuttool-maxrects-v1","folding-craft-table","Folding craft table","Furniture","6","3586.5","3586.5","1","0.1875","96","48","94","46","rotation_allowed","1","82.9","17.1","0","true","https://woodcuttool.com/templates/folding-craft-table-cut-list/"
"2026-07-18","woodcuttool-maxrects-v1","folding-craft-table","Folding craft table","Furniture","6","3586.5","3586.5","1","0.1875","96","48","94","46","orientation_locked","2","41.5","58.5","0","true","https://woodcuttool.com/templates/folding-craft-table-cut-list/"
"2026-07-18","woodcuttool-maxrects-v1","folding-craft-table","Folding craft table","Furniture","6","3586.5","3586.5","1","0.25","96","48","94","46","rotation_allowed","1","82.9","17.1","0","true","https://woodcuttool.com/templates/folding-craft-table-cut-list/"
"2026-07-18","woodcuttool-maxrects-v1","folding-craft-table","Folding craft table","Furniture","6","3586.5","3586.5","1","0.25","96","48","94","46","orientation_locked","2","41.5","58.5","0","true","https://woodcuttool.com/templates/folding-craft-table-cut-list/"
"2026-07-18","woodcuttool-maxrects-v1","kids-table","Kids table","Furniture","6","1928","1928","0","0","96","48","96","48","rotation_allowed","1","41.8","58.2","0","true","https://woodcuttool.com/templates/kids-table-cut-list/"
"2026-07-18","woodcuttool-maxrects-v1","kids-table","Kids table","Furniture","6","1928","1928","0","0","96","48","96","48","orientation_locked","1","41.8","58.2","0","true","https://woodcuttool.com/templates/kids-table-cut-list/"
"2026-07-18","woodcuttool-maxrects-v1","kids-table","Kids table","Furniture","6","1928","1928","0","0.03125","96","48","96","48","rotation_allowed","1","41.8","58.2","0","true","https://woodcuttool.com/templates/kids-table-cut-list/"
"2026-07-18","woodcuttool-maxrects-v1","kids-table","Kids table","Furniture","6","1928","1928","0","0.03125","96","48","96","48","orientation_locked","1","41.8","58.2","0","true","https://woodcuttool.com/templates/kids-table-cut-list/"
"2026-07-18","woodcuttool-maxrects-v1","kids-table","Kids table","Furniture","6","1928","1928","0","0.0625","96","48","96","48","rotation_allowed","1","41.8","58.2","0","true","https://woodcuttool.com/templates/kids-table-cut-list/"
"2026-07-18","woodcuttool-maxrects-v1","kids-table","Kids table","Furniture","6","1928","1928","0","0.0625","96","48","96","48","orientation_locked","1","41.8","58.2","0","true","https://woodcuttool.com/templates/kids-table-cut-list/"
"2026-07-18","woodcuttool-maxrects-v1","kids-table","Kids table","Furniture","6","1928","1928","0","0.09375","96","48","96","48","rotation_allowed","1","41.8","58.2","0","true","https://woodcuttool.com/templates/kids-table-cut-list/"
"2026-07-18","woodcuttool-maxrects-v1","kids-table","Kids table","Furniture","6","1928","1928","0","0.09375","96","48","96","48","orientation_locked","1","41.8","58.2","0","true","https://woodcuttool.com/templates/kids-table-cut-list/"
"2026-07-18","woodcuttool-maxrects-v1","kids-table","Kids table","Furniture","6","1928","1928","0","0.125","96","48","96","48","rotation_allowed","1","41.8","58.2","0","true","https://woodcuttool.com/templates/kids-table-cut-list/"
"2026-07-18","woodcuttool-maxrects-v1","kids-table","Kids table","Furniture","6","1928","1928","0","0.125","96","48","96","48","orientation_locked","1","41.8","58.2","0","true","https://woodcuttool.com/templates/kids-table-cut-list/"
"2026-07-18","woodcuttool-maxrects-v1","kids-table","Kids table","Furniture","6","1928","1928","0","0.1875","96","48","96","48","rotation_allowed","1","41.8","58.2","0","true","https://woodcuttool.com/templates/kids-table-cut-list/"
"2026-07-18","woodcuttool-maxrects-v1","kids-table","Kids table","Furniture","6","1928","1928","0","0.1875","96","48","96","48","orientation_locked","1","41.8","58.2","0","true","https://woodcuttool.com/templates/kids-table-cut-list/"
"2026-07-18","woodcuttool-maxrects-v1","kids-table","Kids table","Furniture","6","1928","1928","0","0.25","96","48","96","48","rotation_allowed","1","41.8","58.2","0","true","https://woodcuttool.com/templates/kids-table-cut-list/"
"2026-07-18","woodcuttool-maxrects-v1","kids-table","Kids table","Furniture","6","1928","1928","0","0.25","96","48","96","48","orientation_locked","1","41.8","58.2","0","true","https://woodcuttool.com/templates/kids-table-cut-list/"
"2026-07-18","woodcuttool-maxrects-v1","kids-table","Kids table","Furniture","6","1928","1928","0.125","0","96","48","95.75","47.75","rotation_allowed","1","42.2","57.8","0","true","https://woodcuttool.com/templates/kids-table-cut-list/"
"2026-07-18","woodcuttool-maxrects-v1","kids-table","Kids table","Furniture","6","1928","1928","0.125","0","96","48","95.75","47.75","orientation_locked","1","42.2","57.8","0","true","https://woodcuttool.com/templates/kids-table-cut-list/"
"2026-07-18","woodcuttool-maxrects-v1","kids-table","Kids table","Furniture","6","1928","1928","0.125","0.03125","96","48","95.75","47.75","rotation_allowed","1","42.2","57.8","0","true","https://woodcuttool.com/templates/kids-table-cut-list/"
"2026-07-18","woodcuttool-maxrects-v1","kids-table","Kids table","Furniture","6","1928","1928","0.125","0.03125","96","48","95.75","47.75","orientation_locked","1","42.2","57.8","0","true","https://woodcuttool.com/templates/kids-table-cut-list/"
"2026-07-18","woodcuttool-maxrects-v1","kids-table","Kids table","Furniture","6","1928","1928","0.125","0.0625","96","48","95.75","47.75","rotation_allowed","1","42.2","57.8","0","true","https://woodcuttool.com/templates/kids-table-cut-list/"
"2026-07-18","woodcuttool-maxrects-v1","kids-table","Kids table","Furniture","6","1928","1928","0.125","0.0625","96","48","95.75","47.75","orientation_locked","1","42.2","57.8","0","true","https://woodcuttool.com/templates/kids-table-cut-list/"
"2026-07-18","woodcuttool-maxrects-v1","kids-table","Kids table","Furniture","6","1928","1928","0.125","0.09375","96","48","95.75","47.75","rotation_allowed","1","42.2","57.8","0","true","https://woodcuttool.com/templates/kids-table-cut-list/"
"2026-07-18","woodcuttool-maxrects-v1","kids-table","Kids table","Furniture","6","1928","1928","0.125","0.09375","96","48","95.75","47.75","orientation_locked","1","42.2","57.8","0","true","https://woodcuttool.com/templates/kids-table-cut-list/"
"2026-07-18","woodcuttool-maxrects-v1","kids-table","Kids table","Furniture","6","1928","1928","0.125","0.125","96","48","95.75","47.75","rotation_allowed","1","42.2","57.8","0","true","https://woodcuttool.com/templates/kids-table-cut-list/"
"2026-07-18","woodcuttool-maxrects-v1","kids-table","Kids table","Furniture","6","1928","1928","0.125","0.125","96","48","95.75","47.75","orientation_locked","1","42.2","57.8","0","true","https://woodcuttool.com/templates/kids-table-cut-list/"
"2026-07-18","woodcuttool-maxrects-v1","kids-table","Kids table","Furniture","6","1928","1928","0.125","0.1875","96","48","95.75","47.75","rotation_allowed","1","42.2","57.8","0","true","https://woodcuttool.com/templates/kids-table-cut-list/"
"2026-07-18","woodcuttool-maxrects-v1","kids-table","Kids table","Furniture","6","1928","1928","0.125","0.1875","96","48","95.75","47.75","orientation_locked","1","42.2","57.8","0","true","https://woodcuttool.com/templates/kids-table-cut-list/"
"2026-07-18","woodcuttool-maxrects-v1","kids-table","Kids table","Furniture","6","1928","1928","0.125","0.25","96","48","95.75","47.75","rotation_allowed","1","42.2","57.8","0","true","https://woodcuttool.com/templates/kids-table-cut-list/"
"2026-07-18","woodcuttool-maxrects-v1","kids-table","Kids table","Furniture","6","1928","1928","0.125","0.25","96","48","95.75","47.75","orientation_locked","1","42.2","57.8","0","true","https://woodcuttool.com/templates/kids-table-cut-list/"
"2026-07-18","woodcuttool-maxrects-v1","kids-table","Kids table","Furniture","6","1928","1928","0.25","0","96","48","95.5","47.5","rotation_allowed","1","42.5","57.5","0","true","https://woodcuttool.com/templates/kids-table-cut-list/"
"2026-07-18","woodcuttool-maxrects-v1","kids-table","Kids table","Furniture","6","1928","1928","0.25","0","96","48","95.5","47.5","orientation_locked","1","42.5","57.5","0","true","https://woodcuttool.com/templates/kids-table-cut-list/"
"2026-07-18","woodcuttool-maxrects-v1","kids-table","Kids table","Furniture","6","1928","1928","0.25","0.03125","96","48","95.5","47.5","rotation_allowed","1","42.5","57.5","0","true","https://woodcuttool.com/templates/kids-table-cut-list/"
"2026-07-18","woodcuttool-maxrects-v1","kids-table","Kids table","Furniture","6","1928","1928","0.25","0.03125","96","48","95.5","47.5","orientation_locked","1","42.5","57.5","0","true","https://woodcuttool.com/templates/kids-table-cut-list/"
"2026-07-18","woodcuttool-maxrects-v1","kids-table","Kids table","Furniture","6","1928","1928","0.25","0.0625","96","48","95.5","47.5","rotation_allowed","1","42.5","57.5","0","true","https://woodcuttool.com/templates/kids-table-cut-list/"
"2026-07-18","woodcuttool-maxrects-v1","kids-table","Kids table","Furniture","6","1928","1928","0.25","0.0625","96","48","95.5","47.5","orientation_locked","1","42.5","57.5","0","true","https://woodcuttool.com/templates/kids-table-cut-list/"
"2026-07-18","woodcuttool-maxrects-v1","kids-table","Kids table","Furniture","6","1928","1928","0.25","0.09375","96","48","95.5","47.5","rotation_allowed","1","42.5","57.5","0","true","https://woodcuttool.com/templates/kids-table-cut-list/"
"2026-07-18","woodcuttool-maxrects-v1","kids-table","Kids table","Furniture","6","1928","1928","0.25","0.09375","96","48","95.5","47.5","orientation_locked","1","42.5","57.5","0","true","https://woodcuttool.com/templates/kids-table-cut-list/"
"2026-07-18","woodcuttool-maxrects-v1","kids-table","Kids table","Furniture","6","1928","1928","0.25","0.125","96","48","95.5","47.5","rotation_allowed","1","42.5","57.5","0","true","https://woodcuttool.com/templates/kids-table-cut-list/"
"2026-07-18","woodcuttool-maxrects-v1","kids-table","Kids table","Furniture","6","1928","1928","0.25","0.125","96","48","95.5","47.5","orientation_locked","1","42.5","57.5","0","true","https://woodcuttool.com/templates/kids-table-cut-list/"
"2026-07-18","woodcuttool-maxrects-v1","kids-table","Kids table","Furniture","6","1928","1928","0.25","0.1875","96","48","95.5","47.5","rotation_allowed","1","42.5","57.5","0","true","https://woodcuttool.com/templates/kids-table-cut-list/"
"2026-07-18","woodcuttool-maxrects-v1","kids-table","Kids table","Furniture","6","1928","1928","0.25","0.1875","96","48","95.5","47.5","orientation_locked","1","42.5","57.5","0","true","https://woodcuttool.com/templates/kids-table-cut-list/"
"2026-07-18","woodcuttool-maxrects-v1","kids-table","Kids table","Furniture","6","1928","1928","0.25","0.25","96","48","95.5","47.5","rotation_allowed","1","42.5","57.5","0","true","https://woodcuttool.com/templates/kids-table-cut-list/"
"2026-07-18","woodcuttool-maxrects-v1","kids-table","Kids table","Furniture","6","1928","1928","0.25","0.25","96","48","95.5","47.5","orientation_locked","1","42.5","57.5","0","true","https://woodcuttool.com/templates/kids-table-cut-list/"
"2026-07-18","woodcuttool-maxrects-v1","kids-table","Kids table","Furniture","6","1928","1928","0.5","0","96","48","95","47","rotation_allowed","1","43.2","56.8","0","true","https://woodcuttool.com/templates/kids-table-cut-list/"
"2026-07-18","woodcuttool-maxrects-v1","kids-table","Kids table","Furniture","6","1928","1928","0.5","0","96","48","95","47","orientation_locked","1","43.2","56.8","0","true","https://woodcuttool.com/templates/kids-table-cut-list/"
"2026-07-18","woodcuttool-maxrects-v1","kids-table","Kids table","Furniture","6","1928","1928","0.5","0.03125","96","48","95","47","rotation_allowed","1","43.2","56.8","0","true","https://woodcuttool.com/templates/kids-table-cut-list/"
"2026-07-18","woodcuttool-maxrects-v1","kids-table","Kids table","Furniture","6","1928","1928","0.5","0.03125","96","48","95","47","orientation_locked","1","43.2","56.8","0","true","https://woodcuttool.com/templates/kids-table-cut-list/"
"2026-07-18","woodcuttool-maxrects-v1","kids-table","Kids table","Furniture","6","1928","1928","0.5","0.0625","96","48","95","47","rotation_allowed","1","43.2","56.8","0","true","https://woodcuttool.com/templates/kids-table-cut-list/"
"2026-07-18","woodcuttool-maxrects-v1","kids-table","Kids table","Furniture","6","1928","1928","0.5","0.0625","96","48","95","47","orientation_locked","1","43.2","56.8","0","true","https://woodcuttool.com/templates/kids-table-cut-list/"
"2026-07-18","woodcuttool-maxrects-v1","kids-table","Kids table","Furniture","6","1928","1928","0.5","0.09375","96","48","95","47","rotation_allowed","1","43.2","56.8","0","true","https://woodcuttool.com/templates/kids-table-cut-list/"
"2026-07-18","woodcuttool-maxrects-v1","kids-table","Kids table","Furniture","6","1928","1928","0.5","0.09375","96","48","95","47","orientation_locked","1","43.2","56.8","0","true","https://woodcuttool.com/templates/kids-table-cut-list/"
"2026-07-18","woodcuttool-maxrects-v1","kids-table","Kids table","Furniture","6","1928","1928","0.5","0.125","96","48","95","47","rotation_allowed","1","43.2","56.8","0","true","https://woodcuttool.com/templates/kids-table-cut-list/"
"2026-07-18","woodcuttool-maxrects-v1","kids-table","Kids table","Furniture","6","1928","1928","0.5","0.125","96","48","95","47","orientation_locked","1","43.2","56.8","0","true","https://woodcuttool.com/templates/kids-table-cut-list/"
"2026-07-18","woodcuttool-maxrects-v1","kids-table","Kids table","Furniture","6","1928","1928","0.5","0.1875","96","48","95","47","rotation_allowed","1","43.2","56.8","0","true","https://woodcuttool.com/templates/kids-table-cut-list/"
"2026-07-18","woodcuttool-maxrects-v1","kids-table","Kids table","Furniture","6","1928","1928","0.5","0.1875","96","48","95","47","orientation_locked","1","43.2","56.8","0","true","https://woodcuttool.com/templates/kids-table-cut-list/"
"2026-07-18","woodcuttool-maxrects-v1","kids-table","Kids table","Furniture","6","1928","1928","0.5","0.25","96","48","95","47","rotation_allowed","1","43.2","56.8","0","true","https://woodcuttool.com/templates/kids-table-cut-list/"
"2026-07-18","woodcuttool-maxrects-v1","kids-table","Kids table","Furniture","6","1928","1928","0.5","0.25","96","48","95","47","orientation_locked","1","43.2","56.8","0","true","https://woodcuttool.com/templates/kids-table-cut-list/"
"2026-07-18","woodcuttool-maxrects-v1","kids-table","Kids table","Furniture","6","1928","1928","1","0","96","48","94","46","rotation_allowed","1","44.6","55.4","0","true","https://woodcuttool.com/templates/kids-table-cut-list/"
"2026-07-18","woodcuttool-maxrects-v1","kids-table","Kids table","Furniture","6","1928","1928","1","0","96","48","94","46","orientation_locked","1","44.6","55.4","0","true","https://woodcuttool.com/templates/kids-table-cut-list/"
"2026-07-18","woodcuttool-maxrects-v1","kids-table","Kids table","Furniture","6","1928","1928","1","0.03125","96","48","94","46","rotation_allowed","1","44.6","55.4","0","true","https://woodcuttool.com/templates/kids-table-cut-list/"
"2026-07-18","woodcuttool-maxrects-v1","kids-table","Kids table","Furniture","6","1928","1928","1","0.03125","96","48","94","46","orientation_locked","1","44.6","55.4","0","true","https://woodcuttool.com/templates/kids-table-cut-list/"
"2026-07-18","woodcuttool-maxrects-v1","kids-table","Kids table","Furniture","6","1928","1928","1","0.0625","96","48","94","46","rotation_allowed","1","44.6","55.4","0","true","https://woodcuttool.com/templates/kids-table-cut-list/"
"2026-07-18","woodcuttool-maxrects-v1","kids-table","Kids table","Furniture","6","1928","1928","1","0.0625","96","48","94","46","orientation_locked","1","44.6","55.4","0","true","https://woodcuttool.com/templates/kids-table-cut-list/"
"2026-07-18","woodcuttool-maxrects-v1","kids-table","Kids table","Furniture","6","1928","1928","1","0.09375","96","48","94","46","rotation_allowed","1","44.6","55.4","0","true","https://woodcuttool.com/templates/kids-table-cut-list/"
"2026-07-18","woodcuttool-maxrects-v1","kids-table","Kids table","Furniture","6","1928","1928","1","0.09375","96","48","94","46","orientation_locked","1","44.6","55.4","0","true","https://woodcuttool.com/templates/kids-table-cut-list/"
"2026-07-18","woodcuttool-maxrects-v1","kids-table","Kids table","Furniture","6","1928","1928","1","0.125","96","48","94","46","rotation_allowed","1","44.6","55.4","0","true","https://woodcuttool.com/templates/kids-table-cut-list/"
"2026-07-18","woodcuttool-maxrects-v1","kids-table","Kids table","Furniture","6","1928","1928","1","0.125","96","48","94","46","orientation_locked","1","44.6","55.4","0","true","https://woodcuttool.com/templates/kids-table-cut-list/"
"2026-07-18","woodcuttool-maxrects-v1","kids-table","Kids table","Furniture","6","1928","1928","1","0.1875","96","48","94","46","rotation_allowed","1","44.6","55.4","0","true","https://woodcuttool.com/templates/kids-table-cut-list/"
"2026-07-18","woodcuttool-maxrects-v1","kids-table","Kids table","Furniture","6","1928","1928","1","0.1875","96","48","94","46","orientation_locked","1","44.6","55.4","0","true","https://woodcuttool.com/templates/kids-table-cut-list/"
"2026-07-18","woodcuttool-maxrects-v1","kids-table","Kids table","Furniture","6","1928","1928","1","0.25","96","48","94","46","rotation_allowed","1","44.6","55.4","0","true","https://woodcuttool.com/templates/kids-table-cut-list/"
"2026-07-18","woodcuttool-maxrects-v1","kids-table","Kids table","Furniture","6","1928","1928","1","0.25","96","48","94","46","orientation_locked","1","44.6","55.4","0","true","https://woodcuttool.com/templates/kids-table-cut-list/"
"2026-07-18","woodcuttool-maxrects-v1","mobile-workbench","Mobile workbench","Shop","9","4490.5","4490.5","0","0","96","48","96","48","rotation_allowed","2","48.7","51.3","0","true","https://woodcuttool.com/templates/mobile-workbench-cut-list/"
"2026-07-18","woodcuttool-maxrects-v1","mobile-workbench","Mobile workbench","Shop","9","4490.5","4490.5","0","0","96","48","96","48","orientation_locked","2","48.7","51.3","0","true","https://woodcuttool.com/templates/mobile-workbench-cut-list/"
"2026-07-18","woodcuttool-maxrects-v1","mobile-workbench","Mobile workbench","Shop","9","4490.5","4490.5","0","0.03125","96","48","96","48","rotation_allowed","2","48.7","51.3","0","true","https://woodcuttool.com/templates/mobile-workbench-cut-list/"
"2026-07-18","woodcuttool-maxrects-v1","mobile-workbench","Mobile workbench","Shop","9","4490.5","4490.5","0","0.03125","96","48","96","48","orientation_locked","2","48.7","51.3","0","true","https://woodcuttool.com/templates/mobile-workbench-cut-list/"
"2026-07-18","woodcuttool-maxrects-v1","mobile-workbench","Mobile workbench","Shop","9","4490.5","4490.5","0","0.0625","96","48","96","48","rotation_allowed","2","48.7","51.3","0","true","https://woodcuttool.com/templates/mobile-workbench-cut-list/"
"2026-07-18","woodcuttool-maxrects-v1","mobile-workbench","Mobile workbench","Shop","9","4490.5","4490.5","0","0.0625","96","48","96","48","orientation_locked","2","48.7","51.3","0","true","https://woodcuttool.com/templates/mobile-workbench-cut-list/"
"2026-07-18","woodcuttool-maxrects-v1","mobile-workbench","Mobile workbench","Shop","9","4490.5","4490.5","0","0.09375","96","48","96","48","rotation_allowed","2","48.7","51.3","0","true","https://woodcuttool.com/templates/mobile-workbench-cut-list/"
"2026-07-18","woodcuttool-maxrects-v1","mobile-workbench","Mobile workbench","Shop","9","4490.5","4490.5","0","0.09375","96","48","96","48","orientation_locked","2","48.7","51.3","0","true","https://woodcuttool.com/templates/mobile-workbench-cut-list/"
"2026-07-18","woodcuttool-maxrects-v1","mobile-workbench","Mobile workbench","Shop","9","4490.5","4490.5","0","0.125","96","48","96","48","rotation_allowed","2","48.7","51.3","0","true","https://woodcuttool.com/templates/mobile-workbench-cut-list/"
"2026-07-18","woodcuttool-maxrects-v1","mobile-workbench","Mobile workbench","Shop","9","4490.5","4490.5","0","0.125","96","48","96","48","orientation_locked","2","48.7","51.3","0","true","https://woodcuttool.com/templates/mobile-workbench-cut-list/"
"2026-07-18","woodcuttool-maxrects-v1","mobile-workbench","Mobile workbench","Shop","9","4490.5","4490.5","0","0.1875","96","48","96","48","rotation_allowed","2","48.7","51.3","0","true","https://woodcuttool.com/templates/mobile-workbench-cut-list/"
"2026-07-18","woodcuttool-maxrects-v1","mobile-workbench","Mobile workbench","Shop","9","4490.5","4490.5","0","0.1875","96","48","96","48","orientation_locked","2","48.7","51.3","0","true","https://woodcuttool.com/templates/mobile-workbench-cut-list/"
"2026-07-18","woodcuttool-maxrects-v1","mobile-workbench","Mobile workbench","Shop","9","4490.5","4490.5","0","0.25","96","48","96","48","rotation_allowed","2","48.7","51.3","0","true","https://woodcuttool.com/templates/mobile-workbench-cut-list/"
"2026-07-18","woodcuttool-maxrects-v1","mobile-workbench","Mobile workbench","Shop","9","4490.5","4490.5","0","0.25","96","48","96","48","orientation_locked","2","48.7","51.3","0","true","https://woodcuttool.com/templates/mobile-workbench-cut-list/"
"2026-07-18","woodcuttool-maxrects-v1","mobile-workbench","Mobile workbench","Shop","9","4490.5","4490.5","0.125","0","96","48","95.75","47.75","rotation_allowed","2","49.1","50.9","0","true","https://woodcuttool.com/templates/mobile-workbench-cut-list/"
"2026-07-18","woodcuttool-maxrects-v1","mobile-workbench","Mobile workbench","Shop","9","4490.5","4490.5","0.125","0","96","48","95.75","47.75","orientation_locked","2","49.1","50.9","0","true","https://woodcuttool.com/templates/mobile-workbench-cut-list/"
"2026-07-18","woodcuttool-maxrects-v1","mobile-workbench","Mobile workbench","Shop","9","4490.5","4490.5","0.125","0.03125","96","48","95.75","47.75","rotation_allowed","2","49.1","50.9","0","true","https://woodcuttool.com/templates/mobile-workbench-cut-list/"
"2026-07-18","woodcuttool-maxrects-v1","mobile-workbench","Mobile workbench","Shop","9","4490.5","4490.5","0.125","0.03125","96","48","95.75","47.75","orientation_locked","2","49.1","50.9","0","true","https://woodcuttool.com/templates/mobile-workbench-cut-list/"
"2026-07-18","woodcuttool-maxrects-v1","mobile-workbench","Mobile workbench","Shop","9","4490.5","4490.5","0.125","0.0625","96","48","95.75","47.75","rotation_allowed","2","49.1","50.9","0","true","https://woodcuttool.com/templates/mobile-workbench-cut-list/"
"2026-07-18","woodcuttool-maxrects-v1","mobile-workbench","Mobile workbench","Shop","9","4490.5","4490.5","0.125","0.0625","96","48","95.75","47.75","orientation_locked","2","49.1","50.9","0","true","https://woodcuttool.com/templates/mobile-workbench-cut-list/"
"2026-07-18","woodcuttool-maxrects-v1","mobile-workbench","Mobile workbench","Shop","9","4490.5","4490.5","0.125","0.09375","96","48","95.75","47.75","rotation_allowed","2","49.1","50.9","0","true","https://woodcuttool.com/templates/mobile-workbench-cut-list/"
"2026-07-18","woodcuttool-maxrects-v1","mobile-workbench","Mobile workbench","Shop","9","4490.5","4490.5","0.125","0.09375","96","48","95.75","47.75","orientation_locked","2","49.1","50.9","0","true","https://woodcuttool.com/templates/mobile-workbench-cut-list/"
"2026-07-18","woodcuttool-maxrects-v1","mobile-workbench","Mobile workbench","Shop","9","4490.5","4490.5","0.125","0.125","96","48","95.75","47.75","rotation_allowed","2","49.1","50.9","0","true","https://woodcuttool.com/templates/mobile-workbench-cut-list/"
"2026-07-18","woodcuttool-maxrects-v1","mobile-workbench","Mobile workbench","Shop","9","4490.5","4490.5","0.125","0.125","96","48","95.75","47.75","orientation_locked","2","49.1","50.9","0","true","https://woodcuttool.com/templates/mobile-workbench-cut-list/"
"2026-07-18","woodcuttool-maxrects-v1","mobile-workbench","Mobile workbench","Shop","9","4490.5","4490.5","0.125","0.1875","96","48","95.75","47.75","rotation_allowed","2","49.1","50.9","0","true","https://woodcuttool.com/templates/mobile-workbench-cut-list/"
"2026-07-18","woodcuttool-maxrects-v1","mobile-workbench","Mobile workbench","Shop","9","4490.5","4490.5","0.125","0.1875","96","48","95.75","47.75","orientation_locked","2","49.1","50.9","0","true","https://woodcuttool.com/templates/mobile-workbench-cut-list/"
"2026-07-18","woodcuttool-maxrects-v1","mobile-workbench","Mobile workbench","Shop","9","4490.5","4490.5","0.125","0.25","96","48","95.75","47.75","rotation_allowed","2","49.1","50.9","0","true","https://woodcuttool.com/templates/mobile-workbench-cut-list/"
"2026-07-18","woodcuttool-maxrects-v1","mobile-workbench","Mobile workbench","Shop","9","4490.5","4490.5","0.125","0.25","96","48","95.75","47.75","orientation_locked","2","49.1","50.9","0","true","https://woodcuttool.com/templates/mobile-workbench-cut-list/"
"2026-07-18","woodcuttool-maxrects-v1","mobile-workbench","Mobile workbench","Shop","9","4490.5","4490.5","0.25","0","96","48","95.5","47.5","rotation_allowed","2","49.5","50.5","0","true","https://woodcuttool.com/templates/mobile-workbench-cut-list/"
"2026-07-18","woodcuttool-maxrects-v1","mobile-workbench","Mobile workbench","Shop","9","4490.5","4490.5","0.25","0","96","48","95.5","47.5","orientation_locked","2","49.5","50.5","0","true","https://woodcuttool.com/templates/mobile-workbench-cut-list/"
"2026-07-18","woodcuttool-maxrects-v1","mobile-workbench","Mobile workbench","Shop","9","4490.5","4490.5","0.25","0.03125","96","48","95.5","47.5","rotation_allowed","2","49.5","50.5","0","true","https://woodcuttool.com/templates/mobile-workbench-cut-list/"
"2026-07-18","woodcuttool-maxrects-v1","mobile-workbench","Mobile workbench","Shop","9","4490.5","4490.5","0.25","0.03125","96","48","95.5","47.5","orientation_locked","2","49.5","50.5","0","true","https://woodcuttool.com/templates/mobile-workbench-cut-list/"
"2026-07-18","woodcuttool-maxrects-v1","mobile-workbench","Mobile workbench","Shop","9","4490.5","4490.5","0.25","0.0625","96","48","95.5","47.5","rotation_allowed","2","49.5","50.5","0","true","https://woodcuttool.com/templates/mobile-workbench-cut-list/"
"2026-07-18","woodcuttool-maxrects-v1","mobile-workbench","Mobile workbench","Shop","9","4490.5","4490.5","0.25","0.0625","96","48","95.5","47.5","orientation_locked","2","49.5","50.5","0","true","https://woodcuttool.com/templates/mobile-workbench-cut-list/"
"2026-07-18","woodcuttool-maxrects-v1","mobile-workbench","Mobile workbench","Shop","9","4490.5","4490.5","0.25","0.09375","96","48","95.5","47.5","rotation_allowed","2","49.5","50.5","0","true","https://woodcuttool.com/templates/mobile-workbench-cut-list/"
"2026-07-18","woodcuttool-maxrects-v1","mobile-workbench","Mobile workbench","Shop","9","4490.5","4490.5","0.25","0.09375","96","48","95.5","47.5","orientation_locked","2","49.5","50.5","0","true","https://woodcuttool.com/templates/mobile-workbench-cut-list/"
"2026-07-18","woodcuttool-maxrects-v1","mobile-workbench","Mobile workbench","Shop","9","4490.5","4490.5","0.25","0.125","96","48","95.5","47.5","rotation_allowed","2","49.5","50.5","0","true","https://woodcuttool.com/templates/mobile-workbench-cut-list/"
"2026-07-18","woodcuttool-maxrects-v1","mobile-workbench","Mobile workbench","Shop","9","4490.5","4490.5","0.25","0.125","96","48","95.5","47.5","orientation_locked","2","49.5","50.5","0","true","https://woodcuttool.com/templates/mobile-workbench-cut-list/"
"2026-07-18","woodcuttool-maxrects-v1","mobile-workbench","Mobile workbench","Shop","9","4490.5","4490.5","0.25","0.1875","96","48","95.5","47.5","rotation_allowed","2","49.5","50.5","0","true","https://woodcuttool.com/templates/mobile-workbench-cut-list/"
"2026-07-18","woodcuttool-maxrects-v1","mobile-workbench","Mobile workbench","Shop","9","4490.5","4490.5","0.25","0.1875","96","48","95.5","47.5","orientation_locked","2","49.5","50.5","0","true","https://woodcuttool.com/templates/mobile-workbench-cut-list/"
"2026-07-18","woodcuttool-maxrects-v1","mobile-workbench","Mobile workbench","Shop","9","4490.5","4490.5","0.25","0.25","96","48","95.5","47.5","rotation_allowed","2","49.5","50.5","0","true","https://woodcuttool.com/templates/mobile-workbench-cut-list/"
"2026-07-18","woodcuttool-maxrects-v1","mobile-workbench","Mobile workbench","Shop","9","4490.5","4490.5","0.25","0.25","96","48","95.5","47.5","orientation_locked","2","49.5","50.5","0","true","https://woodcuttool.com/templates/mobile-workbench-cut-list/"
"2026-07-18","woodcuttool-maxrects-v1","mobile-workbench","Mobile workbench","Shop","9","4490.5","4490.5","0.5","0","96","48","95","47","rotation_allowed","2","50.3","49.7","0","true","https://woodcuttool.com/templates/mobile-workbench-cut-list/"
"2026-07-18","woodcuttool-maxrects-v1","mobile-workbench","Mobile workbench","Shop","9","4490.5","4490.5","0.5","0","96","48","95","47","orientation_locked","2","50.3","49.7","0","true","https://woodcuttool.com/templates/mobile-workbench-cut-list/"
"2026-07-18","woodcuttool-maxrects-v1","mobile-workbench","Mobile workbench","Shop","9","4490.5","4490.5","0.5","0.03125","96","48","95","47","rotation_allowed","2","50.3","49.7","0","true","https://woodcuttool.com/templates/mobile-workbench-cut-list/"
"2026-07-18","woodcuttool-maxrects-v1","mobile-workbench","Mobile workbench","Shop","9","4490.5","4490.5","0.5","0.03125","96","48","95","47","orientation_locked","2","50.3","49.7","0","true","https://woodcuttool.com/templates/mobile-workbench-cut-list/"
"2026-07-18","woodcuttool-maxrects-v1","mobile-workbench","Mobile workbench","Shop","9","4490.5","4490.5","0.5","0.0625","96","48","95","47","rotation_allowed","2","50.3","49.7","0","true","https://woodcuttool.com/templates/mobile-workbench-cut-list/"
"2026-07-18","woodcuttool-maxrects-v1","mobile-workbench","Mobile workbench","Shop","9","4490.5","4490.5","0.5","0.0625","96","48","95","47","orientation_locked","2","50.3","49.7","0","true","https://woodcuttool.com/templates/mobile-workbench-cut-list/"
"2026-07-18","woodcuttool-maxrects-v1","mobile-workbench","Mobile workbench","Shop","9","4490.5","4490.5","0.5","0.09375","96","48","95","47","rotation_allowed","2","50.3","49.7","0","true","https://woodcuttool.com/templates/mobile-workbench-cut-list/"
"2026-07-18","woodcuttool-maxrects-v1","mobile-workbench","Mobile workbench","Shop","9","4490.5","4490.5","0.5","0.09375","96","48","95","47","orientation_locked","2","50.3","49.7","0","true","https://woodcuttool.com/templates/mobile-workbench-cut-list/"
"2026-07-18","woodcuttool-maxrects-v1","mobile-workbench","Mobile workbench","Shop","9","4490.5","4490.5","0.5","0.125","96","48","95","47","rotation_allowed","2","50.3","49.7","0","true","https://woodcuttool.com/templates/mobile-workbench-cut-list/"
"2026-07-18","woodcuttool-maxrects-v1","mobile-workbench","Mobile workbench","Shop","9","4490.5","4490.5","0.5","0.125","96","48","95","47","orientation_locked","2","50.3","49.7","0","true","https://woodcuttool.com/templates/mobile-workbench-cut-list/"
"2026-07-18","woodcuttool-maxrects-v1","mobile-workbench","Mobile workbench","Shop","9","4490.5","4490.5","0.5","0.1875","96","48","95","47","rotation_allowed","2","50.3","49.7","0","true","https://woodcuttool.com/templates/mobile-workbench-cut-list/"
"2026-07-18","woodcuttool-maxrects-v1","mobile-workbench","Mobile workbench","Shop","9","4490.5","4490.5","0.5","0.1875","96","48","95","47","orientation_locked","2","50.3","49.7","0","true","https://woodcuttool.com/templates/mobile-workbench-cut-list/"
"2026-07-18","woodcuttool-maxrects-v1","mobile-workbench","Mobile workbench","Shop","9","4490.5","4490.5","0.5","0.25","96","48","95","47","rotation_allowed","2","50.3","49.7","0","true","https://woodcuttool.com/templates/mobile-workbench-cut-list/"
"2026-07-18","woodcuttool-maxrects-v1","mobile-workbench","Mobile workbench","Shop","9","4490.5","4490.5","0.5","0.25","96","48","95","47","orientation_locked","2","50.3","49.7","0","true","https://woodcuttool.com/templates/mobile-workbench-cut-list/"
"2026-07-18","woodcuttool-maxrects-v1","mobile-workbench","Mobile workbench","Shop","9","4490.5","4490.5","1","0","96","48","94","46","rotation_allowed","2","51.9","48.1","0","true","https://woodcuttool.com/templates/mobile-workbench-cut-list/"
"2026-07-18","woodcuttool-maxrects-v1","mobile-workbench","Mobile workbench","Shop","9","4490.5","4490.5","1","0","96","48","94","46","orientation_locked","2","51.9","48.1","0","true","https://woodcuttool.com/templates/mobile-workbench-cut-list/"
"2026-07-18","woodcuttool-maxrects-v1","mobile-workbench","Mobile workbench","Shop","9","4490.5","4490.5","1","0.03125","96","48","94","46","rotation_allowed","2","51.9","48.1","0","true","https://woodcuttool.com/templates/mobile-workbench-cut-list/"
"2026-07-18","woodcuttool-maxrects-v1","mobile-workbench","Mobile workbench","Shop","9","4490.5","4490.5","1","0.03125","96","48","94","46","orientation_locked","2","51.9","48.1","0","true","https://woodcuttool.com/templates/mobile-workbench-cut-list/"
"2026-07-18","woodcuttool-maxrects-v1","mobile-workbench","Mobile workbench","Shop","9","4490.5","4490.5","1","0.0625","96","48","94","46","rotation_allowed","2","51.9","48.1","0","true","https://woodcuttool.com/templates/mobile-workbench-cut-list/"
"2026-07-18","woodcuttool-maxrects-v1","mobile-workbench","Mobile workbench","Shop","9","4490.5","4490.5","1","0.0625","96","48","94","46","orientation_locked","2","51.9","48.1","0","true","https://woodcuttool.com/templates/mobile-workbench-cut-list/"
"2026-07-18","woodcuttool-maxrects-v1","mobile-workbench","Mobile workbench","Shop","9","4490.5","4490.5","1","0.09375","96","48","94","46","rotation_allowed","2","51.9","48.1","0","true","https://woodcuttool.com/templates/mobile-workbench-cut-list/"
"2026-07-18","woodcuttool-maxrects-v1","mobile-workbench","Mobile workbench","Shop","9","4490.5","4490.5","1","0.09375","96","48","94","46","orientation_locked","2","51.9","48.1","0","true","https://woodcuttool.com/templates/mobile-workbench-cut-list/"
"2026-07-18","woodcuttool-maxrects-v1","mobile-workbench","Mobile workbench","Shop","9","4490.5","4490.5","1","0.125","96","48","94","46","rotation_allowed","2","51.9","48.1","0","true","https://woodcuttool.com/templates/mobile-workbench-cut-list/"
"2026-07-18","woodcuttool-maxrects-v1","mobile-workbench","Mobile workbench","Shop","9","4490.5","4490.5","1","0.125","96","48","94","46","orientation_locked","2","51.9","48.1","0","true","https://woodcuttool.com/templates/mobile-workbench-cut-list/"
"2026-07-18","woodcuttool-maxrects-v1","mobile-workbench","Mobile workbench","Shop","9","4490.5","4490.5","1","0.1875","96","48","94","46","rotation_allowed","2","51.9","48.1","0","true","https://woodcuttool.com/templates/mobile-workbench-cut-list/"
"2026-07-18","woodcuttool-maxrects-v1","mobile-workbench","Mobile workbench","Shop","9","4490.5","4490.5","1","0.1875","96","48","94","46","orientation_locked","2","51.9","48.1","0","true","https://woodcuttool.com/templates/mobile-workbench-cut-list/"
"2026-07-18","woodcuttool-maxrects-v1","mobile-workbench","Mobile workbench","Shop","9","4490.5","4490.5","1","0.25","96","48","94","46","rotation_allowed","2","51.9","48.1","0","true","https://woodcuttool.com/templates/mobile-workbench-cut-list/"
"2026-07-18","woodcuttool-maxrects-v1","mobile-workbench","Mobile workbench","Shop","9","4490.5","4490.5","1","0.25","96","48","94","46","orientation_locked","2","51.9","48.1","0","true","https://woodcuttool.com/templates/mobile-workbench-cut-list/"
"2026-07-18","woodcuttool-maxrects-v1","assembly-table","Assembly table","Shop","7","6952.5","6952.5","0","0","96","48","96","48","rotation_allowed","3","50.3","49.7","0","true","https://woodcuttool.com/templates/assembly-table-cut-list/"
"2026-07-18","woodcuttool-maxrects-v1","assembly-table","Assembly table","Shop","7","6952.5","6952.5","0","0","96","48","96","48","orientation_locked","3","50.3","49.7","0","true","https://woodcuttool.com/templates/assembly-table-cut-list/"
"2026-07-18","woodcuttool-maxrects-v1","assembly-table","Assembly table","Shop","7","6952.5","6952.5","0","0.03125","96","48","96","48","rotation_allowed","3","50.3","49.7","0","true","https://woodcuttool.com/templates/assembly-table-cut-list/"
"2026-07-18","woodcuttool-maxrects-v1","assembly-table","Assembly table","Shop","7","6952.5","6952.5","0","0.03125","96","48","96","48","orientation_locked","3","50.3","49.7","0","true","https://woodcuttool.com/templates/assembly-table-cut-list/"
"2026-07-18","woodcuttool-maxrects-v1","assembly-table","Assembly table","Shop","7","6952.5","6952.5","0","0.0625","96","48","96","48","rotation_allowed","3","50.3","49.7","0","true","https://woodcuttool.com/templates/assembly-table-cut-list/"
"2026-07-18","woodcuttool-maxrects-v1","assembly-table","Assembly table","Shop","7","6952.5","6952.5","0","0.0625","96","48","96","48","orientation_locked","3","50.3","49.7","0","true","https://woodcuttool.com/templates/assembly-table-cut-list/"
"2026-07-18","woodcuttool-maxrects-v1","assembly-table","Assembly table","Shop","7","6952.5","6952.5","0","0.09375","96","48","96","48","rotation_allowed","3","50.3","49.7","0","true","https://woodcuttool.com/templates/assembly-table-cut-list/"
"2026-07-18","woodcuttool-maxrects-v1","assembly-table","Assembly table","Shop","7","6952.5","6952.5","0","0.09375","96","48","96","48","orientation_locked","3","50.3","49.7","0","true","https://woodcuttool.com/templates/assembly-table-cut-list/"
"2026-07-18","woodcuttool-maxrects-v1","assembly-table","Assembly table","Shop","7","6952.5","6952.5","0","0.125","96","48","96","48","rotation_allowed","3","50.3","49.7","0","true","https://woodcuttool.com/templates/assembly-table-cut-list/"
"2026-07-18","woodcuttool-maxrects-v1","assembly-table","Assembly table","Shop","7","6952.5","6952.5","0","0.125","96","48","96","48","orientation_locked","3","50.3","49.7","0","true","https://woodcuttool.com/templates/assembly-table-cut-list/"
"2026-07-18","woodcuttool-maxrects-v1","assembly-table","Assembly table","Shop","7","6952.5","6952.5","0","0.1875","96","48","96","48","rotation_allowed","3","50.3","49.7","0","true","https://woodcuttool.com/templates/assembly-table-cut-list/"
"2026-07-18","woodcuttool-maxrects-v1","assembly-table","Assembly table","Shop","7","6952.5","6952.5","0","0.1875","96","48","96","48","orientation_locked","3","50.3","49.7","0","true","https://woodcuttool.com/templates/assembly-table-cut-list/"
"2026-07-18","woodcuttool-maxrects-v1","assembly-table","Assembly table","Shop","7","6952.5","6952.5","0","0.25","96","48","96","48","rotation_allowed","3","50.3","49.7","0","true","https://woodcuttool.com/templates/assembly-table-cut-list/"
"2026-07-18","woodcuttool-maxrects-v1","assembly-table","Assembly table","Shop","7","6952.5","6952.5","0","0.25","96","48","96","48","orientation_locked","3","50.3","49.7","0","true","https://woodcuttool.com/templates/assembly-table-cut-list/"
"2026-07-18","woodcuttool-maxrects-v1","assembly-table","Assembly table","Shop","7","6952.5","6952.5","0.125","0","96","48","95.75","47.75","rotation_allowed","3","50.7","49.3","0","true","https://woodcuttool.com/templates/assembly-table-cut-list/"
"2026-07-18","woodcuttool-maxrects-v1","assembly-table","Assembly table","Shop","7","6952.5","6952.5","0.125","0","96","48","95.75","47.75","orientation_locked","3","50.7","49.3","0","true","https://woodcuttool.com/templates/assembly-table-cut-list/"
"2026-07-18","woodcuttool-maxrects-v1","assembly-table","Assembly table","Shop","7","6952.5","6952.5","0.125","0.03125","96","48","95.75","47.75","rotation_allowed","3","50.7","49.3","0","true","https://woodcuttool.com/templates/assembly-table-cut-list/"
"2026-07-18","woodcuttool-maxrects-v1","assembly-table","Assembly table","Shop","7","6952.5","6952.5","0.125","0.03125","96","48","95.75","47.75","orientation_locked","3","50.7","49.3","0","true","https://woodcuttool.com/templates/assembly-table-cut-list/"
"2026-07-18","woodcuttool-maxrects-v1","assembly-table","Assembly table","Shop","7","6952.5","6952.5","0.125","0.0625","96","48","95.75","47.75","rotation_allowed","3","50.7","49.3","0","true","https://woodcuttool.com/templates/assembly-table-cut-list/"
"2026-07-18","woodcuttool-maxrects-v1","assembly-table","Assembly table","Shop","7","6952.5","6952.5","0.125","0.0625","96","48","95.75","47.75","orientation_locked","3","50.7","49.3","0","true","https://woodcuttool.com/templates/assembly-table-cut-list/"
"2026-07-18","woodcuttool-maxrects-v1","assembly-table","Assembly table","Shop","7","6952.5","6952.5","0.125","0.09375","96","48","95.75","47.75","rotation_allowed","3","50.7","49.3","0","true","https://woodcuttool.com/templates/assembly-table-cut-list/"
"2026-07-18","woodcuttool-maxrects-v1","assembly-table","Assembly table","Shop","7","6952.5","6952.5","0.125","0.09375","96","48","95.75","47.75","orientation_locked","3","50.7","49.3","0","true","https://woodcuttool.com/templates/assembly-table-cut-list/"
"2026-07-18","woodcuttool-maxrects-v1","assembly-table","Assembly table","Shop","7","6952.5","6952.5","0.125","0.125","96","48","95.75","47.75","rotation_allowed","3","50.7","49.3","0","true","https://woodcuttool.com/templates/assembly-table-cut-list/"
"2026-07-18","woodcuttool-maxrects-v1","assembly-table","Assembly table","Shop","7","6952.5","6952.5","0.125","0.125","96","48","95.75","47.75","orientation_locked","3","50.7","49.3","0","true","https://woodcuttool.com/templates/assembly-table-cut-list/"
"2026-07-18","woodcuttool-maxrects-v1","assembly-table","Assembly table","Shop","7","6952.5","6952.5","0.125","0.1875","96","48","95.75","47.75","rotation_allowed","3","50.7","49.3","0","true","https://woodcuttool.com/templates/assembly-table-cut-list/"
"2026-07-18","woodcuttool-maxrects-v1","assembly-table","Assembly table","Shop","7","6952.5","6952.5","0.125","0.1875","96","48","95.75","47.75","orientation_locked","3","50.7","49.3","0","true","https://woodcuttool.com/templates/assembly-table-cut-list/"
"2026-07-18","woodcuttool-maxrects-v1","assembly-table","Assembly table","Shop","7","6952.5","6952.5","0.125","0.25","96","48","95.75","47.75","rotation_allowed","3","50.7","49.3","0","true","https://woodcuttool.com/templates/assembly-table-cut-list/"
"2026-07-18","woodcuttool-maxrects-v1","assembly-table","Assembly table","Shop","7","6952.5","6952.5","0.125","0.25","96","48","95.75","47.75","orientation_locked","3","50.7","49.3","0","true","https://woodcuttool.com/templates/assembly-table-cut-list/"
"2026-07-18","woodcuttool-maxrects-v1","assembly-table","Assembly table","Shop","7","6952.5","6952.5","0.25","0","96","48","95.5","47.5","rotation_allowed","3","51.1","48.9","0","true","https://woodcuttool.com/templates/assembly-table-cut-list/"
"2026-07-18","woodcuttool-maxrects-v1","assembly-table","Assembly table","Shop","7","6952.5","6952.5","0.25","0","96","48","95.5","47.5","orientation_locked","3","51.1","48.9","0","true","https://woodcuttool.com/templates/assembly-table-cut-list/"
"2026-07-18","woodcuttool-maxrects-v1","assembly-table","Assembly table","Shop","7","6952.5","6952.5","0.25","0.03125","96","48","95.5","47.5","rotation_allowed","3","51.1","48.9","0","true","https://woodcuttool.com/templates/assembly-table-cut-list/"
"2026-07-18","woodcuttool-maxrects-v1","assembly-table","Assembly table","Shop","7","6952.5","6952.5","0.25","0.03125","96","48","95.5","47.5","orientation_locked","3","51.1","48.9","0","true","https://woodcuttool.com/templates/assembly-table-cut-list/"
"2026-07-18","woodcuttool-maxrects-v1","assembly-table","Assembly table","Shop","7","6952.5","6952.5","0.25","0.0625","96","48","95.5","47.5","rotation_allowed","3","51.1","48.9","0","true","https://woodcuttool.com/templates/assembly-table-cut-list/"
"2026-07-18","woodcuttool-maxrects-v1","assembly-table","Assembly table","Shop","7","6952.5","6952.5","0.25","0.0625","96","48","95.5","47.5","orientation_locked","3","51.1","48.9","0","true","https://woodcuttool.com/templates/assembly-table-cut-list/"
"2026-07-18","woodcuttool-maxrects-v1","assembly-table","Assembly table","Shop","7","6952.5","6952.5","0.25","0.09375","96","48","95.5","47.5","rotation_allowed","3","51.1","48.9","0","true","https://woodcuttool.com/templates/assembly-table-cut-list/"
"2026-07-18","woodcuttool-maxrects-v1","assembly-table","Assembly table","Shop","7","6952.5","6952.5","0.25","0.09375","96","48","95.5","47.5","orientation_locked","3","51.1","48.9","0","true","https://woodcuttool.com/templates/assembly-table-cut-list/"
"2026-07-18","woodcuttool-maxrects-v1","assembly-table","Assembly table","Shop","7","6952.5","6952.5","0.25","0.125","96","48","95.5","47.5","rotation_allowed","3","51.1","48.9","0","true","https://woodcuttool.com/templates/assembly-table-cut-list/"
"2026-07-18","woodcuttool-maxrects-v1","assembly-table","Assembly table","Shop","7","6952.5","6952.5","0.25","0.125","96","48","95.5","47.5","orientation_locked","3","51.1","48.9","0","true","https://woodcuttool.com/templates/assembly-table-cut-list/"
"2026-07-18","woodcuttool-maxrects-v1","assembly-table","Assembly table","Shop","7","6952.5","6952.5","0.25","0.1875","96","48","95.5","47.5","rotation_allowed","3","51.1","48.9","0","true","https://woodcuttool.com/templates/assembly-table-cut-list/"
"2026-07-18","woodcuttool-maxrects-v1","assembly-table","Assembly table","Shop","7","6952.5","6952.5","0.25","0.1875","96","48","95.5","47.5","orientation_locked","3","51.1","48.9","0","true","https://woodcuttool.com/templates/assembly-table-cut-list/"
"2026-07-18","woodcuttool-maxrects-v1","assembly-table","Assembly table","Shop","7","6952.5","6952.5","0.25","0.25","96","48","95.5","47.5","rotation_allowed","3","51.1","48.9","0","true","https://woodcuttool.com/templates/assembly-table-cut-list/"
"2026-07-18","woodcuttool-maxrects-v1","assembly-table","Assembly table","Shop","7","6952.5","6952.5","0.25","0.25","96","48","95.5","47.5","orientation_locked","3","51.1","48.9","0","true","https://woodcuttool.com/templates/assembly-table-cut-list/"
"2026-07-18","woodcuttool-maxrects-v1","assembly-table","Assembly table","Shop","7","6952.5","6952.5","0.5","0","96","48","95","47","rotation_allowed","3","51.9","48.1","0","true","https://woodcuttool.com/templates/assembly-table-cut-list/"
"2026-07-18","woodcuttool-maxrects-v1","assembly-table","Assembly table","Shop","7","6952.5","6952.5","0.5","0","96","48","95","47","orientation_locked","3","51.9","48.1","0","true","https://woodcuttool.com/templates/assembly-table-cut-list/"
"2026-07-18","woodcuttool-maxrects-v1","assembly-table","Assembly table","Shop","7","6952.5","6952.5","0.5","0.03125","96","48","95","47","rotation_allowed","3","51.9","48.1","0","true","https://woodcuttool.com/templates/assembly-table-cut-list/"
"2026-07-18","woodcuttool-maxrects-v1","assembly-table","Assembly table","Shop","7","6952.5","6952.5","0.5","0.03125","96","48","95","47","orientation_locked","3","51.9","48.1","0","true","https://woodcuttool.com/templates/assembly-table-cut-list/"
"2026-07-18","woodcuttool-maxrects-v1","assembly-table","Assembly table","Shop","7","6952.5","6952.5","0.5","0.0625","96","48","95","47","rotation_allowed","3","51.9","48.1","0","true","https://woodcuttool.com/templates/assembly-table-cut-list/"
"2026-07-18","woodcuttool-maxrects-v1","assembly-table","Assembly table","Shop","7","6952.5","6952.5","0.5","0.0625","96","48","95","47","orientation_locked","3","51.9","48.1","0","true","https://woodcuttool.com/templates/assembly-table-cut-list/"
"2026-07-18","woodcuttool-maxrects-v1","assembly-table","Assembly table","Shop","7","6952.5","6952.5","0.5","0.09375","96","48","95","47","rotation_allowed","3","51.9","48.1","0","true","https://woodcuttool.com/templates/assembly-table-cut-list/"
"2026-07-18","woodcuttool-maxrects-v1","assembly-table","Assembly table","Shop","7","6952.5","6952.5","0.5","0.09375","96","48","95","47","orientation_locked","3","51.9","48.1","0","true","https://woodcuttool.com/templates/assembly-table-cut-list/"
"2026-07-18","woodcuttool-maxrects-v1","assembly-table","Assembly table","Shop","7","6952.5","6952.5","0.5","0.125","96","48","95","47","rotation_allowed","3","51.9","48.1","0","true","https://woodcuttool.com/templates/assembly-table-cut-list/"
"2026-07-18","woodcuttool-maxrects-v1","assembly-table","Assembly table","Shop","7","6952.5","6952.5","0.5","0.125","96","48","95","47","orientation_locked","3","51.9","48.1","0","true","https://woodcuttool.com/templates/assembly-table-cut-list/"
"2026-07-18","woodcuttool-maxrects-v1","assembly-table","Assembly table","Shop","7","6952.5","6952.5","0.5","0.1875","96","48","95","47","rotation_allowed","3","51.9","48.1","0","true","https://woodcuttool.com/templates/assembly-table-cut-list/"
"2026-07-18","woodcuttool-maxrects-v1","assembly-table","Assembly table","Shop","7","6952.5","6952.5","0.5","0.1875","96","48","95","47","orientation_locked","3","51.9","48.1","0","true","https://woodcuttool.com/templates/assembly-table-cut-list/"
"2026-07-18","woodcuttool-maxrects-v1","assembly-table","Assembly table","Shop","7","6952.5","6952.5","0.5","0.25","96","48","95","47","rotation_allowed","3","51.9","48.1","0","true","https://woodcuttool.com/templates/assembly-table-cut-list/"
"2026-07-18","woodcuttool-maxrects-v1","assembly-table","Assembly table","Shop","7","6952.5","6952.5","0.5","0.25","96","48","95","47","orientation_locked","3","51.9","48.1","0","true","https://woodcuttool.com/templates/assembly-table-cut-list/"
"2026-07-18","woodcuttool-maxrects-v1","assembly-table","Assembly table","Shop","7","6952.5","6952.5","1","0","96","48","94","46","rotation_allowed","3","53.6","46.4","0","true","https://woodcuttool.com/templates/assembly-table-cut-list/"
"2026-07-18","woodcuttool-maxrects-v1","assembly-table","Assembly table","Shop","7","6952.5","6952.5","1","0","96","48","94","46","orientation_locked","3","53.6","46.4","0","true","https://woodcuttool.com/templates/assembly-table-cut-list/"
"2026-07-18","woodcuttool-maxrects-v1","assembly-table","Assembly table","Shop","7","6952.5","6952.5","1","0.03125","96","48","94","46","rotation_allowed","3","53.6","46.4","0","true","https://woodcuttool.com/templates/assembly-table-cut-list/"
"2026-07-18","woodcuttool-maxrects-v1","assembly-table","Assembly table","Shop","7","6952.5","6952.5","1","0.03125","96","48","94","46","orientation_locked","3","53.6","46.4","0","true","https://woodcuttool.com/templates/assembly-table-cut-list/"
"2026-07-18","woodcuttool-maxrects-v1","assembly-table","Assembly table","Shop","7","6952.5","6952.5","1","0.0625","96","48","94","46","rotation_allowed","3","53.6","46.4","0","true","https://woodcuttool.com/templates/assembly-table-cut-list/"
"2026-07-18","woodcuttool-maxrects-v1","assembly-table","Assembly table","Shop","7","6952.5","6952.5","1","0.0625","96","48","94","46","orientation_locked","3","53.6","46.4","0","true","https://woodcuttool.com/templates/assembly-table-cut-list/"
"2026-07-18","woodcuttool-maxrects-v1","assembly-table","Assembly table","Shop","7","6952.5","6952.5","1","0.09375","96","48","94","46","rotation_allowed","3","53.6","46.4","0","true","https://woodcuttool.com/templates/assembly-table-cut-list/"
"2026-07-18","woodcuttool-maxrects-v1","assembly-table","Assembly table","Shop","7","6952.5","6952.5","1","0.09375","96","48","94","46","orientation_locked","3","53.6","46.4","0","true","https://woodcuttool.com/templates/assembly-table-cut-list/"
"2026-07-18","woodcuttool-maxrects-v1","assembly-table","Assembly table","Shop","7","6952.5","6952.5","1","0.125","96","48","94","46","rotation_allowed","3","53.6","46.4","0","true","https://woodcuttool.com/templates/assembly-table-cut-list/"
"2026-07-18","woodcuttool-maxrects-v1","assembly-table","Assembly table","Shop","7","6952.5","6952.5","1","0.125","96","48","94","46","orientation_locked","3","53.6","46.4","0","true","https://woodcuttool.com/templates/assembly-table-cut-list/"
"2026-07-18","woodcuttool-maxrects-v1","assembly-table","Assembly table","Shop","7","6952.5","6952.5","1","0.1875","96","48","94","46","rotation_allowed","3","53.6","46.4","0","true","https://woodcuttool.com/templates/assembly-table-cut-list/"
"2026-07-18","woodcuttool-maxrects-v1","assembly-table","Assembly table","Shop","7","6952.5","6952.5","1","0.1875","96","48","94","46","orientation_locked","3","53.6","46.4","0","true","https://woodcuttool.com/templates/assembly-table-cut-list/"
"2026-07-18","woodcuttool-maxrects-v1","assembly-table","Assembly table","Shop","7","6952.5","6952.5","1","0.25","96","48","94","46","rotation_allowed","3","53.6","46.4","0","true","https://woodcuttool.com/templates/assembly-table-cut-list/"
"2026-07-18","woodcuttool-maxrects-v1","assembly-table","Assembly table","Shop","7","6952.5","6952.5","1","0.25","96","48","94","46","orientation_locked","3","53.6","46.4","0","true","https://woodcuttool.com/templates/assembly-table-cut-list/"
"2026-07-18","woodcuttool-maxrects-v1","miter-saw-stand","Miter saw stand","Shop","9","3951.8","3951.8","0","0","96","48","96","48","rotation_allowed","2","42.9","57.1","0","true","https://woodcuttool.com/templates/miter-saw-stand-cut-list/"
"2026-07-18","woodcuttool-maxrects-v1","miter-saw-stand","Miter saw stand","Shop","9","3951.8","3951.8","0","0","96","48","96","48","orientation_locked","2","42.9","57.1","0","true","https://woodcuttool.com/templates/miter-saw-stand-cut-list/"
"2026-07-18","woodcuttool-maxrects-v1","miter-saw-stand","Miter saw stand","Shop","9","3951.8","3951.8","0","0.03125","96","48","96","48","rotation_allowed","2","42.9","57.1","0","true","https://woodcuttool.com/templates/miter-saw-stand-cut-list/"
"2026-07-18","woodcuttool-maxrects-v1","miter-saw-stand","Miter saw stand","Shop","9","3951.8","3951.8","0","0.03125","96","48","96","48","orientation_locked","2","42.9","57.1","0","true","https://woodcuttool.com/templates/miter-saw-stand-cut-list/"
"2026-07-18","woodcuttool-maxrects-v1","miter-saw-stand","Miter saw stand","Shop","9","3951.8","3951.8","0","0.0625","96","48","96","48","rotation_allowed","2","42.9","57.1","0","true","https://woodcuttool.com/templates/miter-saw-stand-cut-list/"
"2026-07-18","woodcuttool-maxrects-v1","miter-saw-stand","Miter saw stand","Shop","9","3951.8","3951.8","0","0.0625","96","48","96","48","orientation_locked","2","42.9","57.1","0","true","https://woodcuttool.com/templates/miter-saw-stand-cut-list/"
"2026-07-18","woodcuttool-maxrects-v1","miter-saw-stand","Miter saw stand","Shop","9","3951.8","3951.8","0","0.09375","96","48","96","48","rotation_allowed","2","42.9","57.1","0","true","https://woodcuttool.com/templates/miter-saw-stand-cut-list/"
"2026-07-18","woodcuttool-maxrects-v1","miter-saw-stand","Miter saw stand","Shop","9","3951.8","3951.8","0","0.09375","96","48","96","48","orientation_locked","2","42.9","57.1","0","true","https://woodcuttool.com/templates/miter-saw-stand-cut-list/"
"2026-07-18","woodcuttool-maxrects-v1","miter-saw-stand","Miter saw stand","Shop","9","3951.8","3951.8","0","0.125","96","48","96","48","rotation_allowed","2","42.9","57.1","0","true","https://woodcuttool.com/templates/miter-saw-stand-cut-list/"
"2026-07-18","woodcuttool-maxrects-v1","miter-saw-stand","Miter saw stand","Shop","9","3951.8","3951.8","0","0.125","96","48","96","48","orientation_locked","2","42.9","57.1","0","true","https://woodcuttool.com/templates/miter-saw-stand-cut-list/"
"2026-07-18","woodcuttool-maxrects-v1","miter-saw-stand","Miter saw stand","Shop","9","3951.8","3951.8","0","0.1875","96","48","96","48","rotation_allowed","2","42.9","57.1","0","true","https://woodcuttool.com/templates/miter-saw-stand-cut-list/"
"2026-07-18","woodcuttool-maxrects-v1","miter-saw-stand","Miter saw stand","Shop","9","3951.8","3951.8","0","0.1875","96","48","96","48","orientation_locked","2","42.9","57.1","0","true","https://woodcuttool.com/templates/miter-saw-stand-cut-list/"
"2026-07-18","woodcuttool-maxrects-v1","miter-saw-stand","Miter saw stand","Shop","9","3951.8","3951.8","0","0.25","96","48","96","48","rotation_allowed","2","42.9","57.1","0","true","https://woodcuttool.com/templates/miter-saw-stand-cut-list/"
"2026-07-18","woodcuttool-maxrects-v1","miter-saw-stand","Miter saw stand","Shop","9","3951.8","3951.8","0","0.25","96","48","96","48","orientation_locked","2","42.9","57.1","0","true","https://woodcuttool.com/templates/miter-saw-stand-cut-list/"
"2026-07-18","woodcuttool-maxrects-v1","miter-saw-stand","Miter saw stand","Shop","9","3951.8","3951.8","0.125","0","96","48","95.75","47.75","rotation_allowed","2","43.2","56.8","0","true","https://woodcuttool.com/templates/miter-saw-stand-cut-list/"
"2026-07-18","woodcuttool-maxrects-v1","miter-saw-stand","Miter saw stand","Shop","9","3951.8","3951.8","0.125","0","96","48","95.75","47.75","orientation_locked","2","43.2","56.8","0","true","https://woodcuttool.com/templates/miter-saw-stand-cut-list/"
"2026-07-18","woodcuttool-maxrects-v1","miter-saw-stand","Miter saw stand","Shop","9","3951.8","3951.8","0.125","0.03125","96","48","95.75","47.75","rotation_allowed","2","43.2","56.8","0","true","https://woodcuttool.com/templates/miter-saw-stand-cut-list/"
"2026-07-18","woodcuttool-maxrects-v1","miter-saw-stand","Miter saw stand","Shop","9","3951.8","3951.8","0.125","0.03125","96","48","95.75","47.75","orientation_locked","2","43.2","56.8","0","true","https://woodcuttool.com/templates/miter-saw-stand-cut-list/"
"2026-07-18","woodcuttool-maxrects-v1","miter-saw-stand","Miter saw stand","Shop","9","3951.8","3951.8","0.125","0.0625","96","48","95.75","47.75","rotation_allowed","2","43.2","56.8","0","true","https://woodcuttool.com/templates/miter-saw-stand-cut-list/"
"2026-07-18","woodcuttool-maxrects-v1","miter-saw-stand","Miter saw stand","Shop","9","3951.8","3951.8","0.125","0.0625","96","48","95.75","47.75","orientation_locked","2","43.2","56.8","0","true","https://woodcuttool.com/templates/miter-saw-stand-cut-list/"
"2026-07-18","woodcuttool-maxrects-v1","miter-saw-stand","Miter saw stand","Shop","9","3951.8","3951.8","0.125","0.09375","96","48","95.75","47.75","rotation_allowed","2","43.2","56.8","0","true","https://woodcuttool.com/templates/miter-saw-stand-cut-list/"
"2026-07-18","woodcuttool-maxrects-v1","miter-saw-stand","Miter saw stand","Shop","9","3951.8","3951.8","0.125","0.09375","96","48","95.75","47.75","orientation_locked","2","43.2","56.8","0","true","https://woodcuttool.com/templates/miter-saw-stand-cut-list/"
"2026-07-18","woodcuttool-maxrects-v1","miter-saw-stand","Miter saw stand","Shop","9","3951.8","3951.8","0.125","0.125","96","48","95.75","47.75","rotation_allowed","2","43.2","56.8","0","true","https://woodcuttool.com/templates/miter-saw-stand-cut-list/"
"2026-07-18","woodcuttool-maxrects-v1","miter-saw-stand","Miter saw stand","Shop","9","3951.8","3951.8","0.125","0.125","96","48","95.75","47.75","orientation_locked","2","43.2","56.8","0","true","https://woodcuttool.com/templates/miter-saw-stand-cut-list/"
"2026-07-18","woodcuttool-maxrects-v1","miter-saw-stand","Miter saw stand","Shop","9","3951.8","3951.8","0.125","0.1875","96","48","95.75","47.75","rotation_allowed","2","43.2","56.8","0","true","https://woodcuttool.com/templates/miter-saw-stand-cut-list/"
"2026-07-18","woodcuttool-maxrects-v1","miter-saw-stand","Miter saw stand","Shop","9","3951.8","3951.8","0.125","0.1875","96","48","95.75","47.75","orientation_locked","2","43.2","56.8","0","true","https://woodcuttool.com/templates/miter-saw-stand-cut-list/"
"2026-07-18","woodcuttool-maxrects-v1","miter-saw-stand","Miter saw stand","Shop","9","3951.8","3951.8","0.125","0.25","96","48","95.75","47.75","rotation_allowed","2","43.2","56.8","0","true","https://woodcuttool.com/templates/miter-saw-stand-cut-list/"
"2026-07-18","woodcuttool-maxrects-v1","miter-saw-stand","Miter saw stand","Shop","9","3951.8","3951.8","0.125","0.25","96","48","95.75","47.75","orientation_locked","2","43.2","56.8","0","true","https://woodcuttool.com/templates/miter-saw-stand-cut-list/"
"2026-07-18","woodcuttool-maxrects-v1","miter-saw-stand","Miter saw stand","Shop","9","3951.8","3951.8","0.25","0","96","48","95.5","47.5","rotation_allowed","2","43.6","56.4","0","true","https://woodcuttool.com/templates/miter-saw-stand-cut-list/"
"2026-07-18","woodcuttool-maxrects-v1","miter-saw-stand","Miter saw stand","Shop","9","3951.8","3951.8","0.25","0","96","48","95.5","47.5","orientation_locked","2","43.6","56.4","0","true","https://woodcuttool.com/templates/miter-saw-stand-cut-list/"
"2026-07-18","woodcuttool-maxrects-v1","miter-saw-stand","Miter saw stand","Shop","9","3951.8","3951.8","0.25","0.03125","96","48","95.5","47.5","rotation_allowed","2","43.6","56.4","0","true","https://woodcuttool.com/templates/miter-saw-stand-cut-list/"
"2026-07-18","woodcuttool-maxrects-v1","miter-saw-stand","Miter saw stand","Shop","9","3951.8","3951.8","0.25","0.03125","96","48","95.5","47.5","orientation_locked","2","43.6","56.4","0","true","https://woodcuttool.com/templates/miter-saw-stand-cut-list/"
"2026-07-18","woodcuttool-maxrects-v1","miter-saw-stand","Miter saw stand","Shop","9","3951.8","3951.8","0.25","0.0625","96","48","95.5","47.5","rotation_allowed","2","43.6","56.4","0","true","https://woodcuttool.com/templates/miter-saw-stand-cut-list/"
"2026-07-18","woodcuttool-maxrects-v1","miter-saw-stand","Miter saw stand","Shop","9","3951.8","3951.8","0.25","0.0625","96","48","95.5","47.5","orientation_locked","2","43.6","56.4","0","true","https://woodcuttool.com/templates/miter-saw-stand-cut-list/"
"2026-07-18","woodcuttool-maxrects-v1","miter-saw-stand","Miter saw stand","Shop","9","3951.8","3951.8","0.25","0.09375","96","48","95.5","47.5","rotation_allowed","2","43.6","56.4","0","true","https://woodcuttool.com/templates/miter-saw-stand-cut-list/"
"2026-07-18","woodcuttool-maxrects-v1","miter-saw-stand","Miter saw stand","Shop","9","3951.8","3951.8","0.25","0.09375","96","48","95.5","47.5","orientation_locked","2","43.6","56.4","0","true","https://woodcuttool.com/templates/miter-saw-stand-cut-list/"
"2026-07-18","woodcuttool-maxrects-v1","miter-saw-stand","Miter saw stand","Shop","9","3951.8","3951.8","0.25","0.125","96","48","95.5","47.5","rotation_allowed","2","43.6","56.4","0","true","https://woodcuttool.com/templates/miter-saw-stand-cut-list/"
"2026-07-18","woodcuttool-maxrects-v1","miter-saw-stand","Miter saw stand","Shop","9","3951.8","3951.8","0.25","0.125","96","48","95.5","47.5","orientation_locked","2","43.6","56.4","0","true","https://woodcuttool.com/templates/miter-saw-stand-cut-list/"
"2026-07-18","woodcuttool-maxrects-v1","miter-saw-stand","Miter saw stand","Shop","9","3951.8","3951.8","0.25","0.1875","96","48","95.5","47.5","rotation_allowed","2","43.6","56.4","0","true","https://woodcuttool.com/templates/miter-saw-stand-cut-list/"
"2026-07-18","woodcuttool-maxrects-v1","miter-saw-stand","Miter saw stand","Shop","9","3951.8","3951.8","0.25","0.1875","96","48","95.5","47.5","orientation_locked","2","43.6","56.4","0","true","https://woodcuttool.com/templates/miter-saw-stand-cut-list/"
"2026-07-18","woodcuttool-maxrects-v1","miter-saw-stand","Miter saw stand","Shop","9","3951.8","3951.8","0.25","0.25","96","48","95.5","47.5","rotation_allowed","2","43.6","56.4","0","true","https://woodcuttool.com/templates/miter-saw-stand-cut-list/"
"2026-07-18","woodcuttool-maxrects-v1","miter-saw-stand","Miter saw stand","Shop","9","3951.8","3951.8","0.25","0.25","96","48","95.5","47.5","orientation_locked","2","43.6","56.4","0","true","https://woodcuttool.com/templates/miter-saw-stand-cut-list/"
"2026-07-18","woodcuttool-maxrects-v1","miter-saw-stand","Miter saw stand","Shop","9","3951.8","3951.8","0.5","0","96","48","95","47","rotation_allowed","2","44.3","55.7","0","true","https://woodcuttool.com/templates/miter-saw-stand-cut-list/"
"2026-07-18","woodcuttool-maxrects-v1","miter-saw-stand","Miter saw stand","Shop","9","3951.8","3951.8","0.5","0","96","48","95","47","orientation_locked","2","44.3","55.7","0","true","https://woodcuttool.com/templates/miter-saw-stand-cut-list/"
"2026-07-18","woodcuttool-maxrects-v1","miter-saw-stand","Miter saw stand","Shop","9","3951.8","3951.8","0.5","0.03125","96","48","95","47","rotation_allowed","2","44.3","55.7","0","true","https://woodcuttool.com/templates/miter-saw-stand-cut-list/"
"2026-07-18","woodcuttool-maxrects-v1","miter-saw-stand","Miter saw stand","Shop","9","3951.8","3951.8","0.5","0.03125","96","48","95","47","orientation_locked","2","44.3","55.7","0","true","https://woodcuttool.com/templates/miter-saw-stand-cut-list/"
"2026-07-18","woodcuttool-maxrects-v1","miter-saw-stand","Miter saw stand","Shop","9","3951.8","3951.8","0.5","0.0625","96","48","95","47","rotation_allowed","2","44.3","55.7","0","true","https://woodcuttool.com/templates/miter-saw-stand-cut-list/"
"2026-07-18","woodcuttool-maxrects-v1","miter-saw-stand","Miter saw stand","Shop","9","3951.8","3951.8","0.5","0.0625","96","48","95","47","orientation_locked","2","44.3","55.7","0","true","https://woodcuttool.com/templates/miter-saw-stand-cut-list/"
"2026-07-18","woodcuttool-maxrects-v1","miter-saw-stand","Miter saw stand","Shop","9","3951.8","3951.8","0.5","0.09375","96","48","95","47","rotation_allowed","2","44.3","55.7","0","true","https://woodcuttool.com/templates/miter-saw-stand-cut-list/"
"2026-07-18","woodcuttool-maxrects-v1","miter-saw-stand","Miter saw stand","Shop","9","3951.8","3951.8","0.5","0.09375","96","48","95","47","orientation_locked","2","44.3","55.7","0","true","https://woodcuttool.com/templates/miter-saw-stand-cut-list/"
"2026-07-18","woodcuttool-maxrects-v1","miter-saw-stand","Miter saw stand","Shop","9","3951.8","3951.8","0.5","0.125","96","48","95","47","rotation_allowed","2","44.3","55.7","0","true","https://woodcuttool.com/templates/miter-saw-stand-cut-list/"
"2026-07-18","woodcuttool-maxrects-v1","miter-saw-stand","Miter saw stand","Shop","9","3951.8","3951.8","0.5","0.125","96","48","95","47","orientation_locked","2","44.3","55.7","0","true","https://woodcuttool.com/templates/miter-saw-stand-cut-list/"
"2026-07-18","woodcuttool-maxrects-v1","miter-saw-stand","Miter saw stand","Shop","9","3951.8","3951.8","0.5","0.1875","96","48","95","47","rotation_allowed","2","44.3","55.7","0","true","https://woodcuttool.com/templates/miter-saw-stand-cut-list/"
"2026-07-18","woodcuttool-maxrects-v1","miter-saw-stand","Miter saw stand","Shop","9","3951.8","3951.8","0.5","0.1875","96","48","95","47","orientation_locked","2","44.3","55.7","0","true","https://woodcuttool.com/templates/miter-saw-stand-cut-list/"
"2026-07-18","woodcuttool-maxrects-v1","miter-saw-stand","Miter saw stand","Shop","9","3951.8","3951.8","0.5","0.25","96","48","95","47","rotation_allowed","2","44.3","55.7","0","true","https://woodcuttool.com/templates/miter-saw-stand-cut-list/"
"2026-07-18","woodcuttool-maxrects-v1","miter-saw-stand","Miter saw stand","Shop","9","3951.8","3951.8","0.5","0.25","96","48","95","47","orientation_locked","2","44.3","55.7","0","true","https://woodcuttool.com/templates/miter-saw-stand-cut-list/"
"2026-07-18","woodcuttool-maxrects-v1","miter-saw-stand","Miter saw stand","Shop","9","3951.8","3951.8","1","0","96","48","94","46","rotation_allowed","2","45.7","54.3","0","true","https://woodcuttool.com/templates/miter-saw-stand-cut-list/"
"2026-07-18","woodcuttool-maxrects-v1","miter-saw-stand","Miter saw stand","Shop","9","3951.8","3951.8","1","0","96","48","94","46","orientation_locked","2","45.7","54.3","0","true","https://woodcuttool.com/templates/miter-saw-stand-cut-list/"
"2026-07-18","woodcuttool-maxrects-v1","miter-saw-stand","Miter saw stand","Shop","9","3951.8","3951.8","1","0.03125","96","48","94","46","rotation_allowed","2","45.7","54.3","0","true","https://woodcuttool.com/templates/miter-saw-stand-cut-list/"
"2026-07-18","woodcuttool-maxrects-v1","miter-saw-stand","Miter saw stand","Shop","9","3951.8","3951.8","1","0.03125","96","48","94","46","orientation_locked","2","45.7","54.3","0","true","https://woodcuttool.com/templates/miter-saw-stand-cut-list/"
"2026-07-18","woodcuttool-maxrects-v1","miter-saw-stand","Miter saw stand","Shop","9","3951.8","3951.8","1","0.0625","96","48","94","46","rotation_allowed","2","45.7","54.3","0","true","https://woodcuttool.com/templates/miter-saw-stand-cut-list/"
"2026-07-18","woodcuttool-maxrects-v1","miter-saw-stand","Miter saw stand","Shop","9","3951.8","3951.8","1","0.0625","96","48","94","46","orientation_locked","2","45.7","54.3","0","true","https://woodcuttool.com/templates/miter-saw-stand-cut-list/"
"2026-07-18","woodcuttool-maxrects-v1","miter-saw-stand","Miter saw stand","Shop","9","3951.8","3951.8","1","0.09375","96","48","94","46","rotation_allowed","2","45.7","54.3","0","true","https://woodcuttool.com/templates/miter-saw-stand-cut-list/"
"2026-07-18","woodcuttool-maxrects-v1","miter-saw-stand","Miter saw stand","Shop","9","3951.8","3951.8","1","0.09375","96","48","94","46","orientation_locked","2","45.7","54.3","0","true","https://woodcuttool.com/templates/miter-saw-stand-cut-list/"
"2026-07-18","woodcuttool-maxrects-v1","miter-saw-stand","Miter saw stand","Shop","9","3951.8","3951.8","1","0.125","96","48","94","46","rotation_allowed","2","45.7","54.3","0","true","https://woodcuttool.com/templates/miter-saw-stand-cut-list/"
"2026-07-18","woodcuttool-maxrects-v1","miter-saw-stand","Miter saw stand","Shop","9","3951.8","3951.8","1","0.125","96","48","94","46","orientation_locked","2","45.7","54.3","0","true","https://woodcuttool.com/templates/miter-saw-stand-cut-list/"
"2026-07-18","woodcuttool-maxrects-v1","miter-saw-stand","Miter saw stand","Shop","9","3951.8","3951.8","1","0.1875","96","48","94","46","rotation_allowed","2","45.7","54.3","0","true","https://woodcuttool.com/templates/miter-saw-stand-cut-list/"
"2026-07-18","woodcuttool-maxrects-v1","miter-saw-stand","Miter saw stand","Shop","9","3951.8","3951.8","1","0.1875","96","48","94","46","orientation_locked","2","45.7","54.3","0","true","https://woodcuttool.com/templates/miter-saw-stand-cut-list/"
"2026-07-18","woodcuttool-maxrects-v1","miter-saw-stand","Miter saw stand","Shop","9","3951.8","3951.8","1","0.25","96","48","94","46","rotation_allowed","2","45.7","54.3","0","true","https://woodcuttool.com/templates/miter-saw-stand-cut-list/"
"2026-07-18","woodcuttool-maxrects-v1","miter-saw-stand","Miter saw stand","Shop","9","3951.8","3951.8","1","0.25","96","48","94","46","orientation_locked","2","45.7","54.3","0","true","https://woodcuttool.com/templates/miter-saw-stand-cut-list/"
"2026-07-18","woodcuttool-maxrects-v1","french-cleat-wall","French cleat tool wall","Shop","12","3798","3798","0","0","96","48","96","48","rotation_allowed","1","82.4","17.6","0","true","https://woodcuttool.com/templates/french-cleat-wall-cut-list/"
"2026-07-18","woodcuttool-maxrects-v1","french-cleat-wall","French cleat tool wall","Shop","12","3798","3798","0","0","96","48","96","48","orientation_locked","1","82.4","17.6","0","true","https://woodcuttool.com/templates/french-cleat-wall-cut-list/"
"2026-07-18","woodcuttool-maxrects-v1","french-cleat-wall","French cleat tool wall","Shop","12","3798","3798","0","0.03125","96","48","96","48","rotation_allowed","1","82.4","17.6","0","true","https://woodcuttool.com/templates/french-cleat-wall-cut-list/"
"2026-07-18","woodcuttool-maxrects-v1","french-cleat-wall","French cleat tool wall","Shop","12","3798","3798","0","0.03125","96","48","96","48","orientation_locked","2","41.2","58.8","0","true","https://woodcuttool.com/templates/french-cleat-wall-cut-list/"
"2026-07-18","woodcuttool-maxrects-v1","french-cleat-wall","French cleat tool wall","Shop","12","3798","3798","0","0.0625","96","48","96","48","rotation_allowed","1","82.4","17.6","0","true","https://woodcuttool.com/templates/french-cleat-wall-cut-list/"
"2026-07-18","woodcuttool-maxrects-v1","french-cleat-wall","French cleat tool wall","Shop","12","3798","3798","0","0.0625","96","48","96","48","orientation_locked","2","41.2","58.8","0","true","https://woodcuttool.com/templates/french-cleat-wall-cut-list/"
"2026-07-18","woodcuttool-maxrects-v1","french-cleat-wall","French cleat tool wall","Shop","12","3798","3798","0","0.09375","96","48","96","48","rotation_allowed","1","82.4","17.6","0","true","https://woodcuttool.com/templates/french-cleat-wall-cut-list/"
"2026-07-18","woodcuttool-maxrects-v1","french-cleat-wall","French cleat tool wall","Shop","12","3798","3798","0","0.09375","96","48","96","48","orientation_locked","2","41.2","58.8","0","true","https://woodcuttool.com/templates/french-cleat-wall-cut-list/"
"2026-07-18","woodcuttool-maxrects-v1","french-cleat-wall","French cleat tool wall","Shop","12","3798","3798","0","0.125","96","48","96","48","rotation_allowed","1","82.4","17.6","0","true","https://woodcuttool.com/templates/french-cleat-wall-cut-list/"
"2026-07-18","woodcuttool-maxrects-v1","french-cleat-wall","French cleat tool wall","Shop","12","3798","3798","0","0.125","96","48","96","48","orientation_locked","2","41.2","58.8","0","true","https://woodcuttool.com/templates/french-cleat-wall-cut-list/"
"2026-07-18","woodcuttool-maxrects-v1","french-cleat-wall","French cleat tool wall","Shop","12","3798","3798","0","0.1875","96","48","96","48","rotation_allowed","1","82.4","17.6","0","true","https://woodcuttool.com/templates/french-cleat-wall-cut-list/"
"2026-07-18","woodcuttool-maxrects-v1","french-cleat-wall","French cleat tool wall","Shop","12","3798","3798","0","0.1875","96","48","96","48","orientation_locked","2","41.2","58.8","0","true","https://woodcuttool.com/templates/french-cleat-wall-cut-list/"
"2026-07-18","woodcuttool-maxrects-v1","french-cleat-wall","French cleat tool wall","Shop","12","3798","3798","0","0.25","96","48","96","48","rotation_allowed","1","82.4","17.6","0","true","https://woodcuttool.com/templates/french-cleat-wall-cut-list/"
"2026-07-18","woodcuttool-maxrects-v1","french-cleat-wall","French cleat tool wall","Shop","12","3798","3798","0","0.25","96","48","96","48","orientation_locked","2","41.2","58.8","0","true","https://woodcuttool.com/templates/french-cleat-wall-cut-list/"
"2026-07-18","woodcuttool-maxrects-v1","french-cleat-wall","French cleat tool wall","Shop","12","3798","3798","0.125","0","96","48","95.75","47.75","rotation_allowed","2","41.5","58.5","0","true","https://woodcuttool.com/templates/french-cleat-wall-cut-list/"
"2026-07-18","woodcuttool-maxrects-v1","french-cleat-wall","French cleat tool wall","Shop","12","3798","3798","0.125","0","96","48","95.75","47.75","orientation_locked","2","41.5","58.5","0","true","https://woodcuttool.com/templates/french-cleat-wall-cut-list/"
"2026-07-18","woodcuttool-maxrects-v1","french-cleat-wall","French cleat tool wall","Shop","12","3798","3798","0.125","0.03125","96","48","95.75","47.75","rotation_allowed","2","41.5","58.5","0","true","https://woodcuttool.com/templates/french-cleat-wall-cut-list/"
"2026-07-18","woodcuttool-maxrects-v1","french-cleat-wall","French cleat tool wall","Shop","12","3798","3798","0.125","0.03125","96","48","95.75","47.75","orientation_locked","2","41.5","58.5","0","true","https://woodcuttool.com/templates/french-cleat-wall-cut-list/"
"2026-07-18","woodcuttool-maxrects-v1","french-cleat-wall","French cleat tool wall","Shop","12","3798","3798","0.125","0.0625","96","48","95.75","47.75","rotation_allowed","2","41.5","58.5","0","true","https://woodcuttool.com/templates/french-cleat-wall-cut-list/"
"2026-07-18","woodcuttool-maxrects-v1","french-cleat-wall","French cleat tool wall","Shop","12","3798","3798","0.125","0.0625","96","48","95.75","47.75","orientation_locked","2","41.5","58.5","0","true","https://woodcuttool.com/templates/french-cleat-wall-cut-list/"
"2026-07-18","woodcuttool-maxrects-v1","french-cleat-wall","French cleat tool wall","Shop","12","3798","3798","0.125","0.09375","96","48","95.75","47.75","rotation_allowed","2","41.5","58.5","0","true","https://woodcuttool.com/templates/french-cleat-wall-cut-list/"
"2026-07-18","woodcuttool-maxrects-v1","french-cleat-wall","French cleat tool wall","Shop","12","3798","3798","0.125","0.09375","96","48","95.75","47.75","orientation_locked","2","41.5","58.5","0","true","https://woodcuttool.com/templates/french-cleat-wall-cut-list/"
"2026-07-18","woodcuttool-maxrects-v1","french-cleat-wall","French cleat tool wall","Shop","12","3798","3798","0.125","0.125","96","48","95.75","47.75","rotation_allowed","2","41.5","58.5","0","true","https://woodcuttool.com/templates/french-cleat-wall-cut-list/"
"2026-07-18","woodcuttool-maxrects-v1","french-cleat-wall","French cleat tool wall","Shop","12","3798","3798","0.125","0.125","96","48","95.75","47.75","orientation_locked","2","41.5","58.5","0","true","https://woodcuttool.com/templates/french-cleat-wall-cut-list/"
"2026-07-18","woodcuttool-maxrects-v1","french-cleat-wall","French cleat tool wall","Shop","12","3798","3798","0.125","0.1875","96","48","95.75","47.75","rotation_allowed","2","41.5","58.5","0","true","https://woodcuttool.com/templates/french-cleat-wall-cut-list/"
"2026-07-18","woodcuttool-maxrects-v1","french-cleat-wall","French cleat tool wall","Shop","12","3798","3798","0.125","0.1875","96","48","95.75","47.75","orientation_locked","2","41.5","58.5","0","true","https://woodcuttool.com/templates/french-cleat-wall-cut-list/"
"2026-07-18","woodcuttool-maxrects-v1","french-cleat-wall","French cleat tool wall","Shop","12","3798","3798","0.125","0.25","96","48","95.75","47.75","rotation_allowed","2","41.5","58.5","0","true","https://woodcuttool.com/templates/french-cleat-wall-cut-list/"
"2026-07-18","woodcuttool-maxrects-v1","french-cleat-wall","French cleat tool wall","Shop","12","3798","3798","0.125","0.25","96","48","95.75","47.75","orientation_locked","2","41.5","58.5","0","true","https://woodcuttool.com/templates/french-cleat-wall-cut-list/"
"2026-07-18","woodcuttool-maxrects-v1","french-cleat-wall","French cleat tool wall","Shop","12","3798","3798","0.25","0","96","48","95.5","47.5","rotation_allowed","2","41.9","58.1","0","true","https://woodcuttool.com/templates/french-cleat-wall-cut-list/"
"2026-07-18","woodcuttool-maxrects-v1","french-cleat-wall","French cleat tool wall","Shop","12","3798","3798","0.25","0","96","48","95.5","47.5","orientation_locked","2","41.9","58.1","0","true","https://woodcuttool.com/templates/french-cleat-wall-cut-list/"
"2026-07-18","woodcuttool-maxrects-v1","french-cleat-wall","French cleat tool wall","Shop","12","3798","3798","0.25","0.03125","96","48","95.5","47.5","rotation_allowed","2","41.9","58.1","0","true","https://woodcuttool.com/templates/french-cleat-wall-cut-list/"
"2026-07-18","woodcuttool-maxrects-v1","french-cleat-wall","French cleat tool wall","Shop","12","3798","3798","0.25","0.03125","96","48","95.5","47.5","orientation_locked","2","41.9","58.1","0","true","https://woodcuttool.com/templates/french-cleat-wall-cut-list/"
"2026-07-18","woodcuttool-maxrects-v1","french-cleat-wall","French cleat tool wall","Shop","12","3798","3798","0.25","0.0625","96","48","95.5","47.5","rotation_allowed","2","41.9","58.1","0","true","https://woodcuttool.com/templates/french-cleat-wall-cut-list/"
"2026-07-18","woodcuttool-maxrects-v1","french-cleat-wall","French cleat tool wall","Shop","12","3798","3798","0.25","0.0625","96","48","95.5","47.5","orientation_locked","2","41.9","58.1","0","true","https://woodcuttool.com/templates/french-cleat-wall-cut-list/"
"2026-07-18","woodcuttool-maxrects-v1","french-cleat-wall","French cleat tool wall","Shop","12","3798","3798","0.25","0.09375","96","48","95.5","47.5","rotation_allowed","2","41.9","58.1","0","true","https://woodcuttool.com/templates/french-cleat-wall-cut-list/"
"2026-07-18","woodcuttool-maxrects-v1","french-cleat-wall","French cleat tool wall","Shop","12","3798","3798","0.25","0.09375","96","48","95.5","47.5","orientation_locked","2","41.9","58.1","0","true","https://woodcuttool.com/templates/french-cleat-wall-cut-list/"
"2026-07-18","woodcuttool-maxrects-v1","french-cleat-wall","French cleat tool wall","Shop","12","3798","3798","0.25","0.125","96","48","95.5","47.5","rotation_allowed","2","41.9","58.1","0","true","https://woodcuttool.com/templates/french-cleat-wall-cut-list/"
"2026-07-18","woodcuttool-maxrects-v1","french-cleat-wall","French cleat tool wall","Shop","12","3798","3798","0.25","0.125","96","48","95.5","47.5","orientation_locked","2","41.9","58.1","0","true","https://woodcuttool.com/templates/french-cleat-wall-cut-list/"
"2026-07-18","woodcuttool-maxrects-v1","french-cleat-wall","French cleat tool wall","Shop","12","3798","3798","0.25","0.1875","96","48","95.5","47.5","rotation_allowed","2","41.9","58.1","0","true","https://woodcuttool.com/templates/french-cleat-wall-cut-list/"
"2026-07-18","woodcuttool-maxrects-v1","french-cleat-wall","French cleat tool wall","Shop","12","3798","3798","0.25","0.1875","96","48","95.5","47.5","orientation_locked","2","41.9","58.1","0","true","https://woodcuttool.com/templates/french-cleat-wall-cut-list/"
"2026-07-18","woodcuttool-maxrects-v1","french-cleat-wall","French cleat tool wall","Shop","12","3798","3798","0.25","0.25","96","48","95.5","47.5","rotation_allowed","2","41.9","58.1","0","true","https://woodcuttool.com/templates/french-cleat-wall-cut-list/"
"2026-07-18","woodcuttool-maxrects-v1","french-cleat-wall","French cleat tool wall","Shop","12","3798","3798","0.25","0.25","96","48","95.5","47.5","orientation_locked","2","41.9","58.1","0","true","https://woodcuttool.com/templates/french-cleat-wall-cut-list/"
"2026-07-18","woodcuttool-maxrects-v1","french-cleat-wall","French cleat tool wall","Shop","12","3798","3798","0.5","0","96","48","95","47","rotation_allowed","2","42.5","57.5","0","true","https://woodcuttool.com/templates/french-cleat-wall-cut-list/"
"2026-07-18","woodcuttool-maxrects-v1","french-cleat-wall","French cleat tool wall","Shop","12","3798","3798","0.5","0","96","48","95","47","orientation_locked","2","42.5","57.5","0","true","https://woodcuttool.com/templates/french-cleat-wall-cut-list/"
"2026-07-18","woodcuttool-maxrects-v1","french-cleat-wall","French cleat tool wall","Shop","12","3798","3798","0.5","0.03125","96","48","95","47","rotation_allowed","2","42.5","57.5","0","true","https://woodcuttool.com/templates/french-cleat-wall-cut-list/"
"2026-07-18","woodcuttool-maxrects-v1","french-cleat-wall","French cleat tool wall","Shop","12","3798","3798","0.5","0.03125","96","48","95","47","orientation_locked","2","42.5","57.5","0","true","https://woodcuttool.com/templates/french-cleat-wall-cut-list/"
"2026-07-18","woodcuttool-maxrects-v1","french-cleat-wall","French cleat tool wall","Shop","12","3798","3798","0.5","0.0625","96","48","95","47","rotation_allowed","2","42.5","57.5","0","true","https://woodcuttool.com/templates/french-cleat-wall-cut-list/"
"2026-07-18","woodcuttool-maxrects-v1","french-cleat-wall","French cleat tool wall","Shop","12","3798","3798","0.5","0.0625","96","48","95","47","orientation_locked","2","42.5","57.5","0","true","https://woodcuttool.com/templates/french-cleat-wall-cut-list/"
"2026-07-18","woodcuttool-maxrects-v1","french-cleat-wall","French cleat tool wall","Shop","12","3798","3798","0.5","0.09375","96","48","95","47","rotation_allowed","2","42.5","57.5","0","true","https://woodcuttool.com/templates/french-cleat-wall-cut-list/"
"2026-07-18","woodcuttool-maxrects-v1","french-cleat-wall","French cleat tool wall","Shop","12","3798","3798","0.5","0.09375","96","48","95","47","orientation_locked","2","42.5","57.5","0","true","https://woodcuttool.com/templates/french-cleat-wall-cut-list/"
"2026-07-18","woodcuttool-maxrects-v1","french-cleat-wall","French cleat tool wall","Shop","12","3798","3798","0.5","0.125","96","48","95","47","rotation_allowed","2","42.5","57.5","0","true","https://woodcuttool.com/templates/french-cleat-wall-cut-list/"
"2026-07-18","woodcuttool-maxrects-v1","french-cleat-wall","French cleat tool wall","Shop","12","3798","3798","0.5","0.125","96","48","95","47","orientation_locked","2","42.5","57.5","0","true","https://woodcuttool.com/templates/french-cleat-wall-cut-list/"
"2026-07-18","woodcuttool-maxrects-v1","french-cleat-wall","French cleat tool wall","Shop","12","3798","3798","0.5","0.1875","96","48","95","47","rotation_allowed","2","42.5","57.5","0","true","https://woodcuttool.com/templates/french-cleat-wall-cut-list/"
"2026-07-18","woodcuttool-maxrects-v1","french-cleat-wall","French cleat tool wall","Shop","12","3798","3798","0.5","0.1875","96","48","95","47","orientation_locked","2","42.5","57.5","0","true","https://woodcuttool.com/templates/french-cleat-wall-cut-list/"
"2026-07-18","woodcuttool-maxrects-v1","french-cleat-wall","French cleat tool wall","Shop","12","3798","3798","0.5","0.25","96","48","95","47","rotation_allowed","2","42.5","57.5","0","true","https://woodcuttool.com/templates/french-cleat-wall-cut-list/"
"2026-07-18","woodcuttool-maxrects-v1","french-cleat-wall","French cleat tool wall","Shop","12","3798","3798","0.5","0.25","96","48","95","47","orientation_locked","2","42.5","57.5","0","true","https://woodcuttool.com/templates/french-cleat-wall-cut-list/"
"2026-07-18","woodcuttool-maxrects-v1","french-cleat-wall","French cleat tool wall","Shop","12","3798","3798","1","0","96","48","94","46","rotation_allowed","2","43.9","56.1","0","true","https://woodcuttool.com/templates/french-cleat-wall-cut-list/"
"2026-07-18","woodcuttool-maxrects-v1","french-cleat-wall","French cleat tool wall","Shop","12","3798","3798","1","0","96","48","94","46","orientation_locked","2","43.9","56.1","0","true","https://woodcuttool.com/templates/french-cleat-wall-cut-list/"
"2026-07-18","woodcuttool-maxrects-v1","french-cleat-wall","French cleat tool wall","Shop","12","3798","3798","1","0.03125","96","48","94","46","rotation_allowed","2","43.9","56.1","0","true","https://woodcuttool.com/templates/french-cleat-wall-cut-list/"
"2026-07-18","woodcuttool-maxrects-v1","french-cleat-wall","French cleat tool wall","Shop","12","3798","3798","1","0.03125","96","48","94","46","orientation_locked","2","43.9","56.1","0","true","https://woodcuttool.com/templates/french-cleat-wall-cut-list/"
"2026-07-18","woodcuttool-maxrects-v1","french-cleat-wall","French cleat tool wall","Shop","12","3798","3798","1","0.0625","96","48","94","46","rotation_allowed","2","43.9","56.1","0","true","https://woodcuttool.com/templates/french-cleat-wall-cut-list/"
"2026-07-18","woodcuttool-maxrects-v1","french-cleat-wall","French cleat tool wall","Shop","12","3798","3798","1","0.0625","96","48","94","46","orientation_locked","2","43.9","56.1","0","true","https://woodcuttool.com/templates/french-cleat-wall-cut-list/"
"2026-07-18","woodcuttool-maxrects-v1","french-cleat-wall","French cleat tool wall","Shop","12","3798","3798","1","0.09375","96","48","94","46","rotation_allowed","2","43.9","56.1","0","true","https://woodcuttool.com/templates/french-cleat-wall-cut-list/"
"2026-07-18","woodcuttool-maxrects-v1","french-cleat-wall","French cleat tool wall","Shop","12","3798","3798","1","0.09375","96","48","94","46","orientation_locked","2","43.9","56.1","0","true","https://woodcuttool.com/templates/french-cleat-wall-cut-list/"
"2026-07-18","woodcuttool-maxrects-v1","french-cleat-wall","French cleat tool wall","Shop","12","3798","3798","1","0.125","96","48","94","46","rotation_allowed","2","43.9","56.1","0","true","https://woodcuttool.com/templates/french-cleat-wall-cut-list/"
"2026-07-18","woodcuttool-maxrects-v1","french-cleat-wall","French cleat tool wall","Shop","12","3798","3798","1","0.125","96","48","94","46","orientation_locked","2","43.9","56.1","0","true","https://woodcuttool.com/templates/french-cleat-wall-cut-list/"
"2026-07-18","woodcuttool-maxrects-v1","french-cleat-wall","French cleat tool wall","Shop","12","3798","3798","1","0.1875","96","48","94","46","rotation_allowed","2","43.9","56.1","0","true","https://woodcuttool.com/templates/french-cleat-wall-cut-list/"
"2026-07-18","woodcuttool-maxrects-v1","french-cleat-wall","French cleat tool wall","Shop","12","3798","3798","1","0.1875","96","48","94","46","orientation_locked","2","43.9","56.1","0","true","https://woodcuttool.com/templates/french-cleat-wall-cut-list/"
"2026-07-18","woodcuttool-maxrects-v1","french-cleat-wall","French cleat tool wall","Shop","12","3798","3798","1","0.25","96","48","94","46","rotation_allowed","2","43.9","56.1","0","true","https://woodcuttool.com/templates/french-cleat-wall-cut-list/"
"2026-07-18","woodcuttool-maxrects-v1","french-cleat-wall","French cleat tool wall","Shop","12","3798","3798","1","0.25","96","48","94","46","orientation_locked","2","43.9","56.1","0","true","https://woodcuttool.com/templates/french-cleat-wall-cut-list/"
"2026-07-18","woodcuttool-maxrects-v1","rolling-cart","Rolling utility cart","Shop","9","2682","2682","0","0","96","48","96","48","rotation_allowed","1","58.2","41.8","0","true","https://woodcuttool.com/templates/rolling-cart-cut-list/"
"2026-07-18","woodcuttool-maxrects-v1","rolling-cart","Rolling utility cart","Shop","9","2682","2682","0","0","96","48","96","48","orientation_locked","1","58.2","41.8","0","true","https://woodcuttool.com/templates/rolling-cart-cut-list/"
"2026-07-18","woodcuttool-maxrects-v1","rolling-cart","Rolling utility cart","Shop","9","2682","2682","0","0.03125","96","48","96","48","rotation_allowed","1","58.2","41.8","0","true","https://woodcuttool.com/templates/rolling-cart-cut-list/"
"2026-07-18","woodcuttool-maxrects-v1","rolling-cart","Rolling utility cart","Shop","9","2682","2682","0","0.03125","96","48","96","48","orientation_locked","1","58.2","41.8","0","true","https://woodcuttool.com/templates/rolling-cart-cut-list/"
"2026-07-18","woodcuttool-maxrects-v1","rolling-cart","Rolling utility cart","Shop","9","2682","2682","0","0.0625","96","48","96","48","rotation_allowed","1","58.2","41.8","0","true","https://woodcuttool.com/templates/rolling-cart-cut-list/"
"2026-07-18","woodcuttool-maxrects-v1","rolling-cart","Rolling utility cart","Shop","9","2682","2682","0","0.0625","96","48","96","48","orientation_locked","1","58.2","41.8","0","true","https://woodcuttool.com/templates/rolling-cart-cut-list/"
"2026-07-18","woodcuttool-maxrects-v1","rolling-cart","Rolling utility cart","Shop","9","2682","2682","0","0.09375","96","48","96","48","rotation_allowed","1","58.2","41.8","0","true","https://woodcuttool.com/templates/rolling-cart-cut-list/"
"2026-07-18","woodcuttool-maxrects-v1","rolling-cart","Rolling utility cart","Shop","9","2682","2682","0","0.09375","96","48","96","48","orientation_locked","1","58.2","41.8","0","true","https://woodcuttool.com/templates/rolling-cart-cut-list/"
"2026-07-18","woodcuttool-maxrects-v1","rolling-cart","Rolling utility cart","Shop","9","2682","2682","0","0.125","96","48","96","48","rotation_allowed","1","58.2","41.8","0","true","https://woodcuttool.com/templates/rolling-cart-cut-list/"
"2026-07-18","woodcuttool-maxrects-v1","rolling-cart","Rolling utility cart","Shop","9","2682","2682","0","0.125","96","48","96","48","orientation_locked","1","58.2","41.8","0","true","https://woodcuttool.com/templates/rolling-cart-cut-list/"
"2026-07-18","woodcuttool-maxrects-v1","rolling-cart","Rolling utility cart","Shop","9","2682","2682","0","0.1875","96","48","96","48","rotation_allowed","1","58.2","41.8","0","true","https://woodcuttool.com/templates/rolling-cart-cut-list/"
"2026-07-18","woodcuttool-maxrects-v1","rolling-cart","Rolling utility cart","Shop","9","2682","2682","0","0.1875","96","48","96","48","orientation_locked","1","58.2","41.8","0","true","https://woodcuttool.com/templates/rolling-cart-cut-list/"
"2026-07-18","woodcuttool-maxrects-v1","rolling-cart","Rolling utility cart","Shop","9","2682","2682","0","0.25","96","48","96","48","rotation_allowed","1","58.2","41.8","0","true","https://woodcuttool.com/templates/rolling-cart-cut-list/"
"2026-07-18","woodcuttool-maxrects-v1","rolling-cart","Rolling utility cart","Shop","9","2682","2682","0","0.25","96","48","96","48","orientation_locked","1","58.2","41.8","0","true","https://woodcuttool.com/templates/rolling-cart-cut-list/"
"2026-07-18","woodcuttool-maxrects-v1","rolling-cart","Rolling utility cart","Shop","9","2682","2682","0.125","0","96","48","95.75","47.75","rotation_allowed","1","58.7","41.3","0","true","https://woodcuttool.com/templates/rolling-cart-cut-list/"
"2026-07-18","woodcuttool-maxrects-v1","rolling-cart","Rolling utility cart","Shop","9","2682","2682","0.125","0","96","48","95.75","47.75","orientation_locked","1","58.7","41.3","0","true","https://woodcuttool.com/templates/rolling-cart-cut-list/"
"2026-07-18","woodcuttool-maxrects-v1","rolling-cart","Rolling utility cart","Shop","9","2682","2682","0.125","0.03125","96","48","95.75","47.75","rotation_allowed","1","58.7","41.3","0","true","https://woodcuttool.com/templates/rolling-cart-cut-list/"
"2026-07-18","woodcuttool-maxrects-v1","rolling-cart","Rolling utility cart","Shop","9","2682","2682","0.125","0.03125","96","48","95.75","47.75","orientation_locked","1","58.7","41.3","0","true","https://woodcuttool.com/templates/rolling-cart-cut-list/"
"2026-07-18","woodcuttool-maxrects-v1","rolling-cart","Rolling utility cart","Shop","9","2682","2682","0.125","0.0625","96","48","95.75","47.75","rotation_allowed","1","58.7","41.3","0","true","https://woodcuttool.com/templates/rolling-cart-cut-list/"
"2026-07-18","woodcuttool-maxrects-v1","rolling-cart","Rolling utility cart","Shop","9","2682","2682","0.125","0.0625","96","48","95.75","47.75","orientation_locked","1","58.7","41.3","0","true","https://woodcuttool.com/templates/rolling-cart-cut-list/"
"2026-07-18","woodcuttool-maxrects-v1","rolling-cart","Rolling utility cart","Shop","9","2682","2682","0.125","0.09375","96","48","95.75","47.75","rotation_allowed","1","58.7","41.3","0","true","https://woodcuttool.com/templates/rolling-cart-cut-list/"
"2026-07-18","woodcuttool-maxrects-v1","rolling-cart","Rolling utility cart","Shop","9","2682","2682","0.125","0.09375","96","48","95.75","47.75","orientation_locked","1","58.7","41.3","0","true","https://woodcuttool.com/templates/rolling-cart-cut-list/"
"2026-07-18","woodcuttool-maxrects-v1","rolling-cart","Rolling utility cart","Shop","9","2682","2682","0.125","0.125","96","48","95.75","47.75","rotation_allowed","1","58.7","41.3","0","true","https://woodcuttool.com/templates/rolling-cart-cut-list/"
"2026-07-18","woodcuttool-maxrects-v1","rolling-cart","Rolling utility cart","Shop","9","2682","2682","0.125","0.125","96","48","95.75","47.75","orientation_locked","1","58.7","41.3","0","true","https://woodcuttool.com/templates/rolling-cart-cut-list/"
"2026-07-18","woodcuttool-maxrects-v1","rolling-cart","Rolling utility cart","Shop","9","2682","2682","0.125","0.1875","96","48","95.75","47.75","rotation_allowed","1","58.7","41.3","0","true","https://woodcuttool.com/templates/rolling-cart-cut-list/"
"2026-07-18","woodcuttool-maxrects-v1","rolling-cart","Rolling utility cart","Shop","9","2682","2682","0.125","0.1875","96","48","95.75","47.75","orientation_locked","1","58.7","41.3","0","true","https://woodcuttool.com/templates/rolling-cart-cut-list/"
"2026-07-18","woodcuttool-maxrects-v1","rolling-cart","Rolling utility cart","Shop","9","2682","2682","0.125","0.25","96","48","95.75","47.75","rotation_allowed","1","58.7","41.3","0","true","https://woodcuttool.com/templates/rolling-cart-cut-list/"
"2026-07-18","woodcuttool-maxrects-v1","rolling-cart","Rolling utility cart","Shop","9","2682","2682","0.125","0.25","96","48","95.75","47.75","orientation_locked","1","58.7","41.3","0","true","https://woodcuttool.com/templates/rolling-cart-cut-list/"
"2026-07-18","woodcuttool-maxrects-v1","rolling-cart","Rolling utility cart","Shop","9","2682","2682","0.25","0","96","48","95.5","47.5","rotation_allowed","1","59.1","40.9","0","true","https://woodcuttool.com/templates/rolling-cart-cut-list/"
"2026-07-18","woodcuttool-maxrects-v1","rolling-cart","Rolling utility cart","Shop","9","2682","2682","0.25","0","96","48","95.5","47.5","orientation_locked","1","59.1","40.9","0","true","https://woodcuttool.com/templates/rolling-cart-cut-list/"
"2026-07-18","woodcuttool-maxrects-v1","rolling-cart","Rolling utility cart","Shop","9","2682","2682","0.25","0.03125","96","48","95.5","47.5","rotation_allowed","1","59.1","40.9","0","true","https://woodcuttool.com/templates/rolling-cart-cut-list/"
"2026-07-18","woodcuttool-maxrects-v1","rolling-cart","Rolling utility cart","Shop","9","2682","2682","0.25","0.03125","96","48","95.5","47.5","orientation_locked","1","59.1","40.9","0","true","https://woodcuttool.com/templates/rolling-cart-cut-list/"
"2026-07-18","woodcuttool-maxrects-v1","rolling-cart","Rolling utility cart","Shop","9","2682","2682","0.25","0.0625","96","48","95.5","47.5","rotation_allowed","1","59.1","40.9","0","true","https://woodcuttool.com/templates/rolling-cart-cut-list/"
"2026-07-18","woodcuttool-maxrects-v1","rolling-cart","Rolling utility cart","Shop","9","2682","2682","0.25","0.0625","96","48","95.5","47.5","orientation_locked","1","59.1","40.9","0","true","https://woodcuttool.com/templates/rolling-cart-cut-list/"
"2026-07-18","woodcuttool-maxrects-v1","rolling-cart","Rolling utility cart","Shop","9","2682","2682","0.25","0.09375","96","48","95.5","47.5","rotation_allowed","1","59.1","40.9","0","true","https://woodcuttool.com/templates/rolling-cart-cut-list/"
"2026-07-18","woodcuttool-maxrects-v1","rolling-cart","Rolling utility cart","Shop","9","2682","2682","0.25","0.09375","96","48","95.5","47.5","orientation_locked","1","59.1","40.9","0","true","https://woodcuttool.com/templates/rolling-cart-cut-list/"
"2026-07-18","woodcuttool-maxrects-v1","rolling-cart","Rolling utility cart","Shop","9","2682","2682","0.25","0.125","96","48","95.5","47.5","rotation_allowed","1","59.1","40.9","0","true","https://woodcuttool.com/templates/rolling-cart-cut-list/"
"2026-07-18","woodcuttool-maxrects-v1","rolling-cart","Rolling utility cart","Shop","9","2682","2682","0.25","0.125","96","48","95.5","47.5","orientation_locked","1","59.1","40.9","0","true","https://woodcuttool.com/templates/rolling-cart-cut-list/"
"2026-07-18","woodcuttool-maxrects-v1","rolling-cart","Rolling utility cart","Shop","9","2682","2682","0.25","0.1875","96","48","95.5","47.5","rotation_allowed","1","59.1","40.9","0","true","https://woodcuttool.com/templates/rolling-cart-cut-list/"
"2026-07-18","woodcuttool-maxrects-v1","rolling-cart","Rolling utility cart","Shop","9","2682","2682","0.25","0.1875","96","48","95.5","47.5","orientation_locked","1","59.1","40.9","0","true","https://woodcuttool.com/templates/rolling-cart-cut-list/"
"2026-07-18","woodcuttool-maxrects-v1","rolling-cart","Rolling utility cart","Shop","9","2682","2682","0.25","0.25","96","48","95.5","47.5","rotation_allowed","1","59.1","40.9","0","true","https://woodcuttool.com/templates/rolling-cart-cut-list/"
"2026-07-18","woodcuttool-maxrects-v1","rolling-cart","Rolling utility cart","Shop","9","2682","2682","0.25","0.25","96","48","95.5","47.5","orientation_locked","1","59.1","40.9","0","true","https://woodcuttool.com/templates/rolling-cart-cut-list/"
"2026-07-18","woodcuttool-maxrects-v1","rolling-cart","Rolling utility cart","Shop","9","2682","2682","0.5","0","96","48","95","47","rotation_allowed","1","60.1","39.9","0","true","https://woodcuttool.com/templates/rolling-cart-cut-list/"
"2026-07-18","woodcuttool-maxrects-v1","rolling-cart","Rolling utility cart","Shop","9","2682","2682","0.5","0","96","48","95","47","orientation_locked","1","60.1","39.9","0","true","https://woodcuttool.com/templates/rolling-cart-cut-list/"
"2026-07-18","woodcuttool-maxrects-v1","rolling-cart","Rolling utility cart","Shop","9","2682","2682","0.5","0.03125","96","48","95","47","rotation_allowed","1","60.1","39.9","0","true","https://woodcuttool.com/templates/rolling-cart-cut-list/"
"2026-07-18","woodcuttool-maxrects-v1","rolling-cart","Rolling utility cart","Shop","9","2682","2682","0.5","0.03125","96","48","95","47","orientation_locked","1","60.1","39.9","0","true","https://woodcuttool.com/templates/rolling-cart-cut-list/"
"2026-07-18","woodcuttool-maxrects-v1","rolling-cart","Rolling utility cart","Shop","9","2682","2682","0.5","0.0625","96","48","95","47","rotation_allowed","1","60.1","39.9","0","true","https://woodcuttool.com/templates/rolling-cart-cut-list/"
"2026-07-18","woodcuttool-maxrects-v1","rolling-cart","Rolling utility cart","Shop","9","2682","2682","0.5","0.0625","96","48","95","47","orientation_locked","1","60.1","39.9","0","true","https://woodcuttool.com/templates/rolling-cart-cut-list/"
"2026-07-18","woodcuttool-maxrects-v1","rolling-cart","Rolling utility cart","Shop","9","2682","2682","0.5","0.09375","96","48","95","47","rotation_allowed","1","60.1","39.9","0","true","https://woodcuttool.com/templates/rolling-cart-cut-list/"
"2026-07-18","woodcuttool-maxrects-v1","rolling-cart","Rolling utility cart","Shop","9","2682","2682","0.5","0.09375","96","48","95","47","orientation_locked","1","60.1","39.9","0","true","https://woodcuttool.com/templates/rolling-cart-cut-list/"
"2026-07-18","woodcuttool-maxrects-v1","rolling-cart","Rolling utility cart","Shop","9","2682","2682","0.5","0.125","96","48","95","47","rotation_allowed","1","60.1","39.9","0","true","https://woodcuttool.com/templates/rolling-cart-cut-list/"
"2026-07-18","woodcuttool-maxrects-v1","rolling-cart","Rolling utility cart","Shop","9","2682","2682","0.5","0.125","96","48","95","47","orientation_locked","1","60.1","39.9","0","true","https://woodcuttool.com/templates/rolling-cart-cut-list/"
"2026-07-18","woodcuttool-maxrects-v1","rolling-cart","Rolling utility cart","Shop","9","2682","2682","0.5","0.1875","96","48","95","47","rotation_allowed","1","60.1","39.9","0","true","https://woodcuttool.com/templates/rolling-cart-cut-list/"
"2026-07-18","woodcuttool-maxrects-v1","rolling-cart","Rolling utility cart","Shop","9","2682","2682","0.5","0.1875","96","48","95","47","orientation_locked","1","60.1","39.9","0","true","https://woodcuttool.com/templates/rolling-cart-cut-list/"
"2026-07-18","woodcuttool-maxrects-v1","rolling-cart","Rolling utility cart","Shop","9","2682","2682","0.5","0.25","96","48","95","47","rotation_allowed","1","60.1","39.9","0","true","https://woodcuttool.com/templates/rolling-cart-cut-list/"
"2026-07-18","woodcuttool-maxrects-v1","rolling-cart","Rolling utility cart","Shop","9","2682","2682","0.5","0.25","96","48","95","47","orientation_locked","1","60.1","39.9","0","true","https://woodcuttool.com/templates/rolling-cart-cut-list/"
"2026-07-18","woodcuttool-maxrects-v1","rolling-cart","Rolling utility cart","Shop","9","2682","2682","1","0","96","48","94","46","rotation_allowed","1","62","38","0","true","https://woodcuttool.com/templates/rolling-cart-cut-list/"
"2026-07-18","woodcuttool-maxrects-v1","rolling-cart","Rolling utility cart","Shop","9","2682","2682","1","0","96","48","94","46","orientation_locked","1","62","38","0","true","https://woodcuttool.com/templates/rolling-cart-cut-list/"
"2026-07-18","woodcuttool-maxrects-v1","rolling-cart","Rolling utility cart","Shop","9","2682","2682","1","0.03125","96","48","94","46","rotation_allowed","1","62","38","0","true","https://woodcuttool.com/templates/rolling-cart-cut-list/"
"2026-07-18","woodcuttool-maxrects-v1","rolling-cart","Rolling utility cart","Shop","9","2682","2682","1","0.03125","96","48","94","46","orientation_locked","1","62","38","0","true","https://woodcuttool.com/templates/rolling-cart-cut-list/"
"2026-07-18","woodcuttool-maxrects-v1","rolling-cart","Rolling utility cart","Shop","9","2682","2682","1","0.0625","96","48","94","46","rotation_allowed","1","62","38","0","true","https://woodcuttool.com/templates/rolling-cart-cut-list/"
"2026-07-18","woodcuttool-maxrects-v1","rolling-cart","Rolling utility cart","Shop","9","2682","2682","1","0.0625","96","48","94","46","orientation_locked","1","62","38","0","true","https://woodcuttool.com/templates/rolling-cart-cut-list/"
"2026-07-18","woodcuttool-maxrects-v1","rolling-cart","Rolling utility cart","Shop","9","2682","2682","1","0.09375","96","48","94","46","rotation_allowed","1","62","38","0","true","https://woodcuttool.com/templates/rolling-cart-cut-list/"
"2026-07-18","woodcuttool-maxrects-v1","rolling-cart","Rolling utility cart","Shop","9","2682","2682","1","0.09375","96","48","94","46","orientation_locked","1","62","38","0","true","https://woodcuttool.com/templates/rolling-cart-cut-list/"
"2026-07-18","woodcuttool-maxrects-v1","rolling-cart","Rolling utility cart","Shop","9","2682","2682","1","0.125","96","48","94","46","rotation_allowed","1","62","38","0","true","https://woodcuttool.com/templates/rolling-cart-cut-list/"
"2026-07-18","woodcuttool-maxrects-v1","rolling-cart","Rolling utility cart","Shop","9","2682","2682","1","0.125","96","48","94","46","orientation_locked","1","62","38","0","true","https://woodcuttool.com/templates/rolling-cart-cut-list/"
"2026-07-18","woodcuttool-maxrects-v1","rolling-cart","Rolling utility cart","Shop","9","2682","2682","1","0.1875","96","48","94","46","rotation_allowed","1","62","38","0","true","https://woodcuttool.com/templates/rolling-cart-cut-list/"
"2026-07-18","woodcuttool-maxrects-v1","rolling-cart","Rolling utility cart","Shop","9","2682","2682","1","0.1875","96","48","94","46","orientation_locked","1","62","38","0","true","https://woodcuttool.com/templates/rolling-cart-cut-list/"
"2026-07-18","woodcuttool-maxrects-v1","rolling-cart","Rolling utility cart","Shop","9","2682","2682","1","0.25","96","48","94","46","rotation_allowed","1","62","38","0","true","https://woodcuttool.com/templates/rolling-cart-cut-list/"
"2026-07-18","woodcuttool-maxrects-v1","rolling-cart","Rolling utility cart","Shop","9","2682","2682","1","0.25","96","48","94","46","orientation_locked","1","62","38","0","true","https://woodcuttool.com/templates/rolling-cart-cut-list/"
"2026-07-18","woodcuttool-maxrects-v1","outdoor-storage-box","Outdoor storage box","Outdoor","6","5370.8","5370.8","0","0","96","48","96","48","rotation_allowed","2","58.3","41.7","0","true","https://woodcuttool.com/templates/outdoor-storage-box-cut-list/"
"2026-07-18","woodcuttool-maxrects-v1","outdoor-storage-box","Outdoor storage box","Outdoor","6","5370.8","5370.8","0","0","96","48","96","48","orientation_locked","2","58.3","41.7","0","true","https://woodcuttool.com/templates/outdoor-storage-box-cut-list/"
"2026-07-18","woodcuttool-maxrects-v1","outdoor-storage-box","Outdoor storage box","Outdoor","6","5370.8","5370.8","0","0.03125","96","48","96","48","rotation_allowed","2","58.3","41.7","0","true","https://woodcuttool.com/templates/outdoor-storage-box-cut-list/"
"2026-07-18","woodcuttool-maxrects-v1","outdoor-storage-box","Outdoor storage box","Outdoor","6","5370.8","5370.8","0","0.03125","96","48","96","48","orientation_locked","2","58.3","41.7","0","true","https://woodcuttool.com/templates/outdoor-storage-box-cut-list/"
"2026-07-18","woodcuttool-maxrects-v1","outdoor-storage-box","Outdoor storage box","Outdoor","6","5370.8","5370.8","0","0.0625","96","48","96","48","rotation_allowed","2","58.3","41.7","0","true","https://woodcuttool.com/templates/outdoor-storage-box-cut-list/"
"2026-07-18","woodcuttool-maxrects-v1","outdoor-storage-box","Outdoor storage box","Outdoor","6","5370.8","5370.8","0","0.0625","96","48","96","48","orientation_locked","2","58.3","41.7","0","true","https://woodcuttool.com/templates/outdoor-storage-box-cut-list/"
"2026-07-18","woodcuttool-maxrects-v1","outdoor-storage-box","Outdoor storage box","Outdoor","6","5370.8","5370.8","0","0.09375","96","48","96","48","rotation_allowed","2","58.3","41.7","0","true","https://woodcuttool.com/templates/outdoor-storage-box-cut-list/"
"2026-07-18","woodcuttool-maxrects-v1","outdoor-storage-box","Outdoor storage box","Outdoor","6","5370.8","5370.8","0","0.09375","96","48","96","48","orientation_locked","2","58.3","41.7","0","true","https://woodcuttool.com/templates/outdoor-storage-box-cut-list/"
"2026-07-18","woodcuttool-maxrects-v1","outdoor-storage-box","Outdoor storage box","Outdoor","6","5370.8","5370.8","0","0.125","96","48","96","48","rotation_allowed","2","58.3","41.7","0","true","https://woodcuttool.com/templates/outdoor-storage-box-cut-list/"
"2026-07-18","woodcuttool-maxrects-v1","outdoor-storage-box","Outdoor storage box","Outdoor","6","5370.8","5370.8","0","0.125","96","48","96","48","orientation_locked","2","58.3","41.7","0","true","https://woodcuttool.com/templates/outdoor-storage-box-cut-list/"
"2026-07-18","woodcuttool-maxrects-v1","outdoor-storage-box","Outdoor storage box","Outdoor","6","5370.8","5370.8","0","0.1875","96","48","96","48","rotation_allowed","2","58.3","41.7","0","true","https://woodcuttool.com/templates/outdoor-storage-box-cut-list/"
"2026-07-18","woodcuttool-maxrects-v1","outdoor-storage-box","Outdoor storage box","Outdoor","6","5370.8","5370.8","0","0.1875","96","48","96","48","orientation_locked","2","58.3","41.7","0","true","https://woodcuttool.com/templates/outdoor-storage-box-cut-list/"
"2026-07-18","woodcuttool-maxrects-v1","outdoor-storage-box","Outdoor storage box","Outdoor","6","5370.8","5370.8","0","0.25","96","48","96","48","rotation_allowed","2","58.3","41.7","0","true","https://woodcuttool.com/templates/outdoor-storage-box-cut-list/"
"2026-07-18","woodcuttool-maxrects-v1","outdoor-storage-box","Outdoor storage box","Outdoor","6","5370.8","5370.8","0","0.25","96","48","96","48","orientation_locked","2","58.3","41.7","0","true","https://woodcuttool.com/templates/outdoor-storage-box-cut-list/"
"2026-07-18","woodcuttool-maxrects-v1","outdoor-storage-box","Outdoor storage box","Outdoor","6","5370.8","5370.8","0.125","0","96","48","95.75","47.75","rotation_allowed","2","58.7","41.3","0","true","https://woodcuttool.com/templates/outdoor-storage-box-cut-list/"
"2026-07-18","woodcuttool-maxrects-v1","outdoor-storage-box","Outdoor storage box","Outdoor","6","5370.8","5370.8","0.125","0","96","48","95.75","47.75","orientation_locked","2","58.7","41.3","0","true","https://woodcuttool.com/templates/outdoor-storage-box-cut-list/"
"2026-07-18","woodcuttool-maxrects-v1","outdoor-storage-box","Outdoor storage box","Outdoor","6","5370.8","5370.8","0.125","0.03125","96","48","95.75","47.75","rotation_allowed","2","58.7","41.3","0","true","https://woodcuttool.com/templates/outdoor-storage-box-cut-list/"
"2026-07-18","woodcuttool-maxrects-v1","outdoor-storage-box","Outdoor storage box","Outdoor","6","5370.8","5370.8","0.125","0.03125","96","48","95.75","47.75","orientation_locked","2","58.7","41.3","0","true","https://woodcuttool.com/templates/outdoor-storage-box-cut-list/"
"2026-07-18","woodcuttool-maxrects-v1","outdoor-storage-box","Outdoor storage box","Outdoor","6","5370.8","5370.8","0.125","0.0625","96","48","95.75","47.75","rotation_allowed","2","58.7","41.3","0","true","https://woodcuttool.com/templates/outdoor-storage-box-cut-list/"
"2026-07-18","woodcuttool-maxrects-v1","outdoor-storage-box","Outdoor storage box","Outdoor","6","5370.8","5370.8","0.125","0.0625","96","48","95.75","47.75","orientation_locked","2","58.7","41.3","0","true","https://woodcuttool.com/templates/outdoor-storage-box-cut-list/"
"2026-07-18","woodcuttool-maxrects-v1","outdoor-storage-box","Outdoor storage box","Outdoor","6","5370.8","5370.8","0.125","0.09375","96","48","95.75","47.75","rotation_allowed","2","58.7","41.3","0","true","https://woodcuttool.com/templates/outdoor-storage-box-cut-list/"
"2026-07-18","woodcuttool-maxrects-v1","outdoor-storage-box","Outdoor storage box","Outdoor","6","5370.8","5370.8","0.125","0.09375","96","48","95.75","47.75","orientation_locked","2","58.7","41.3","0","true","https://woodcuttool.com/templates/outdoor-storage-box-cut-list/"
"2026-07-18","woodcuttool-maxrects-v1","outdoor-storage-box","Outdoor storage box","Outdoor","6","5370.8","5370.8","0.125","0.125","96","48","95.75","47.75","rotation_allowed","2","58.7","41.3","0","true","https://woodcuttool.com/templates/outdoor-storage-box-cut-list/"
"2026-07-18","woodcuttool-maxrects-v1","outdoor-storage-box","Outdoor storage box","Outdoor","6","5370.8","5370.8","0.125","0.125","96","48","95.75","47.75","orientation_locked","2","58.7","41.3","0","true","https://woodcuttool.com/templates/outdoor-storage-box-cut-list/"
"2026-07-18","woodcuttool-maxrects-v1","outdoor-storage-box","Outdoor storage box","Outdoor","6","5370.8","5370.8","0.125","0.1875","96","48","95.75","47.75","rotation_allowed","2","58.7","41.3","0","true","https://woodcuttool.com/templates/outdoor-storage-box-cut-list/"
"2026-07-18","woodcuttool-maxrects-v1","outdoor-storage-box","Outdoor storage box","Outdoor","6","5370.8","5370.8","0.125","0.1875","96","48","95.75","47.75","orientation_locked","2","58.7","41.3","0","true","https://woodcuttool.com/templates/outdoor-storage-box-cut-list/"
"2026-07-18","woodcuttool-maxrects-v1","outdoor-storage-box","Outdoor storage box","Outdoor","6","5370.8","5370.8","0.125","0.25","96","48","95.75","47.75","rotation_allowed","2","58.7","41.3","0","true","https://woodcuttool.com/templates/outdoor-storage-box-cut-list/"
"2026-07-18","woodcuttool-maxrects-v1","outdoor-storage-box","Outdoor storage box","Outdoor","6","5370.8","5370.8","0.125","0.25","96","48","95.75","47.75","orientation_locked","2","58.7","41.3","0","true","https://woodcuttool.com/templates/outdoor-storage-box-cut-list/"
"2026-07-18","woodcuttool-maxrects-v1","outdoor-storage-box","Outdoor storage box","Outdoor","6","5370.8","5370.8","0.25","0","96","48","95.5","47.5","rotation_allowed","2","59.2","40.8","0","true","https://woodcuttool.com/templates/outdoor-storage-box-cut-list/"
"2026-07-18","woodcuttool-maxrects-v1","outdoor-storage-box","Outdoor storage box","Outdoor","6","5370.8","5370.8","0.25","0","96","48","95.5","47.5","orientation_locked","2","59.2","40.8","0","true","https://woodcuttool.com/templates/outdoor-storage-box-cut-list/"
"2026-07-18","woodcuttool-maxrects-v1","outdoor-storage-box","Outdoor storage box","Outdoor","6","5370.8","5370.8","0.25","0.03125","96","48","95.5","47.5","rotation_allowed","2","59.2","40.8","0","true","https://woodcuttool.com/templates/outdoor-storage-box-cut-list/"
"2026-07-18","woodcuttool-maxrects-v1","outdoor-storage-box","Outdoor storage box","Outdoor","6","5370.8","5370.8","0.25","0.03125","96","48","95.5","47.5","orientation_locked","2","59.2","40.8","0","true","https://woodcuttool.com/templates/outdoor-storage-box-cut-list/"
"2026-07-18","woodcuttool-maxrects-v1","outdoor-storage-box","Outdoor storage box","Outdoor","6","5370.8","5370.8","0.25","0.0625","96","48","95.5","47.5","rotation_allowed","2","59.2","40.8","0","true","https://woodcuttool.com/templates/outdoor-storage-box-cut-list/"
"2026-07-18","woodcuttool-maxrects-v1","outdoor-storage-box","Outdoor storage box","Outdoor","6","5370.8","5370.8","0.25","0.0625","96","48","95.5","47.5","orientation_locked","2","59.2","40.8","0","true","https://woodcuttool.com/templates/outdoor-storage-box-cut-list/"
"2026-07-18","woodcuttool-maxrects-v1","outdoor-storage-box","Outdoor storage box","Outdoor","6","5370.8","5370.8","0.25","0.09375","96","48","95.5","47.5","rotation_allowed","2","59.2","40.8","0","true","https://woodcuttool.com/templates/outdoor-storage-box-cut-list/"
"2026-07-18","woodcuttool-maxrects-v1","outdoor-storage-box","Outdoor storage box","Outdoor","6","5370.8","5370.8","0.25","0.09375","96","48","95.5","47.5","orientation_locked","2","59.2","40.8","0","true","https://woodcuttool.com/templates/outdoor-storage-box-cut-list/"
"2026-07-18","woodcuttool-maxrects-v1","outdoor-storage-box","Outdoor storage box","Outdoor","6","5370.8","5370.8","0.25","0.125","96","48","95.5","47.5","rotation_allowed","2","59.2","40.8","0","true","https://woodcuttool.com/templates/outdoor-storage-box-cut-list/"
"2026-07-18","woodcuttool-maxrects-v1","outdoor-storage-box","Outdoor storage box","Outdoor","6","5370.8","5370.8","0.25","0.125","96","48","95.5","47.5","orientation_locked","2","59.2","40.8","0","true","https://woodcuttool.com/templates/outdoor-storage-box-cut-list/"
"2026-07-18","woodcuttool-maxrects-v1","outdoor-storage-box","Outdoor storage box","Outdoor","6","5370.8","5370.8","0.25","0.1875","96","48","95.5","47.5","rotation_allowed","2","59.2","40.8","0","true","https://woodcuttool.com/templates/outdoor-storage-box-cut-list/"
"2026-07-18","woodcuttool-maxrects-v1","outdoor-storage-box","Outdoor storage box","Outdoor","6","5370.8","5370.8","0.25","0.1875","96","48","95.5","47.5","orientation_locked","2","59.2","40.8","0","true","https://woodcuttool.com/templates/outdoor-storage-box-cut-list/"
"2026-07-18","woodcuttool-maxrects-v1","outdoor-storage-box","Outdoor storage box","Outdoor","6","5370.8","5370.8","0.25","0.25","96","48","95.5","47.5","rotation_allowed","2","59.2","40.8","0","true","https://woodcuttool.com/templates/outdoor-storage-box-cut-list/"
"2026-07-18","woodcuttool-maxrects-v1","outdoor-storage-box","Outdoor storage box","Outdoor","6","5370.8","5370.8","0.25","0.25","96","48","95.5","47.5","orientation_locked","2","59.2","40.8","0","true","https://woodcuttool.com/templates/outdoor-storage-box-cut-list/"
"2026-07-18","woodcuttool-maxrects-v1","outdoor-storage-box","Outdoor storage box","Outdoor","6","5370.8","5370.8","0.5","0","96","48","95","47","rotation_allowed","2","60.1","39.9","0","true","https://woodcuttool.com/templates/outdoor-storage-box-cut-list/"
"2026-07-18","woodcuttool-maxrects-v1","outdoor-storage-box","Outdoor storage box","Outdoor","6","5370.8","5370.8","0.5","0","96","48","95","47","orientation_locked","2","60.1","39.9","0","true","https://woodcuttool.com/templates/outdoor-storage-box-cut-list/"
"2026-07-18","woodcuttool-maxrects-v1","outdoor-storage-box","Outdoor storage box","Outdoor","6","5370.8","5370.8","0.5","0.03125","96","48","95","47","rotation_allowed","2","60.1","39.9","0","true","https://woodcuttool.com/templates/outdoor-storage-box-cut-list/"
"2026-07-18","woodcuttool-maxrects-v1","outdoor-storage-box","Outdoor storage box","Outdoor","6","5370.8","5370.8","0.5","0.03125","96","48","95","47","orientation_locked","2","60.1","39.9","0","true","https://woodcuttool.com/templates/outdoor-storage-box-cut-list/"
"2026-07-18","woodcuttool-maxrects-v1","outdoor-storage-box","Outdoor storage box","Outdoor","6","5370.8","5370.8","0.5","0.0625","96","48","95","47","rotation_allowed","2","60.1","39.9","0","true","https://woodcuttool.com/templates/outdoor-storage-box-cut-list/"
"2026-07-18","woodcuttool-maxrects-v1","outdoor-storage-box","Outdoor storage box","Outdoor","6","5370.8","5370.8","0.5","0.0625","96","48","95","47","orientation_locked","2","60.1","39.9","0","true","https://woodcuttool.com/templates/outdoor-storage-box-cut-list/"
"2026-07-18","woodcuttool-maxrects-v1","outdoor-storage-box","Outdoor storage box","Outdoor","6","5370.8","5370.8","0.5","0.09375","96","48","95","47","rotation_allowed","2","60.1","39.9","0","true","https://woodcuttool.com/templates/outdoor-storage-box-cut-list/"
"2026-07-18","woodcuttool-maxrects-v1","outdoor-storage-box","Outdoor storage box","Outdoor","6","5370.8","5370.8","0.5","0.09375","96","48","95","47","orientation_locked","2","60.1","39.9","0","true","https://woodcuttool.com/templates/outdoor-storage-box-cut-list/"
"2026-07-18","woodcuttool-maxrects-v1","outdoor-storage-box","Outdoor storage box","Outdoor","6","5370.8","5370.8","0.5","0.125","96","48","95","47","rotation_allowed","2","60.1","39.9","0","true","https://woodcuttool.com/templates/outdoor-storage-box-cut-list/"
"2026-07-18","woodcuttool-maxrects-v1","outdoor-storage-box","Outdoor storage box","Outdoor","6","5370.8","5370.8","0.5","0.125","96","48","95","47","orientation_locked","2","60.1","39.9","0","true","https://woodcuttool.com/templates/outdoor-storage-box-cut-list/"
"2026-07-18","woodcuttool-maxrects-v1","outdoor-storage-box","Outdoor storage box","Outdoor","6","5370.8","5370.8","0.5","0.1875","96","48","95","47","rotation_allowed","2","60.1","39.9","0","true","https://woodcuttool.com/templates/outdoor-storage-box-cut-list/"
"2026-07-18","woodcuttool-maxrects-v1","outdoor-storage-box","Outdoor storage box","Outdoor","6","5370.8","5370.8","0.5","0.1875","96","48","95","47","orientation_locked","2","60.1","39.9","0","true","https://woodcuttool.com/templates/outdoor-storage-box-cut-list/"
"2026-07-18","woodcuttool-maxrects-v1","outdoor-storage-box","Outdoor storage box","Outdoor","6","5370.8","5370.8","0.5","0.25","96","48","95","47","rotation_allowed","2","60.1","39.9","0","true","https://woodcuttool.com/templates/outdoor-storage-box-cut-list/"
"2026-07-18","woodcuttool-maxrects-v1","outdoor-storage-box","Outdoor storage box","Outdoor","6","5370.8","5370.8","0.5","0.25","96","48","95","47","orientation_locked","2","60.1","39.9","0","true","https://woodcuttool.com/templates/outdoor-storage-box-cut-list/"
"2026-07-18","woodcuttool-maxrects-v1","outdoor-storage-box","Outdoor storage box","Outdoor","6","5370.8","5370.8","1","0","96","48","94","46","rotation_allowed","2","62.1","37.9","0","true","https://woodcuttool.com/templates/outdoor-storage-box-cut-list/"
"2026-07-18","woodcuttool-maxrects-v1","outdoor-storage-box","Outdoor storage box","Outdoor","6","5370.8","5370.8","1","0","96","48","94","46","orientation_locked","2","62.1","37.9","0","true","https://woodcuttool.com/templates/outdoor-storage-box-cut-list/"
"2026-07-18","woodcuttool-maxrects-v1","outdoor-storage-box","Outdoor storage box","Outdoor","6","5370.8","5370.8","1","0.03125","96","48","94","46","rotation_allowed","2","62.1","37.9","0","true","https://woodcuttool.com/templates/outdoor-storage-box-cut-list/"
"2026-07-18","woodcuttool-maxrects-v1","outdoor-storage-box","Outdoor storage box","Outdoor","6","5370.8","5370.8","1","0.03125","96","48","94","46","orientation_locked","2","62.1","37.9","0","true","https://woodcuttool.com/templates/outdoor-storage-box-cut-list/"
"2026-07-18","woodcuttool-maxrects-v1","outdoor-storage-box","Outdoor storage box","Outdoor","6","5370.8","5370.8","1","0.0625","96","48","94","46","rotation_allowed","2","62.1","37.9","0","true","https://woodcuttool.com/templates/outdoor-storage-box-cut-list/"
"2026-07-18","woodcuttool-maxrects-v1","outdoor-storage-box","Outdoor storage box","Outdoor","6","5370.8","5370.8","1","0.0625","96","48","94","46","orientation_locked","2","62.1","37.9","0","true","https://woodcuttool.com/templates/outdoor-storage-box-cut-list/"
"2026-07-18","woodcuttool-maxrects-v1","outdoor-storage-box","Outdoor storage box","Outdoor","6","5370.8","5370.8","1","0.09375","96","48","94","46","rotation_allowed","2","62.1","37.9","0","true","https://woodcuttool.com/templates/outdoor-storage-box-cut-list/"
"2026-07-18","woodcuttool-maxrects-v1","outdoor-storage-box","Outdoor storage box","Outdoor","6","5370.8","5370.8","1","0.09375","96","48","94","46","orientation_locked","2","62.1","37.9","0","true","https://woodcuttool.com/templates/outdoor-storage-box-cut-list/"
"2026-07-18","woodcuttool-maxrects-v1","outdoor-storage-box","Outdoor storage box","Outdoor","6","5370.8","5370.8","1","0.125","96","48","94","46","rotation_allowed","2","62.1","37.9","0","true","https://woodcuttool.com/templates/outdoor-storage-box-cut-list/"
"2026-07-18","woodcuttool-maxrects-v1","outdoor-storage-box","Outdoor storage box","Outdoor","6","5370.8","5370.8","1","0.125","96","48","94","46","orientation_locked","2","62.1","37.9","0","true","https://woodcuttool.com/templates/outdoor-storage-box-cut-list/"
"2026-07-18","woodcuttool-maxrects-v1","outdoor-storage-box","Outdoor storage box","Outdoor","6","5370.8","5370.8","1","0.1875","96","48","94","46","rotation_allowed","2","62.1","37.9","0","true","https://woodcuttool.com/templates/outdoor-storage-box-cut-list/"
"2026-07-18","woodcuttool-maxrects-v1","outdoor-storage-box","Outdoor storage box","Outdoor","6","5370.8","5370.8","1","0.1875","96","48","94","46","orientation_locked","2","62.1","37.9","0","true","https://woodcuttool.com/templates/outdoor-storage-box-cut-list/"
"2026-07-18","woodcuttool-maxrects-v1","outdoor-storage-box","Outdoor storage box","Outdoor","6","5370.8","5370.8","1","0.25","96","48","94","46","rotation_allowed","2","62.1","37.9","0","true","https://woodcuttool.com/templates/outdoor-storage-box-cut-list/"
"2026-07-18","woodcuttool-maxrects-v1","outdoor-storage-box","Outdoor storage box","Outdoor","6","5370.8","5370.8","1","0.25","96","48","94","46","orientation_locked","2","62.1","37.9","0","true","https://woodcuttool.com/templates/outdoor-storage-box-cut-list/"
"2026-07-18","woodcuttool-maxrects-v1","kitchen-island","Kitchen island","Cabinets","7","4593","4593","0","0","96","48","96","48","rotation_allowed","2","49.8","50.2","0","true","https://woodcuttool.com/templates/kitchen-island-cut-list/"
"2026-07-18","woodcuttool-maxrects-v1","kitchen-island","Kitchen island","Cabinets","7","4593","4593","0","0","96","48","96","48","orientation_locked","2","49.8","50.2","0","true","https://woodcuttool.com/templates/kitchen-island-cut-list/"
"2026-07-18","woodcuttool-maxrects-v1","kitchen-island","Kitchen island","Cabinets","7","4593","4593","0","0.03125","96","48","96","48","rotation_allowed","2","49.8","50.2","0","true","https://woodcuttool.com/templates/kitchen-island-cut-list/"
"2026-07-18","woodcuttool-maxrects-v1","kitchen-island","Kitchen island","Cabinets","7","4593","4593","0","0.03125","96","48","96","48","orientation_locked","2","49.8","50.2","0","true","https://woodcuttool.com/templates/kitchen-island-cut-list/"
"2026-07-18","woodcuttool-maxrects-v1","kitchen-island","Kitchen island","Cabinets","7","4593","4593","0","0.0625","96","48","96","48","rotation_allowed","2","49.8","50.2","0","true","https://woodcuttool.com/templates/kitchen-island-cut-list/"
"2026-07-18","woodcuttool-maxrects-v1","kitchen-island","Kitchen island","Cabinets","7","4593","4593","0","0.0625","96","48","96","48","orientation_locked","2","49.8","50.2","0","true","https://woodcuttool.com/templates/kitchen-island-cut-list/"
"2026-07-18","woodcuttool-maxrects-v1","kitchen-island","Kitchen island","Cabinets","7","4593","4593","0","0.09375","96","48","96","48","rotation_allowed","2","49.8","50.2","0","true","https://woodcuttool.com/templates/kitchen-island-cut-list/"
"2026-07-18","woodcuttool-maxrects-v1","kitchen-island","Kitchen island","Cabinets","7","4593","4593","0","0.09375","96","48","96","48","orientation_locked","2","49.8","50.2","0","true","https://woodcuttool.com/templates/kitchen-island-cut-list/"
"2026-07-18","woodcuttool-maxrects-v1","kitchen-island","Kitchen island","Cabinets","7","4593","4593","0","0.125","96","48","96","48","rotation_allowed","2","49.8","50.2","0","true","https://woodcuttool.com/templates/kitchen-island-cut-list/"
"2026-07-18","woodcuttool-maxrects-v1","kitchen-island","Kitchen island","Cabinets","7","4593","4593","0","0.125","96","48","96","48","orientation_locked","2","49.8","50.2","0","true","https://woodcuttool.com/templates/kitchen-island-cut-list/"
"2026-07-18","woodcuttool-maxrects-v1","kitchen-island","Kitchen island","Cabinets","7","4593","4593","0","0.1875","96","48","96","48","rotation_allowed","2","49.8","50.2","0","true","https://woodcuttool.com/templates/kitchen-island-cut-list/"
"2026-07-18","woodcuttool-maxrects-v1","kitchen-island","Kitchen island","Cabinets","7","4593","4593","0","0.1875","96","48","96","48","orientation_locked","2","49.8","50.2","0","true","https://woodcuttool.com/templates/kitchen-island-cut-list/"
"2026-07-18","woodcuttool-maxrects-v1","kitchen-island","Kitchen island","Cabinets","7","4593","4593","0","0.25","96","48","96","48","rotation_allowed","2","49.8","50.2","0","true","https://woodcuttool.com/templates/kitchen-island-cut-list/"
"2026-07-18","woodcuttool-maxrects-v1","kitchen-island","Kitchen island","Cabinets","7","4593","4593","0","0.25","96","48","96","48","orientation_locked","2","49.8","50.2","0","true","https://woodcuttool.com/templates/kitchen-island-cut-list/"
"2026-07-18","woodcuttool-maxrects-v1","kitchen-island","Kitchen island","Cabinets","7","4593","4593","0.125","0","96","48","95.75","47.75","rotation_allowed","2","50.2","49.8","0","true","https://woodcuttool.com/templates/kitchen-island-cut-list/"
"2026-07-18","woodcuttool-maxrects-v1","kitchen-island","Kitchen island","Cabinets","7","4593","4593","0.125","0","96","48","95.75","47.75","orientation_locked","2","50.2","49.8","0","true","https://woodcuttool.com/templates/kitchen-island-cut-list/"
"2026-07-18","woodcuttool-maxrects-v1","kitchen-island","Kitchen island","Cabinets","7","4593","4593","0.125","0.03125","96","48","95.75","47.75","rotation_allowed","2","50.2","49.8","0","true","https://woodcuttool.com/templates/kitchen-island-cut-list/"
"2026-07-18","woodcuttool-maxrects-v1","kitchen-island","Kitchen island","Cabinets","7","4593","4593","0.125","0.03125","96","48","95.75","47.75","orientation_locked","2","50.2","49.8","0","true","https://woodcuttool.com/templates/kitchen-island-cut-list/"
"2026-07-18","woodcuttool-maxrects-v1","kitchen-island","Kitchen island","Cabinets","7","4593","4593","0.125","0.0625","96","48","95.75","47.75","rotation_allowed","2","50.2","49.8","0","true","https://woodcuttool.com/templates/kitchen-island-cut-list/"
"2026-07-18","woodcuttool-maxrects-v1","kitchen-island","Kitchen island","Cabinets","7","4593","4593","0.125","0.0625","96","48","95.75","47.75","orientation_locked","2","50.2","49.8","0","true","https://woodcuttool.com/templates/kitchen-island-cut-list/"
"2026-07-18","woodcuttool-maxrects-v1","kitchen-island","Kitchen island","Cabinets","7","4593","4593","0.125","0.09375","96","48","95.75","47.75","rotation_allowed","2","50.2","49.8","0","true","https://woodcuttool.com/templates/kitchen-island-cut-list/"
"2026-07-18","woodcuttool-maxrects-v1","kitchen-island","Kitchen island","Cabinets","7","4593","4593","0.125","0.09375","96","48","95.75","47.75","orientation_locked","2","50.2","49.8","0","true","https://woodcuttool.com/templates/kitchen-island-cut-list/"
"2026-07-18","woodcuttool-maxrects-v1","kitchen-island","Kitchen island","Cabinets","7","4593","4593","0.125","0.125","96","48","95.75","47.75","rotation_allowed","2","50.2","49.8","0","true","https://woodcuttool.com/templates/kitchen-island-cut-list/"
"2026-07-18","woodcuttool-maxrects-v1","kitchen-island","Kitchen island","Cabinets","7","4593","4593","0.125","0.125","96","48","95.75","47.75","orientation_locked","2","50.2","49.8","0","true","https://woodcuttool.com/templates/kitchen-island-cut-list/"
"2026-07-18","woodcuttool-maxrects-v1","kitchen-island","Kitchen island","Cabinets","7","4593","4593","0.125","0.1875","96","48","95.75","47.75","rotation_allowed","2","50.2","49.8","0","true","https://woodcuttool.com/templates/kitchen-island-cut-list/"
"2026-07-18","woodcuttool-maxrects-v1","kitchen-island","Kitchen island","Cabinets","7","4593","4593","0.125","0.1875","96","48","95.75","47.75","orientation_locked","2","50.2","49.8","0","true","https://woodcuttool.com/templates/kitchen-island-cut-list/"
"2026-07-18","woodcuttool-maxrects-v1","kitchen-island","Kitchen island","Cabinets","7","4593","4593","0.125","0.25","96","48","95.75","47.75","rotation_allowed","2","50.2","49.8","0","true","https://woodcuttool.com/templates/kitchen-island-cut-list/"
"2026-07-18","woodcuttool-maxrects-v1","kitchen-island","Kitchen island","Cabinets","7","4593","4593","0.125","0.25","96","48","95.75","47.75","orientation_locked","2","50.2","49.8","0","true","https://woodcuttool.com/templates/kitchen-island-cut-list/"
"2026-07-18","woodcuttool-maxrects-v1","kitchen-island","Kitchen island","Cabinets","7","4593","4593","0.25","0","96","48","95.5","47.5","rotation_allowed","2","50.6","49.4","0","true","https://woodcuttool.com/templates/kitchen-island-cut-list/"
"2026-07-18","woodcuttool-maxrects-v1","kitchen-island","Kitchen island","Cabinets","7","4593","4593","0.25","0","96","48","95.5","47.5","orientation_locked","2","50.6","49.4","0","true","https://woodcuttool.com/templates/kitchen-island-cut-list/"
"2026-07-18","woodcuttool-maxrects-v1","kitchen-island","Kitchen island","Cabinets","7","4593","4593","0.25","0.03125","96","48","95.5","47.5","rotation_allowed","2","50.6","49.4","0","true","https://woodcuttool.com/templates/kitchen-island-cut-list/"
"2026-07-18","woodcuttool-maxrects-v1","kitchen-island","Kitchen island","Cabinets","7","4593","4593","0.25","0.03125","96","48","95.5","47.5","orientation_locked","2","50.6","49.4","0","true","https://woodcuttool.com/templates/kitchen-island-cut-list/"
"2026-07-18","woodcuttool-maxrects-v1","kitchen-island","Kitchen island","Cabinets","7","4593","4593","0.25","0.0625","96","48","95.5","47.5","rotation_allowed","2","50.6","49.4","0","true","https://woodcuttool.com/templates/kitchen-island-cut-list/"
"2026-07-18","woodcuttool-maxrects-v1","kitchen-island","Kitchen island","Cabinets","7","4593","4593","0.25","0.0625","96","48","95.5","47.5","orientation_locked","2","50.6","49.4","0","true","https://woodcuttool.com/templates/kitchen-island-cut-list/"
"2026-07-18","woodcuttool-maxrects-v1","kitchen-island","Kitchen island","Cabinets","7","4593","4593","0.25","0.09375","96","48","95.5","47.5","rotation_allowed","2","50.6","49.4","0","true","https://woodcuttool.com/templates/kitchen-island-cut-list/"
"2026-07-18","woodcuttool-maxrects-v1","kitchen-island","Kitchen island","Cabinets","7","4593","4593","0.25","0.09375","96","48","95.5","47.5","orientation_locked","2","50.6","49.4","0","true","https://woodcuttool.com/templates/kitchen-island-cut-list/"
"2026-07-18","woodcuttool-maxrects-v1","kitchen-island","Kitchen island","Cabinets","7","4593","4593","0.25","0.125","96","48","95.5","47.5","rotation_allowed","2","50.6","49.4","0","true","https://woodcuttool.com/templates/kitchen-island-cut-list/"
"2026-07-18","woodcuttool-maxrects-v1","kitchen-island","Kitchen island","Cabinets","7","4593","4593","0.25","0.125","96","48","95.5","47.5","orientation_locked","2","50.6","49.4","0","true","https://woodcuttool.com/templates/kitchen-island-cut-list/"
"2026-07-18","woodcuttool-maxrects-v1","kitchen-island","Kitchen island","Cabinets","7","4593","4593","0.25","0.1875","96","48","95.5","47.5","rotation_allowed","2","50.6","49.4","0","true","https://woodcuttool.com/templates/kitchen-island-cut-list/"
"2026-07-18","woodcuttool-maxrects-v1","kitchen-island","Kitchen island","Cabinets","7","4593","4593","0.25","0.1875","96","48","95.5","47.5","orientation_locked","2","50.6","49.4","0","true","https://woodcuttool.com/templates/kitchen-island-cut-list/"
"2026-07-18","woodcuttool-maxrects-v1","kitchen-island","Kitchen island","Cabinets","7","4593","4593","0.25","0.25","96","48","95.5","47.5","rotation_allowed","2","50.6","49.4","0","true","https://woodcuttool.com/templates/kitchen-island-cut-list/"
"2026-07-18","woodcuttool-maxrects-v1","kitchen-island","Kitchen island","Cabinets","7","4593","4593","0.25","0.25","96","48","95.5","47.5","orientation_locked","2","50.6","49.4","0","true","https://woodcuttool.com/templates/kitchen-island-cut-list/"
"2026-07-18","woodcuttool-maxrects-v1","kitchen-island","Kitchen island","Cabinets","7","4593","4593","0.5","0","96","48","95","47","rotation_allowed","2","51.4","48.6","0","true","https://woodcuttool.com/templates/kitchen-island-cut-list/"
"2026-07-18","woodcuttool-maxrects-v1","kitchen-island","Kitchen island","Cabinets","7","4593","4593","0.5","0","96","48","95","47","orientation_locked","2","51.4","48.6","0","true","https://woodcuttool.com/templates/kitchen-island-cut-list/"
"2026-07-18","woodcuttool-maxrects-v1","kitchen-island","Kitchen island","Cabinets","7","4593","4593","0.5","0.03125","96","48","95","47","rotation_allowed","2","51.4","48.6","0","true","https://woodcuttool.com/templates/kitchen-island-cut-list/"
"2026-07-18","woodcuttool-maxrects-v1","kitchen-island","Kitchen island","Cabinets","7","4593","4593","0.5","0.03125","96","48","95","47","orientation_locked","2","51.4","48.6","0","true","https://woodcuttool.com/templates/kitchen-island-cut-list/"
"2026-07-18","woodcuttool-maxrects-v1","kitchen-island","Kitchen island","Cabinets","7","4593","4593","0.5","0.0625","96","48","95","47","rotation_allowed","2","51.4","48.6","0","true","https://woodcuttool.com/templates/kitchen-island-cut-list/"
"2026-07-18","woodcuttool-maxrects-v1","kitchen-island","Kitchen island","Cabinets","7","4593","4593","0.5","0.0625","96","48","95","47","orientation_locked","2","51.4","48.6","0","true","https://woodcuttool.com/templates/kitchen-island-cut-list/"
"2026-07-18","woodcuttool-maxrects-v1","kitchen-island","Kitchen island","Cabinets","7","4593","4593","0.5","0.09375","96","48","95","47","rotation_allowed","2","51.4","48.6","0","true","https://woodcuttool.com/templates/kitchen-island-cut-list/"
"2026-07-18","woodcuttool-maxrects-v1","kitchen-island","Kitchen island","Cabinets","7","4593","4593","0.5","0.09375","96","48","95","47","orientation_locked","2","51.4","48.6","0","true","https://woodcuttool.com/templates/kitchen-island-cut-list/"
"2026-07-18","woodcuttool-maxrects-v1","kitchen-island","Kitchen island","Cabinets","7","4593","4593","0.5","0.125","96","48","95","47","rotation_allowed","2","51.4","48.6","0","true","https://woodcuttool.com/templates/kitchen-island-cut-list/"
"2026-07-18","woodcuttool-maxrects-v1","kitchen-island","Kitchen island","Cabinets","7","4593","4593","0.5","0.125","96","48","95","47","orientation_locked","2","51.4","48.6","0","true","https://woodcuttool.com/templates/kitchen-island-cut-list/"
"2026-07-18","woodcuttool-maxrects-v1","kitchen-island","Kitchen island","Cabinets","7","4593","4593","0.5","0.1875","96","48","95","47","rotation_allowed","2","51.4","48.6","0","true","https://woodcuttool.com/templates/kitchen-island-cut-list/"
"2026-07-18","woodcuttool-maxrects-v1","kitchen-island","Kitchen island","Cabinets","7","4593","4593","0.5","0.1875","96","48","95","47","orientation_locked","2","51.4","48.6","0","true","https://woodcuttool.com/templates/kitchen-island-cut-list/"
"2026-07-18","woodcuttool-maxrects-v1","kitchen-island","Kitchen island","Cabinets","7","4593","4593","0.5","0.25","96","48","95","47","rotation_allowed","2","51.4","48.6","0","true","https://woodcuttool.com/templates/kitchen-island-cut-list/"
"2026-07-18","woodcuttool-maxrects-v1","kitchen-island","Kitchen island","Cabinets","7","4593","4593","0.5","0.25","96","48","95","47","orientation_locked","2","51.4","48.6","0","true","https://woodcuttool.com/templates/kitchen-island-cut-list/"
"2026-07-18","woodcuttool-maxrects-v1","kitchen-island","Kitchen island","Cabinets","7","4593","4593","1","0","96","48","94","46","rotation_allowed","2","53.1","46.9","0","true","https://woodcuttool.com/templates/kitchen-island-cut-list/"
"2026-07-18","woodcuttool-maxrects-v1","kitchen-island","Kitchen island","Cabinets","7","4593","4593","1","0","96","48","94","46","orientation_locked","2","53.1","46.9","0","true","https://woodcuttool.com/templates/kitchen-island-cut-list/"
"2026-07-18","woodcuttool-maxrects-v1","kitchen-island","Kitchen island","Cabinets","7","4593","4593","1","0.03125","96","48","94","46","rotation_allowed","2","53.1","46.9","0","true","https://woodcuttool.com/templates/kitchen-island-cut-list/"
"2026-07-18","woodcuttool-maxrects-v1","kitchen-island","Kitchen island","Cabinets","7","4593","4593","1","0.03125","96","48","94","46","orientation_locked","2","53.1","46.9","0","true","https://woodcuttool.com/templates/kitchen-island-cut-list/"
"2026-07-18","woodcuttool-maxrects-v1","kitchen-island","Kitchen island","Cabinets","7","4593","4593","1","0.0625","96","48","94","46","rotation_allowed","2","53.1","46.9","0","true","https://woodcuttool.com/templates/kitchen-island-cut-list/"
"2026-07-18","woodcuttool-maxrects-v1","kitchen-island","Kitchen island","Cabinets","7","4593","4593","1","0.0625","96","48","94","46","orientation_locked","2","53.1","46.9","0","true","https://woodcuttool.com/templates/kitchen-island-cut-list/"
"2026-07-18","woodcuttool-maxrects-v1","kitchen-island","Kitchen island","Cabinets","7","4593","4593","1","0.09375","96","48","94","46","rotation_allowed","2","53.1","46.9","0","true","https://woodcuttool.com/templates/kitchen-island-cut-list/"
"2026-07-18","woodcuttool-maxrects-v1","kitchen-island","Kitchen island","Cabinets","7","4593","4593","1","0.09375","96","48","94","46","orientation_locked","2","53.1","46.9","0","true","https://woodcuttool.com/templates/kitchen-island-cut-list/"
"2026-07-18","woodcuttool-maxrects-v1","kitchen-island","Kitchen island","Cabinets","7","4593","4593","1","0.125","96","48","94","46","rotation_allowed","2","53.1","46.9","0","true","https://woodcuttool.com/templates/kitchen-island-cut-list/"
"2026-07-18","woodcuttool-maxrects-v1","kitchen-island","Kitchen island","Cabinets","7","4593","4593","1","0.125","96","48","94","46","orientation_locked","2","53.1","46.9","0","true","https://woodcuttool.com/templates/kitchen-island-cut-list/"
"2026-07-18","woodcuttool-maxrects-v1","kitchen-island","Kitchen island","Cabinets","7","4593","4593","1","0.1875","96","48","94","46","rotation_allowed","2","53.1","46.9","0","true","https://woodcuttool.com/templates/kitchen-island-cut-list/"
"2026-07-18","woodcuttool-maxrects-v1","kitchen-island","Kitchen island","Cabinets","7","4593","4593","1","0.1875","96","48","94","46","orientation_locked","2","53.1","46.9","0","true","https://woodcuttool.com/templates/kitchen-island-cut-list/"
"2026-07-18","woodcuttool-maxrects-v1","kitchen-island","Kitchen island","Cabinets","7","4593","4593","1","0.25","96","48","94","46","rotation_allowed","2","53.1","46.9","0","true","https://woodcuttool.com/templates/kitchen-island-cut-list/"
"2026-07-18","woodcuttool-maxrects-v1","kitchen-island","Kitchen island","Cabinets","7","4593","4593","1","0.25","96","48","94","46","orientation_locked","2","53.1","46.9","0","true","https://woodcuttool.com/templates/kitchen-island-cut-list/"
"2026-07-18","woodcuttool-maxrects-v1","appliance-garage","Appliance garage","Cabinets","6","1482","1482","0","0","96","48","96","48","rotation_allowed","1","32.2","67.8","0","true","https://woodcuttool.com/templates/appliance-garage-cut-list/"
"2026-07-18","woodcuttool-maxrects-v1","appliance-garage","Appliance garage","Cabinets","6","1482","1482","0","0","96","48","96","48","orientation_locked","1","32.2","67.8","0","true","https://woodcuttool.com/templates/appliance-garage-cut-list/"
"2026-07-18","woodcuttool-maxrects-v1","appliance-garage","Appliance garage","Cabinets","6","1482","1482","0","0.03125","96","48","96","48","rotation_allowed","1","32.2","67.8","0","true","https://woodcuttool.com/templates/appliance-garage-cut-list/"
"2026-07-18","woodcuttool-maxrects-v1","appliance-garage","Appliance garage","Cabinets","6","1482","1482","0","0.03125","96","48","96","48","orientation_locked","1","32.2","67.8","0","true","https://woodcuttool.com/templates/appliance-garage-cut-list/"
"2026-07-18","woodcuttool-maxrects-v1","appliance-garage","Appliance garage","Cabinets","6","1482","1482","0","0.0625","96","48","96","48","rotation_allowed","1","32.2","67.8","0","true","https://woodcuttool.com/templates/appliance-garage-cut-list/"
"2026-07-18","woodcuttool-maxrects-v1","appliance-garage","Appliance garage","Cabinets","6","1482","1482","0","0.0625","96","48","96","48","orientation_locked","1","32.2","67.8","0","true","https://woodcuttool.com/templates/appliance-garage-cut-list/"
"2026-07-18","woodcuttool-maxrects-v1","appliance-garage","Appliance garage","Cabinets","6","1482","1482","0","0.09375","96","48","96","48","rotation_allowed","1","32.2","67.8","0","true","https://woodcuttool.com/templates/appliance-garage-cut-list/"
"2026-07-18","woodcuttool-maxrects-v1","appliance-garage","Appliance garage","Cabinets","6","1482","1482","0","0.09375","96","48","96","48","orientation_locked","1","32.2","67.8","0","true","https://woodcuttool.com/templates/appliance-garage-cut-list/"
"2026-07-18","woodcuttool-maxrects-v1","appliance-garage","Appliance garage","Cabinets","6","1482","1482","0","0.125","96","48","96","48","rotation_allowed","1","32.2","67.8","0","true","https://woodcuttool.com/templates/appliance-garage-cut-list/"
"2026-07-18","woodcuttool-maxrects-v1","appliance-garage","Appliance garage","Cabinets","6","1482","1482","0","0.125","96","48","96","48","orientation_locked","1","32.2","67.8","0","true","https://woodcuttool.com/templates/appliance-garage-cut-list/"
"2026-07-18","woodcuttool-maxrects-v1","appliance-garage","Appliance garage","Cabinets","6","1482","1482","0","0.1875","96","48","96","48","rotation_allowed","1","32.2","67.8","0","true","https://woodcuttool.com/templates/appliance-garage-cut-list/"
"2026-07-18","woodcuttool-maxrects-v1","appliance-garage","Appliance garage","Cabinets","6","1482","1482","0","0.1875","96","48","96","48","orientation_locked","1","32.2","67.8","0","true","https://woodcuttool.com/templates/appliance-garage-cut-list/"
"2026-07-18","woodcuttool-maxrects-v1","appliance-garage","Appliance garage","Cabinets","6","1482","1482","0","0.25","96","48","96","48","rotation_allowed","1","32.2","67.8","0","true","https://woodcuttool.com/templates/appliance-garage-cut-list/"
"2026-07-18","woodcuttool-maxrects-v1","appliance-garage","Appliance garage","Cabinets","6","1482","1482","0","0.25","96","48","96","48","orientation_locked","1","32.2","67.8","0","true","https://woodcuttool.com/templates/appliance-garage-cut-list/"
"2026-07-18","woodcuttool-maxrects-v1","appliance-garage","Appliance garage","Cabinets","6","1482","1482","0.125","0","96","48","95.75","47.75","rotation_allowed","1","32.4","67.6","0","true","https://woodcuttool.com/templates/appliance-garage-cut-list/"
"2026-07-18","woodcuttool-maxrects-v1","appliance-garage","Appliance garage","Cabinets","6","1482","1482","0.125","0","96","48","95.75","47.75","orientation_locked","1","32.4","67.6","0","true","https://woodcuttool.com/templates/appliance-garage-cut-list/"
"2026-07-18","woodcuttool-maxrects-v1","appliance-garage","Appliance garage","Cabinets","6","1482","1482","0.125","0.03125","96","48","95.75","47.75","rotation_allowed","1","32.4","67.6","0","true","https://woodcuttool.com/templates/appliance-garage-cut-list/"
"2026-07-18","woodcuttool-maxrects-v1","appliance-garage","Appliance garage","Cabinets","6","1482","1482","0.125","0.03125","96","48","95.75","47.75","orientation_locked","1","32.4","67.6","0","true","https://woodcuttool.com/templates/appliance-garage-cut-list/"
"2026-07-18","woodcuttool-maxrects-v1","appliance-garage","Appliance garage","Cabinets","6","1482","1482","0.125","0.0625","96","48","95.75","47.75","rotation_allowed","1","32.4","67.6","0","true","https://woodcuttool.com/templates/appliance-garage-cut-list/"
"2026-07-18","woodcuttool-maxrects-v1","appliance-garage","Appliance garage","Cabinets","6","1482","1482","0.125","0.0625","96","48","95.75","47.75","orientation_locked","1","32.4","67.6","0","true","https://woodcuttool.com/templates/appliance-garage-cut-list/"
"2026-07-18","woodcuttool-maxrects-v1","appliance-garage","Appliance garage","Cabinets","6","1482","1482","0.125","0.09375","96","48","95.75","47.75","rotation_allowed","1","32.4","67.6","0","true","https://woodcuttool.com/templates/appliance-garage-cut-list/"
"2026-07-18","woodcuttool-maxrects-v1","appliance-garage","Appliance garage","Cabinets","6","1482","1482","0.125","0.09375","96","48","95.75","47.75","orientation_locked","1","32.4","67.6","0","true","https://woodcuttool.com/templates/appliance-garage-cut-list/"
"2026-07-18","woodcuttool-maxrects-v1","appliance-garage","Appliance garage","Cabinets","6","1482","1482","0.125","0.125","96","48","95.75","47.75","rotation_allowed","1","32.4","67.6","0","true","https://woodcuttool.com/templates/appliance-garage-cut-list/"
"2026-07-18","woodcuttool-maxrects-v1","appliance-garage","Appliance garage","Cabinets","6","1482","1482","0.125","0.125","96","48","95.75","47.75","orientation_locked","1","32.4","67.6","0","true","https://woodcuttool.com/templates/appliance-garage-cut-list/"
"2026-07-18","woodcuttool-maxrects-v1","appliance-garage","Appliance garage","Cabinets","6","1482","1482","0.125","0.1875","96","48","95.75","47.75","rotation_allowed","1","32.4","67.6","0","true","https://woodcuttool.com/templates/appliance-garage-cut-list/"
"2026-07-18","woodcuttool-maxrects-v1","appliance-garage","Appliance garage","Cabinets","6","1482","1482","0.125","0.1875","96","48","95.75","47.75","orientation_locked","1","32.4","67.6","0","true","https://woodcuttool.com/templates/appliance-garage-cut-list/"
"2026-07-18","woodcuttool-maxrects-v1","appliance-garage","Appliance garage","Cabinets","6","1482","1482","0.125","0.25","96","48","95.75","47.75","rotation_allowed","1","32.4","67.6","0","true","https://woodcuttool.com/templates/appliance-garage-cut-list/"
"2026-07-18","woodcuttool-maxrects-v1","appliance-garage","Appliance garage","Cabinets","6","1482","1482","0.125","0.25","96","48","95.75","47.75","orientation_locked","1","32.4","67.6","0","true","https://woodcuttool.com/templates/appliance-garage-cut-list/"
"2026-07-18","woodcuttool-maxrects-v1","appliance-garage","Appliance garage","Cabinets","6","1482","1482","0.25","0","96","48","95.5","47.5","rotation_allowed","1","32.7","67.3","0","true","https://woodcuttool.com/templates/appliance-garage-cut-list/"
"2026-07-18","woodcuttool-maxrects-v1","appliance-garage","Appliance garage","Cabinets","6","1482","1482","0.25","0","96","48","95.5","47.5","orientation_locked","1","32.7","67.3","0","true","https://woodcuttool.com/templates/appliance-garage-cut-list/"
"2026-07-18","woodcuttool-maxrects-v1","appliance-garage","Appliance garage","Cabinets","6","1482","1482","0.25","0.03125","96","48","95.5","47.5","rotation_allowed","1","32.7","67.3","0","true","https://woodcuttool.com/templates/appliance-garage-cut-list/"
"2026-07-18","woodcuttool-maxrects-v1","appliance-garage","Appliance garage","Cabinets","6","1482","1482","0.25","0.03125","96","48","95.5","47.5","orientation_locked","1","32.7","67.3","0","true","https://woodcuttool.com/templates/appliance-garage-cut-list/"
"2026-07-18","woodcuttool-maxrects-v1","appliance-garage","Appliance garage","Cabinets","6","1482","1482","0.25","0.0625","96","48","95.5","47.5","rotation_allowed","1","32.7","67.3","0","true","https://woodcuttool.com/templates/appliance-garage-cut-list/"
"2026-07-18","woodcuttool-maxrects-v1","appliance-garage","Appliance garage","Cabinets","6","1482","1482","0.25","0.0625","96","48","95.5","47.5","orientation_locked","1","32.7","67.3","0","true","https://woodcuttool.com/templates/appliance-garage-cut-list/"
"2026-07-18","woodcuttool-maxrects-v1","appliance-garage","Appliance garage","Cabinets","6","1482","1482","0.25","0.09375","96","48","95.5","47.5","rotation_allowed","1","32.7","67.3","0","true","https://woodcuttool.com/templates/appliance-garage-cut-list/"
"2026-07-18","woodcuttool-maxrects-v1","appliance-garage","Appliance garage","Cabinets","6","1482","1482","0.25","0.09375","96","48","95.5","47.5","orientation_locked","1","32.7","67.3","0","true","https://woodcuttool.com/templates/appliance-garage-cut-list/"
"2026-07-18","woodcuttool-maxrects-v1","appliance-garage","Appliance garage","Cabinets","6","1482","1482","0.25","0.125","96","48","95.5","47.5","rotation_allowed","1","32.7","67.3","0","true","https://woodcuttool.com/templates/appliance-garage-cut-list/"
"2026-07-18","woodcuttool-maxrects-v1","appliance-garage","Appliance garage","Cabinets","6","1482","1482","0.25","0.125","96","48","95.5","47.5","orientation_locked","1","32.7","67.3","0","true","https://woodcuttool.com/templates/appliance-garage-cut-list/"
"2026-07-18","woodcuttool-maxrects-v1","appliance-garage","Appliance garage","Cabinets","6","1482","1482","0.25","0.1875","96","48","95.5","47.5","rotation_allowed","1","32.7","67.3","0","true","https://woodcuttool.com/templates/appliance-garage-cut-list/"
"2026-07-18","woodcuttool-maxrects-v1","appliance-garage","Appliance garage","Cabinets","6","1482","1482","0.25","0.1875","96","48","95.5","47.5","orientation_locked","1","32.7","67.3","0","true","https://woodcuttool.com/templates/appliance-garage-cut-list/"
"2026-07-18","woodcuttool-maxrects-v1","appliance-garage","Appliance garage","Cabinets","6","1482","1482","0.25","0.25","96","48","95.5","47.5","rotation_allowed","1","32.7","67.3","0","true","https://woodcuttool.com/templates/appliance-garage-cut-list/"
"2026-07-18","woodcuttool-maxrects-v1","appliance-garage","Appliance garage","Cabinets","6","1482","1482","0.25","0.25","96","48","95.5","47.5","orientation_locked","1","32.7","67.3","0","true","https://woodcuttool.com/templates/appliance-garage-cut-list/"
"2026-07-18","woodcuttool-maxrects-v1","appliance-garage","Appliance garage","Cabinets","6","1482","1482","0.5","0","96","48","95","47","rotation_allowed","1","33.2","66.8","0","true","https://woodcuttool.com/templates/appliance-garage-cut-list/"
"2026-07-18","woodcuttool-maxrects-v1","appliance-garage","Appliance garage","Cabinets","6","1482","1482","0.5","0","96","48","95","47","orientation_locked","1","33.2","66.8","0","true","https://woodcuttool.com/templates/appliance-garage-cut-list/"
"2026-07-18","woodcuttool-maxrects-v1","appliance-garage","Appliance garage","Cabinets","6","1482","1482","0.5","0.03125","96","48","95","47","rotation_allowed","1","33.2","66.8","0","true","https://woodcuttool.com/templates/appliance-garage-cut-list/"
"2026-07-18","woodcuttool-maxrects-v1","appliance-garage","Appliance garage","Cabinets","6","1482","1482","0.5","0.03125","96","48","95","47","orientation_locked","1","33.2","66.8","0","true","https://woodcuttool.com/templates/appliance-garage-cut-list/"
"2026-07-18","woodcuttool-maxrects-v1","appliance-garage","Appliance garage","Cabinets","6","1482","1482","0.5","0.0625","96","48","95","47","rotation_allowed","1","33.2","66.8","0","true","https://woodcuttool.com/templates/appliance-garage-cut-list/"
"2026-07-18","woodcuttool-maxrects-v1","appliance-garage","Appliance garage","Cabinets","6","1482","1482","0.5","0.0625","96","48","95","47","orientation_locked","1","33.2","66.8","0","true","https://woodcuttool.com/templates/appliance-garage-cut-list/"
"2026-07-18","woodcuttool-maxrects-v1","appliance-garage","Appliance garage","Cabinets","6","1482","1482","0.5","0.09375","96","48","95","47","rotation_allowed","1","33.2","66.8","0","true","https://woodcuttool.com/templates/appliance-garage-cut-list/"
"2026-07-18","woodcuttool-maxrects-v1","appliance-garage","Appliance garage","Cabinets","6","1482","1482","0.5","0.09375","96","48","95","47","orientation_locked","1","33.2","66.8","0","true","https://woodcuttool.com/templates/appliance-garage-cut-list/"
"2026-07-18","woodcuttool-maxrects-v1","appliance-garage","Appliance garage","Cabinets","6","1482","1482","0.5","0.125","96","48","95","47","rotation_allowed","1","33.2","66.8","0","true","https://woodcuttool.com/templates/appliance-garage-cut-list/"
"2026-07-18","woodcuttool-maxrects-v1","appliance-garage","Appliance garage","Cabinets","6","1482","1482","0.5","0.125","96","48","95","47","orientation_locked","1","33.2","66.8","0","true","https://woodcuttool.com/templates/appliance-garage-cut-list/"
"2026-07-18","woodcuttool-maxrects-v1","appliance-garage","Appliance garage","Cabinets","6","1482","1482","0.5","0.1875","96","48","95","47","rotation_allowed","1","33.2","66.8","0","true","https://woodcuttool.com/templates/appliance-garage-cut-list/"
"2026-07-18","woodcuttool-maxrects-v1","appliance-garage","Appliance garage","Cabinets","6","1482","1482","0.5","0.1875","96","48","95","47","orientation_locked","1","33.2","66.8","0","true","https://woodcuttool.com/templates/appliance-garage-cut-list/"
"2026-07-18","woodcuttool-maxrects-v1","appliance-garage","Appliance garage","Cabinets","6","1482","1482","0.5","0.25","96","48","95","47","rotation_allowed","1","33.2","66.8","0","true","https://woodcuttool.com/templates/appliance-garage-cut-list/"
"2026-07-18","woodcuttool-maxrects-v1","appliance-garage","Appliance garage","Cabinets","6","1482","1482","0.5","0.25","96","48","95","47","orientation_locked","1","33.2","66.8","0","true","https://woodcuttool.com/templates/appliance-garage-cut-list/"
"2026-07-18","woodcuttool-maxrects-v1","appliance-garage","Appliance garage","Cabinets","6","1482","1482","1","0","96","48","94","46","rotation_allowed","1","34.3","65.7","0","true","https://woodcuttool.com/templates/appliance-garage-cut-list/"
"2026-07-18","woodcuttool-maxrects-v1","appliance-garage","Appliance garage","Cabinets","6","1482","1482","1","0","96","48","94","46","orientation_locked","1","34.3","65.7","0","true","https://woodcuttool.com/templates/appliance-garage-cut-list/"
"2026-07-18","woodcuttool-maxrects-v1","appliance-garage","Appliance garage","Cabinets","6","1482","1482","1","0.03125","96","48","94","46","rotation_allowed","1","34.3","65.7","0","true","https://woodcuttool.com/templates/appliance-garage-cut-list/"
"2026-07-18","woodcuttool-maxrects-v1","appliance-garage","Appliance garage","Cabinets","6","1482","1482","1","0.03125","96","48","94","46","orientation_locked","1","34.3","65.7","0","true","https://woodcuttool.com/templates/appliance-garage-cut-list/"
"2026-07-18","woodcuttool-maxrects-v1","appliance-garage","Appliance garage","Cabinets","6","1482","1482","1","0.0625","96","48","94","46","rotation_allowed","1","34.3","65.7","0","true","https://woodcuttool.com/templates/appliance-garage-cut-list/"
"2026-07-18","woodcuttool-maxrects-v1","appliance-garage","Appliance garage","Cabinets","6","1482","1482","1","0.0625","96","48","94","46","orientation_locked","1","34.3","65.7","0","true","https://woodcuttool.com/templates/appliance-garage-cut-list/"
"2026-07-18","woodcuttool-maxrects-v1","appliance-garage","Appliance garage","Cabinets","6","1482","1482","1","0.09375","96","48","94","46","rotation_allowed","1","34.3","65.7","0","true","https://woodcuttool.com/templates/appliance-garage-cut-list/"
"2026-07-18","woodcuttool-maxrects-v1","appliance-garage","Appliance garage","Cabinets","6","1482","1482","1","0.09375","96","48","94","46","orientation_locked","1","34.3","65.7","0","true","https://woodcuttool.com/templates/appliance-garage-cut-list/"
"2026-07-18","woodcuttool-maxrects-v1","appliance-garage","Appliance garage","Cabinets","6","1482","1482","1","0.125","96","48","94","46","rotation_allowed","1","34.3","65.7","0","true","https://woodcuttool.com/templates/appliance-garage-cut-list/"
"2026-07-18","woodcuttool-maxrects-v1","appliance-garage","Appliance garage","Cabinets","6","1482","1482","1","0.125","96","48","94","46","orientation_locked","1","34.3","65.7","0","true","https://woodcuttool.com/templates/appliance-garage-cut-list/"
"2026-07-18","woodcuttool-maxrects-v1","appliance-garage","Appliance garage","Cabinets","6","1482","1482","1","0.1875","96","48","94","46","rotation_allowed","1","34.3","65.7","0","true","https://woodcuttool.com/templates/appliance-garage-cut-list/"
"2026-07-18","woodcuttool-maxrects-v1","appliance-garage","Appliance garage","Cabinets","6","1482","1482","1","0.1875","96","48","94","46","orientation_locked","1","34.3","65.7","0","true","https://woodcuttool.com/templates/appliance-garage-cut-list/"
"2026-07-18","woodcuttool-maxrects-v1","appliance-garage","Appliance garage","Cabinets","6","1482","1482","1","0.25","96","48","94","46","rotation_allowed","1","34.3","65.7","0","true","https://woodcuttool.com/templates/appliance-garage-cut-list/"
"2026-07-18","woodcuttool-maxrects-v1","appliance-garage","Appliance garage","Cabinets","6","1482","1482","1","0.25","96","48","94","46","orientation_locked","1","34.3","65.7","0","true","https://woodcuttool.com/templates/appliance-garage-cut-list/"
"2026-07-18","woodcuttool-maxrects-v1","microwave-shelf-cabinet","Microwave shelf cabinet","Cabinets","8","2792.3","2792.3","0","0","96","48","96","48","rotation_allowed","1","60.6","39.4","0","true","https://woodcuttool.com/templates/microwave-shelf-cabinet-cut-list/"
"2026-07-18","woodcuttool-maxrects-v1","microwave-shelf-cabinet","Microwave shelf cabinet","Cabinets","8","2792.3","2792.3","0","0","96","48","96","48","orientation_locked","1","60.6","39.4","0","true","https://woodcuttool.com/templates/microwave-shelf-cabinet-cut-list/"
"2026-07-18","woodcuttool-maxrects-v1","microwave-shelf-cabinet","Microwave shelf cabinet","Cabinets","8","2792.3","2792.3","0","0.03125","96","48","96","48","rotation_allowed","1","60.6","39.4","0","true","https://woodcuttool.com/templates/microwave-shelf-cabinet-cut-list/"
"2026-07-18","woodcuttool-maxrects-v1","microwave-shelf-cabinet","Microwave shelf cabinet","Cabinets","8","2792.3","2792.3","0","0.03125","96","48","96","48","orientation_locked","1","60.6","39.4","0","true","https://woodcuttool.com/templates/microwave-shelf-cabinet-cut-list/"
"2026-07-18","woodcuttool-maxrects-v1","microwave-shelf-cabinet","Microwave shelf cabinet","Cabinets","8","2792.3","2792.3","0","0.0625","96","48","96","48","rotation_allowed","1","60.6","39.4","0","true","https://woodcuttool.com/templates/microwave-shelf-cabinet-cut-list/"
"2026-07-18","woodcuttool-maxrects-v1","microwave-shelf-cabinet","Microwave shelf cabinet","Cabinets","8","2792.3","2792.3","0","0.0625","96","48","96","48","orientation_locked","1","60.6","39.4","0","true","https://woodcuttool.com/templates/microwave-shelf-cabinet-cut-list/"
"2026-07-18","woodcuttool-maxrects-v1","microwave-shelf-cabinet","Microwave shelf cabinet","Cabinets","8","2792.3","2792.3","0","0.09375","96","48","96","48","rotation_allowed","1","60.6","39.4","0","true","https://woodcuttool.com/templates/microwave-shelf-cabinet-cut-list/"
"2026-07-18","woodcuttool-maxrects-v1","microwave-shelf-cabinet","Microwave shelf cabinet","Cabinets","8","2792.3","2792.3","0","0.09375","96","48","96","48","orientation_locked","1","60.6","39.4","0","true","https://woodcuttool.com/templates/microwave-shelf-cabinet-cut-list/"
"2026-07-18","woodcuttool-maxrects-v1","microwave-shelf-cabinet","Microwave shelf cabinet","Cabinets","8","2792.3","2792.3","0","0.125","96","48","96","48","rotation_allowed","1","60.6","39.4","0","true","https://woodcuttool.com/templates/microwave-shelf-cabinet-cut-list/"
"2026-07-18","woodcuttool-maxrects-v1","microwave-shelf-cabinet","Microwave shelf cabinet","Cabinets","8","2792.3","2792.3","0","0.125","96","48","96","48","orientation_locked","1","60.6","39.4","0","true","https://woodcuttool.com/templates/microwave-shelf-cabinet-cut-list/"
"2026-07-18","woodcuttool-maxrects-v1","microwave-shelf-cabinet","Microwave shelf cabinet","Cabinets","8","2792.3","2792.3","0","0.1875","96","48","96","48","rotation_allowed","1","60.6","39.4","0","true","https://woodcuttool.com/templates/microwave-shelf-cabinet-cut-list/"
"2026-07-18","woodcuttool-maxrects-v1","microwave-shelf-cabinet","Microwave shelf cabinet","Cabinets","8","2792.3","2792.3","0","0.1875","96","48","96","48","orientation_locked","1","60.6","39.4","0","true","https://woodcuttool.com/templates/microwave-shelf-cabinet-cut-list/"
"2026-07-18","woodcuttool-maxrects-v1","microwave-shelf-cabinet","Microwave shelf cabinet","Cabinets","8","2792.3","2792.3","0","0.25","96","48","96","48","rotation_allowed","1","60.6","39.4","0","true","https://woodcuttool.com/templates/microwave-shelf-cabinet-cut-list/"
"2026-07-18","woodcuttool-maxrects-v1","microwave-shelf-cabinet","Microwave shelf cabinet","Cabinets","8","2792.3","2792.3","0","0.25","96","48","96","48","orientation_locked","1","60.6","39.4","0","true","https://woodcuttool.com/templates/microwave-shelf-cabinet-cut-list/"
"2026-07-18","woodcuttool-maxrects-v1","microwave-shelf-cabinet","Microwave shelf cabinet","Cabinets","8","2792.3","2792.3","0.125","0","96","48","95.75","47.75","rotation_allowed","1","61.1","38.9","0","true","https://woodcuttool.com/templates/microwave-shelf-cabinet-cut-list/"
"2026-07-18","woodcuttool-maxrects-v1","microwave-shelf-cabinet","Microwave shelf cabinet","Cabinets","8","2792.3","2792.3","0.125","0","96","48","95.75","47.75","orientation_locked","1","61.1","38.9","0","true","https://woodcuttool.com/templates/microwave-shelf-cabinet-cut-list/"
"2026-07-18","woodcuttool-maxrects-v1","microwave-shelf-cabinet","Microwave shelf cabinet","Cabinets","8","2792.3","2792.3","0.125","0.03125","96","48","95.75","47.75","rotation_allowed","1","61.1","38.9","0","true","https://woodcuttool.com/templates/microwave-shelf-cabinet-cut-list/"
"2026-07-18","woodcuttool-maxrects-v1","microwave-shelf-cabinet","Microwave shelf cabinet","Cabinets","8","2792.3","2792.3","0.125","0.03125","96","48","95.75","47.75","orientation_locked","1","61.1","38.9","0","true","https://woodcuttool.com/templates/microwave-shelf-cabinet-cut-list/"
"2026-07-18","woodcuttool-maxrects-v1","microwave-shelf-cabinet","Microwave shelf cabinet","Cabinets","8","2792.3","2792.3","0.125","0.0625","96","48","95.75","47.75","rotation_allowed","1","61.1","38.9","0","true","https://woodcuttool.com/templates/microwave-shelf-cabinet-cut-list/"
"2026-07-18","woodcuttool-maxrects-v1","microwave-shelf-cabinet","Microwave shelf cabinet","Cabinets","8","2792.3","2792.3","0.125","0.0625","96","48","95.75","47.75","orientation_locked","1","61.1","38.9","0","true","https://woodcuttool.com/templates/microwave-shelf-cabinet-cut-list/"
"2026-07-18","woodcuttool-maxrects-v1","microwave-shelf-cabinet","Microwave shelf cabinet","Cabinets","8","2792.3","2792.3","0.125","0.09375","96","48","95.75","47.75","rotation_allowed","1","61.1","38.9","0","true","https://woodcuttool.com/templates/microwave-shelf-cabinet-cut-list/"
"2026-07-18","woodcuttool-maxrects-v1","microwave-shelf-cabinet","Microwave shelf cabinet","Cabinets","8","2792.3","2792.3","0.125","0.09375","96","48","95.75","47.75","orientation_locked","1","61.1","38.9","0","true","https://woodcuttool.com/templates/microwave-shelf-cabinet-cut-list/"
"2026-07-18","woodcuttool-maxrects-v1","microwave-shelf-cabinet","Microwave shelf cabinet","Cabinets","8","2792.3","2792.3","0.125","0.125","96","48","95.75","47.75","rotation_allowed","1","61.1","38.9","0","true","https://woodcuttool.com/templates/microwave-shelf-cabinet-cut-list/"
"2026-07-18","woodcuttool-maxrects-v1","microwave-shelf-cabinet","Microwave shelf cabinet","Cabinets","8","2792.3","2792.3","0.125","0.125","96","48","95.75","47.75","orientation_locked","1","61.1","38.9","0","true","https://woodcuttool.com/templates/microwave-shelf-cabinet-cut-list/"
"2026-07-18","woodcuttool-maxrects-v1","microwave-shelf-cabinet","Microwave shelf cabinet","Cabinets","8","2792.3","2792.3","0.125","0.1875","96","48","95.75","47.75","rotation_allowed","1","61.1","38.9","0","true","https://woodcuttool.com/templates/microwave-shelf-cabinet-cut-list/"
"2026-07-18","woodcuttool-maxrects-v1","microwave-shelf-cabinet","Microwave shelf cabinet","Cabinets","8","2792.3","2792.3","0.125","0.1875","96","48","95.75","47.75","orientation_locked","1","61.1","38.9","0","true","https://woodcuttool.com/templates/microwave-shelf-cabinet-cut-list/"
"2026-07-18","woodcuttool-maxrects-v1","microwave-shelf-cabinet","Microwave shelf cabinet","Cabinets","8","2792.3","2792.3","0.125","0.25","96","48","95.75","47.75","rotation_allowed","1","61.1","38.9","0","true","https://woodcuttool.com/templates/microwave-shelf-cabinet-cut-list/"
"2026-07-18","woodcuttool-maxrects-v1","microwave-shelf-cabinet","Microwave shelf cabinet","Cabinets","8","2792.3","2792.3","0.125","0.25","96","48","95.75","47.75","orientation_locked","1","61.1","38.9","0","true","https://woodcuttool.com/templates/microwave-shelf-cabinet-cut-list/"
"2026-07-18","woodcuttool-maxrects-v1","microwave-shelf-cabinet","Microwave shelf cabinet","Cabinets","8","2792.3","2792.3","0.25","0","96","48","95.5","47.5","rotation_allowed","1","61.6","38.4","0","true","https://woodcuttool.com/templates/microwave-shelf-cabinet-cut-list/"
"2026-07-18","woodcuttool-maxrects-v1","microwave-shelf-cabinet","Microwave shelf cabinet","Cabinets","8","2792.3","2792.3","0.25","0","96","48","95.5","47.5","orientation_locked","1","61.6","38.4","0","true","https://woodcuttool.com/templates/microwave-shelf-cabinet-cut-list/"
"2026-07-18","woodcuttool-maxrects-v1","microwave-shelf-cabinet","Microwave shelf cabinet","Cabinets","8","2792.3","2792.3","0.25","0.03125","96","48","95.5","47.5","rotation_allowed","1","61.6","38.4","0","true","https://woodcuttool.com/templates/microwave-shelf-cabinet-cut-list/"
"2026-07-18","woodcuttool-maxrects-v1","microwave-shelf-cabinet","Microwave shelf cabinet","Cabinets","8","2792.3","2792.3","0.25","0.03125","96","48","95.5","47.5","orientation_locked","1","61.6","38.4","0","true","https://woodcuttool.com/templates/microwave-shelf-cabinet-cut-list/"
"2026-07-18","woodcuttool-maxrects-v1","microwave-shelf-cabinet","Microwave shelf cabinet","Cabinets","8","2792.3","2792.3","0.25","0.0625","96","48","95.5","47.5","rotation_allowed","1","61.6","38.4","0","true","https://woodcuttool.com/templates/microwave-shelf-cabinet-cut-list/"
"2026-07-18","woodcuttool-maxrects-v1","microwave-shelf-cabinet","Microwave shelf cabinet","Cabinets","8","2792.3","2792.3","0.25","0.0625","96","48","95.5","47.5","orientation_locked","1","61.6","38.4","0","true","https://woodcuttool.com/templates/microwave-shelf-cabinet-cut-list/"
"2026-07-18","woodcuttool-maxrects-v1","microwave-shelf-cabinet","Microwave shelf cabinet","Cabinets","8","2792.3","2792.3","0.25","0.09375","96","48","95.5","47.5","rotation_allowed","1","61.6","38.4","0","true","https://woodcuttool.com/templates/microwave-shelf-cabinet-cut-list/"
"2026-07-18","woodcuttool-maxrects-v1","microwave-shelf-cabinet","Microwave shelf cabinet","Cabinets","8","2792.3","2792.3","0.25","0.09375","96","48","95.5","47.5","orientation_locked","1","61.6","38.4","0","true","https://woodcuttool.com/templates/microwave-shelf-cabinet-cut-list/"
"2026-07-18","woodcuttool-maxrects-v1","microwave-shelf-cabinet","Microwave shelf cabinet","Cabinets","8","2792.3","2792.3","0.25","0.125","96","48","95.5","47.5","rotation_allowed","1","61.6","38.4","0","true","https://woodcuttool.com/templates/microwave-shelf-cabinet-cut-list/"
"2026-07-18","woodcuttool-maxrects-v1","microwave-shelf-cabinet","Microwave shelf cabinet","Cabinets","8","2792.3","2792.3","0.25","0.125","96","48","95.5","47.5","orientation_locked","1","61.6","38.4","0","true","https://woodcuttool.com/templates/microwave-shelf-cabinet-cut-list/"
"2026-07-18","woodcuttool-maxrects-v1","microwave-shelf-cabinet","Microwave shelf cabinet","Cabinets","8","2792.3","2792.3","0.25","0.1875","96","48","95.5","47.5","rotation_allowed","1","61.6","38.4","0","true","https://woodcuttool.com/templates/microwave-shelf-cabinet-cut-list/"
"2026-07-18","woodcuttool-maxrects-v1","microwave-shelf-cabinet","Microwave shelf cabinet","Cabinets","8","2792.3","2792.3","0.25","0.1875","96","48","95.5","47.5","orientation_locked","1","61.6","38.4","0","true","https://woodcuttool.com/templates/microwave-shelf-cabinet-cut-list/"
"2026-07-18","woodcuttool-maxrects-v1","microwave-shelf-cabinet","Microwave shelf cabinet","Cabinets","8","2792.3","2792.3","0.25","0.25","96","48","95.5","47.5","rotation_allowed","1","61.6","38.4","0","true","https://woodcuttool.com/templates/microwave-shelf-cabinet-cut-list/"
"2026-07-18","woodcuttool-maxrects-v1","microwave-shelf-cabinet","Microwave shelf cabinet","Cabinets","8","2792.3","2792.3","0.25","0.25","96","48","95.5","47.5","orientation_locked","1","61.6","38.4","0","true","https://woodcuttool.com/templates/microwave-shelf-cabinet-cut-list/"
"2026-07-18","woodcuttool-maxrects-v1","microwave-shelf-cabinet","Microwave shelf cabinet","Cabinets","8","2792.3","2792.3","0.5","0","96","48","95","47","rotation_allowed","1","62.5","37.5","0","true","https://woodcuttool.com/templates/microwave-shelf-cabinet-cut-list/"
"2026-07-18","woodcuttool-maxrects-v1","microwave-shelf-cabinet","Microwave shelf cabinet","Cabinets","8","2792.3","2792.3","0.5","0","96","48","95","47","orientation_locked","1","62.5","37.5","0","true","https://woodcuttool.com/templates/microwave-shelf-cabinet-cut-list/"
"2026-07-18","woodcuttool-maxrects-v1","microwave-shelf-cabinet","Microwave shelf cabinet","Cabinets","8","2792.3","2792.3","0.5","0.03125","96","48","95","47","rotation_allowed","1","62.5","37.5","0","true","https://woodcuttool.com/templates/microwave-shelf-cabinet-cut-list/"
"2026-07-18","woodcuttool-maxrects-v1","microwave-shelf-cabinet","Microwave shelf cabinet","Cabinets","8","2792.3","2792.3","0.5","0.03125","96","48","95","47","orientation_locked","1","62.5","37.5","0","true","https://woodcuttool.com/templates/microwave-shelf-cabinet-cut-list/"
"2026-07-18","woodcuttool-maxrects-v1","microwave-shelf-cabinet","Microwave shelf cabinet","Cabinets","8","2792.3","2792.3","0.5","0.0625","96","48","95","47","rotation_allowed","1","62.5","37.5","0","true","https://woodcuttool.com/templates/microwave-shelf-cabinet-cut-list/"
"2026-07-18","woodcuttool-maxrects-v1","microwave-shelf-cabinet","Microwave shelf cabinet","Cabinets","8","2792.3","2792.3","0.5","0.0625","96","48","95","47","orientation_locked","1","62.5","37.5","0","true","https://woodcuttool.com/templates/microwave-shelf-cabinet-cut-list/"
"2026-07-18","woodcuttool-maxrects-v1","microwave-shelf-cabinet","Microwave shelf cabinet","Cabinets","8","2792.3","2792.3","0.5","0.09375","96","48","95","47","rotation_allowed","1","62.5","37.5","0","true","https://woodcuttool.com/templates/microwave-shelf-cabinet-cut-list/"
"2026-07-18","woodcuttool-maxrects-v1","microwave-shelf-cabinet","Microwave shelf cabinet","Cabinets","8","2792.3","2792.3","0.5","0.09375","96","48","95","47","orientation_locked","1","62.5","37.5","0","true","https://woodcuttool.com/templates/microwave-shelf-cabinet-cut-list/"
"2026-07-18","woodcuttool-maxrects-v1","microwave-shelf-cabinet","Microwave shelf cabinet","Cabinets","8","2792.3","2792.3","0.5","0.125","96","48","95","47","rotation_allowed","1","62.5","37.5","0","true","https://woodcuttool.com/templates/microwave-shelf-cabinet-cut-list/"
"2026-07-18","woodcuttool-maxrects-v1","microwave-shelf-cabinet","Microwave shelf cabinet","Cabinets","8","2792.3","2792.3","0.5","0.125","96","48","95","47","orientation_locked","1","62.5","37.5","0","true","https://woodcuttool.com/templates/microwave-shelf-cabinet-cut-list/"
"2026-07-18","woodcuttool-maxrects-v1","microwave-shelf-cabinet","Microwave shelf cabinet","Cabinets","8","2792.3","2792.3","0.5","0.1875","96","48","95","47","rotation_allowed","1","62.5","37.5","0","true","https://woodcuttool.com/templates/microwave-shelf-cabinet-cut-list/"
"2026-07-18","woodcuttool-maxrects-v1","microwave-shelf-cabinet","Microwave shelf cabinet","Cabinets","8","2792.3","2792.3","0.5","0.1875","96","48","95","47","orientation_locked","1","62.5","37.5","0","true","https://woodcuttool.com/templates/microwave-shelf-cabinet-cut-list/"
"2026-07-18","woodcuttool-maxrects-v1","microwave-shelf-cabinet","Microwave shelf cabinet","Cabinets","8","2792.3","2792.3","0.5","0.25","96","48","95","47","rotation_allowed","1","62.5","37.5","0","true","https://woodcuttool.com/templates/microwave-shelf-cabinet-cut-list/"
"2026-07-18","woodcuttool-maxrects-v1","microwave-shelf-cabinet","Microwave shelf cabinet","Cabinets","8","2792.3","2792.3","0.5","0.25","96","48","95","47","orientation_locked","1","62.5","37.5","0","true","https://woodcuttool.com/templates/microwave-shelf-cabinet-cut-list/"
"2026-07-18","woodcuttool-maxrects-v1","microwave-shelf-cabinet","Microwave shelf cabinet","Cabinets","8","2792.3","2792.3","1","0","96","48","94","46","rotation_allowed","1","64.6","35.4","0","true","https://woodcuttool.com/templates/microwave-shelf-cabinet-cut-list/"
"2026-07-18","woodcuttool-maxrects-v1","microwave-shelf-cabinet","Microwave shelf cabinet","Cabinets","8","2792.3","2792.3","1","0","96","48","94","46","orientation_locked","1","64.6","35.4","0","true","https://woodcuttool.com/templates/microwave-shelf-cabinet-cut-list/"
"2026-07-18","woodcuttool-maxrects-v1","microwave-shelf-cabinet","Microwave shelf cabinet","Cabinets","8","2792.3","2792.3","1","0.03125","96","48","94","46","rotation_allowed","1","64.6","35.4","0","true","https://woodcuttool.com/templates/microwave-shelf-cabinet-cut-list/"
"2026-07-18","woodcuttool-maxrects-v1","microwave-shelf-cabinet","Microwave shelf cabinet","Cabinets","8","2792.3","2792.3","1","0.03125","96","48","94","46","orientation_locked","1","64.6","35.4","0","true","https://woodcuttool.com/templates/microwave-shelf-cabinet-cut-list/"
"2026-07-18","woodcuttool-maxrects-v1","microwave-shelf-cabinet","Microwave shelf cabinet","Cabinets","8","2792.3","2792.3","1","0.0625","96","48","94","46","rotation_allowed","1","64.6","35.4","0","true","https://woodcuttool.com/templates/microwave-shelf-cabinet-cut-list/"
"2026-07-18","woodcuttool-maxrects-v1","microwave-shelf-cabinet","Microwave shelf cabinet","Cabinets","8","2792.3","2792.3","1","0.0625","96","48","94","46","orientation_locked","1","64.6","35.4","0","true","https://woodcuttool.com/templates/microwave-shelf-cabinet-cut-list/"
"2026-07-18","woodcuttool-maxrects-v1","microwave-shelf-cabinet","Microwave shelf cabinet","Cabinets","8","2792.3","2792.3","1","0.09375","96","48","94","46","rotation_allowed","1","64.6","35.4","0","true","https://woodcuttool.com/templates/microwave-shelf-cabinet-cut-list/"
"2026-07-18","woodcuttool-maxrects-v1","microwave-shelf-cabinet","Microwave shelf cabinet","Cabinets","8","2792.3","2792.3","1","0.09375","96","48","94","46","orientation_locked","1","64.6","35.4","0","true","https://woodcuttool.com/templates/microwave-shelf-cabinet-cut-list/"
"2026-07-18","woodcuttool-maxrects-v1","microwave-shelf-cabinet","Microwave shelf cabinet","Cabinets","8","2792.3","2792.3","1","0.125","96","48","94","46","rotation_allowed","1","64.6","35.4","0","true","https://woodcuttool.com/templates/microwave-shelf-cabinet-cut-list/"
"2026-07-18","woodcuttool-maxrects-v1","microwave-shelf-cabinet","Microwave shelf cabinet","Cabinets","8","2792.3","2792.3","1","0.125","96","48","94","46","orientation_locked","1","64.6","35.4","0","true","https://woodcuttool.com/templates/microwave-shelf-cabinet-cut-list/"
"2026-07-18","woodcuttool-maxrects-v1","microwave-shelf-cabinet","Microwave shelf cabinet","Cabinets","8","2792.3","2792.3","1","0.1875","96","48","94","46","rotation_allowed","1","64.6","35.4","0","true","https://woodcuttool.com/templates/microwave-shelf-cabinet-cut-list/"
"2026-07-18","woodcuttool-maxrects-v1","microwave-shelf-cabinet","Microwave shelf cabinet","Cabinets","8","2792.3","2792.3","1","0.1875","96","48","94","46","orientation_locked","1","64.6","35.4","0","true","https://woodcuttool.com/templates/microwave-shelf-cabinet-cut-list/"
"2026-07-18","woodcuttool-maxrects-v1","microwave-shelf-cabinet","Microwave shelf cabinet","Cabinets","8","2792.3","2792.3","1","0.25","96","48","94","46","rotation_allowed","1","64.6","35.4","0","true","https://woodcuttool.com/templates/microwave-shelf-cabinet-cut-list/"
"2026-07-18","woodcuttool-maxrects-v1","microwave-shelf-cabinet","Microwave shelf cabinet","Cabinets","8","2792.3","2792.3","1","0.25","96","48","94","46","orientation_locked","1","64.6","35.4","0","true","https://woodcuttool.com/templates/microwave-shelf-cabinet-cut-list/"
"2026-07-18","woodcuttool-maxrects-v1","closet-tower","Closet tower","Storage","10","4425.8","4425.8","0","0","96","48","96","48","rotation_allowed","2","48","52","0","true","https://woodcuttool.com/templates/closet-tower-cut-list/"
"2026-07-18","woodcuttool-maxrects-v1","closet-tower","Closet tower","Storage","10","4425.8","4425.8","0","0","96","48","96","48","orientation_locked","2","48","52","0","true","https://woodcuttool.com/templates/closet-tower-cut-list/"
"2026-07-18","woodcuttool-maxrects-v1","closet-tower","Closet tower","Storage","10","4425.8","4425.8","0","0.03125","96","48","96","48","rotation_allowed","2","48","52","0","true","https://woodcuttool.com/templates/closet-tower-cut-list/"
"2026-07-18","woodcuttool-maxrects-v1","closet-tower","Closet tower","Storage","10","4425.8","4425.8","0","0.03125","96","48","96","48","orientation_locked","2","48","52","0","true","https://woodcuttool.com/templates/closet-tower-cut-list/"
"2026-07-18","woodcuttool-maxrects-v1","closet-tower","Closet tower","Storage","10","4425.8","4425.8","0","0.0625","96","48","96","48","rotation_allowed","2","48","52","0","true","https://woodcuttool.com/templates/closet-tower-cut-list/"
"2026-07-18","woodcuttool-maxrects-v1","closet-tower","Closet tower","Storage","10","4425.8","4425.8","0","0.0625","96","48","96","48","orientation_locked","2","48","52","0","true","https://woodcuttool.com/templates/closet-tower-cut-list/"
"2026-07-18","woodcuttool-maxrects-v1","closet-tower","Closet tower","Storage","10","4425.8","4425.8","0","0.09375","96","48","96","48","rotation_allowed","2","48","52","0","true","https://woodcuttool.com/templates/closet-tower-cut-list/"
"2026-07-18","woodcuttool-maxrects-v1","closet-tower","Closet tower","Storage","10","4425.8","4425.8","0","0.09375","96","48","96","48","orientation_locked","2","48","52","0","true","https://woodcuttool.com/templates/closet-tower-cut-list/"
"2026-07-18","woodcuttool-maxrects-v1","closet-tower","Closet tower","Storage","10","4425.8","4425.8","0","0.125","96","48","96","48","rotation_allowed","2","48","52","0","true","https://woodcuttool.com/templates/closet-tower-cut-list/"
"2026-07-18","woodcuttool-maxrects-v1","closet-tower","Closet tower","Storage","10","4425.8","4425.8","0","0.125","96","48","96","48","orientation_locked","2","48","52","0","true","https://woodcuttool.com/templates/closet-tower-cut-list/"
"2026-07-18","woodcuttool-maxrects-v1","closet-tower","Closet tower","Storage","10","4425.8","4425.8","0","0.1875","96","48","96","48","rotation_allowed","2","48","52","0","true","https://woodcuttool.com/templates/closet-tower-cut-list/"
"2026-07-18","woodcuttool-maxrects-v1","closet-tower","Closet tower","Storage","10","4425.8","4425.8","0","0.1875","96","48","96","48","orientation_locked","2","48","52","0","true","https://woodcuttool.com/templates/closet-tower-cut-list/"
"2026-07-18","woodcuttool-maxrects-v1","closet-tower","Closet tower","Storage","10","4425.8","4425.8","0","0.25","96","48","96","48","rotation_allowed","2","48","52","0","true","https://woodcuttool.com/templates/closet-tower-cut-list/"
"2026-07-18","woodcuttool-maxrects-v1","closet-tower","Closet tower","Storage","10","4425.8","4425.8","0","0.25","96","48","96","48","orientation_locked","2","48","52","0","true","https://woodcuttool.com/templates/closet-tower-cut-list/"
"2026-07-18","woodcuttool-maxrects-v1","closet-tower","Closet tower","Storage","10","4425.8","4425.8","0.125","0","96","48","95.75","47.75","rotation_allowed","2","48.4","51.6","0","true","https://woodcuttool.com/templates/closet-tower-cut-list/"
"2026-07-18","woodcuttool-maxrects-v1","closet-tower","Closet tower","Storage","10","4425.8","4425.8","0.125","0","96","48","95.75","47.75","orientation_locked","2","48.4","51.6","0","true","https://woodcuttool.com/templates/closet-tower-cut-list/"
"2026-07-18","woodcuttool-maxrects-v1","closet-tower","Closet tower","Storage","10","4425.8","4425.8","0.125","0.03125","96","48","95.75","47.75","rotation_allowed","2","48.4","51.6","0","true","https://woodcuttool.com/templates/closet-tower-cut-list/"
"2026-07-18","woodcuttool-maxrects-v1","closet-tower","Closet tower","Storage","10","4425.8","4425.8","0.125","0.03125","96","48","95.75","47.75","orientation_locked","2","48.4","51.6","0","true","https://woodcuttool.com/templates/closet-tower-cut-list/"
"2026-07-18","woodcuttool-maxrects-v1","closet-tower","Closet tower","Storage","10","4425.8","4425.8","0.125","0.0625","96","48","95.75","47.75","rotation_allowed","2","48.4","51.6","0","true","https://woodcuttool.com/templates/closet-tower-cut-list/"
"2026-07-18","woodcuttool-maxrects-v1","closet-tower","Closet tower","Storage","10","4425.8","4425.8","0.125","0.0625","96","48","95.75","47.75","orientation_locked","2","48.4","51.6","0","true","https://woodcuttool.com/templates/closet-tower-cut-list/"
"2026-07-18","woodcuttool-maxrects-v1","closet-tower","Closet tower","Storage","10","4425.8","4425.8","0.125","0.09375","96","48","95.75","47.75","rotation_allowed","2","48.4","51.6","0","true","https://woodcuttool.com/templates/closet-tower-cut-list/"
"2026-07-18","woodcuttool-maxrects-v1","closet-tower","Closet tower","Storage","10","4425.8","4425.8","0.125","0.09375","96","48","95.75","47.75","orientation_locked","2","48.4","51.6","0","true","https://woodcuttool.com/templates/closet-tower-cut-list/"
"2026-07-18","woodcuttool-maxrects-v1","closet-tower","Closet tower","Storage","10","4425.8","4425.8","0.125","0.125","96","48","95.75","47.75","rotation_allowed","2","48.4","51.6","0","true","https://woodcuttool.com/templates/closet-tower-cut-list/"
"2026-07-18","woodcuttool-maxrects-v1","closet-tower","Closet tower","Storage","10","4425.8","4425.8","0.125","0.125","96","48","95.75","47.75","orientation_locked","2","48.4","51.6","0","true","https://woodcuttool.com/templates/closet-tower-cut-list/"
"2026-07-18","woodcuttool-maxrects-v1","closet-tower","Closet tower","Storage","10","4425.8","4425.8","0.125","0.1875","96","48","95.75","47.75","rotation_allowed","2","48.4","51.6","0","true","https://woodcuttool.com/templates/closet-tower-cut-list/"
"2026-07-18","woodcuttool-maxrects-v1","closet-tower","Closet tower","Storage","10","4425.8","4425.8","0.125","0.1875","96","48","95.75","47.75","orientation_locked","2","48.4","51.6","0","true","https://woodcuttool.com/templates/closet-tower-cut-list/"
"2026-07-18","woodcuttool-maxrects-v1","closet-tower","Closet tower","Storage","10","4425.8","4425.8","0.125","0.25","96","48","95.75","47.75","rotation_allowed","2","48.4","51.6","0","true","https://woodcuttool.com/templates/closet-tower-cut-list/"
"2026-07-18","woodcuttool-maxrects-v1","closet-tower","Closet tower","Storage","10","4425.8","4425.8","0.125","0.25","96","48","95.75","47.75","orientation_locked","2","48.4","51.6","0","true","https://woodcuttool.com/templates/closet-tower-cut-list/"
"2026-07-18","woodcuttool-maxrects-v1","closet-tower","Closet tower","Storage","10","4425.8","4425.8","0.25","0","96","48","95.5","47.5","rotation_allowed","2","48.8","51.2","0","true","https://woodcuttool.com/templates/closet-tower-cut-list/"
"2026-07-18","woodcuttool-maxrects-v1","closet-tower","Closet tower","Storage","10","4425.8","4425.8","0.25","0","96","48","95.5","47.5","orientation_locked","2","48.8","51.2","0","true","https://woodcuttool.com/templates/closet-tower-cut-list/"
"2026-07-18","woodcuttool-maxrects-v1","closet-tower","Closet tower","Storage","10","4425.8","4425.8","0.25","0.03125","96","48","95.5","47.5","rotation_allowed","2","48.8","51.2","0","true","https://woodcuttool.com/templates/closet-tower-cut-list/"
"2026-07-18","woodcuttool-maxrects-v1","closet-tower","Closet tower","Storage","10","4425.8","4425.8","0.25","0.03125","96","48","95.5","47.5","orientation_locked","2","48.8","51.2","0","true","https://woodcuttool.com/templates/closet-tower-cut-list/"
"2026-07-18","woodcuttool-maxrects-v1","closet-tower","Closet tower","Storage","10","4425.8","4425.8","0.25","0.0625","96","48","95.5","47.5","rotation_allowed","2","48.8","51.2","0","true","https://woodcuttool.com/templates/closet-tower-cut-list/"
"2026-07-18","woodcuttool-maxrects-v1","closet-tower","Closet tower","Storage","10","4425.8","4425.8","0.25","0.0625","96","48","95.5","47.5","orientation_locked","2","48.8","51.2","0","true","https://woodcuttool.com/templates/closet-tower-cut-list/"
"2026-07-18","woodcuttool-maxrects-v1","closet-tower","Closet tower","Storage","10","4425.8","4425.8","0.25","0.09375","96","48","95.5","47.5","rotation_allowed","2","48.8","51.2","0","true","https://woodcuttool.com/templates/closet-tower-cut-list/"
"2026-07-18","woodcuttool-maxrects-v1","closet-tower","Closet tower","Storage","10","4425.8","4425.8","0.25","0.09375","96","48","95.5","47.5","orientation_locked","2","48.8","51.2","0","true","https://woodcuttool.com/templates/closet-tower-cut-list/"
"2026-07-18","woodcuttool-maxrects-v1","closet-tower","Closet tower","Storage","10","4425.8","4425.8","0.25","0.125","96","48","95.5","47.5","rotation_allowed","2","48.8","51.2","0","true","https://woodcuttool.com/templates/closet-tower-cut-list/"
"2026-07-18","woodcuttool-maxrects-v1","closet-tower","Closet tower","Storage","10","4425.8","4425.8","0.25","0.125","96","48","95.5","47.5","orientation_locked","2","48.8","51.2","0","true","https://woodcuttool.com/templates/closet-tower-cut-list/"
"2026-07-18","woodcuttool-maxrects-v1","closet-tower","Closet tower","Storage","10","4425.8","4425.8","0.25","0.1875","96","48","95.5","47.5","rotation_allowed","2","48.8","51.2","0","true","https://woodcuttool.com/templates/closet-tower-cut-list/"
"2026-07-18","woodcuttool-maxrects-v1","closet-tower","Closet tower","Storage","10","4425.8","4425.8","0.25","0.1875","96","48","95.5","47.5","orientation_locked","2","48.8","51.2","0","true","https://woodcuttool.com/templates/closet-tower-cut-list/"
"2026-07-18","woodcuttool-maxrects-v1","closet-tower","Closet tower","Storage","10","4425.8","4425.8","0.25","0.25","96","48","95.5","47.5","rotation_allowed","2","48.8","51.2","0","true","https://woodcuttool.com/templates/closet-tower-cut-list/"
"2026-07-18","woodcuttool-maxrects-v1","closet-tower","Closet tower","Storage","10","4425.8","4425.8","0.25","0.25","96","48","95.5","47.5","orientation_locked","2","48.8","51.2","0","true","https://woodcuttool.com/templates/closet-tower-cut-list/"
"2026-07-18","woodcuttool-maxrects-v1","closet-tower","Closet tower","Storage","10","4425.8","4425.8","0.5","0","96","48","95","47","rotation_allowed","2","49.6","50.4","0","true","https://woodcuttool.com/templates/closet-tower-cut-list/"
"2026-07-18","woodcuttool-maxrects-v1","closet-tower","Closet tower","Storage","10","4425.8","4425.8","0.5","0","96","48","95","47","orientation_locked","2","49.6","50.4","0","true","https://woodcuttool.com/templates/closet-tower-cut-list/"
"2026-07-18","woodcuttool-maxrects-v1","closet-tower","Closet tower","Storage","10","4425.8","4425.8","0.5","0.03125","96","48","95","47","rotation_allowed","2","49.6","50.4","0","true","https://woodcuttool.com/templates/closet-tower-cut-list/"
"2026-07-18","woodcuttool-maxrects-v1","closet-tower","Closet tower","Storage","10","4425.8","4425.8","0.5","0.03125","96","48","95","47","orientation_locked","2","49.6","50.4","0","true","https://woodcuttool.com/templates/closet-tower-cut-list/"
"2026-07-18","woodcuttool-maxrects-v1","closet-tower","Closet tower","Storage","10","4425.8","4425.8","0.5","0.0625","96","48","95","47","rotation_allowed","2","49.6","50.4","0","true","https://woodcuttool.com/templates/closet-tower-cut-list/"
"2026-07-18","woodcuttool-maxrects-v1","closet-tower","Closet tower","Storage","10","4425.8","4425.8","0.5","0.0625","96","48","95","47","orientation_locked","2","49.6","50.4","0","true","https://woodcuttool.com/templates/closet-tower-cut-list/"
"2026-07-18","woodcuttool-maxrects-v1","closet-tower","Closet tower","Storage","10","4425.8","4425.8","0.5","0.09375","96","48","95","47","rotation_allowed","2","49.6","50.4","0","true","https://woodcuttool.com/templates/closet-tower-cut-list/"
"2026-07-18","woodcuttool-maxrects-v1","closet-tower","Closet tower","Storage","10","4425.8","4425.8","0.5","0.09375","96","48","95","47","orientation_locked","2","49.6","50.4","0","true","https://woodcuttool.com/templates/closet-tower-cut-list/"
"2026-07-18","woodcuttool-maxrects-v1","closet-tower","Closet tower","Storage","10","4425.8","4425.8","0.5","0.125","96","48","95","47","rotation_allowed","2","49.6","50.4","0","true","https://woodcuttool.com/templates/closet-tower-cut-list/"
"2026-07-18","woodcuttool-maxrects-v1","closet-tower","Closet tower","Storage","10","4425.8","4425.8","0.5","0.125","96","48","95","47","orientation_locked","2","49.6","50.4","0","true","https://woodcuttool.com/templates/closet-tower-cut-list/"
"2026-07-18","woodcuttool-maxrects-v1","closet-tower","Closet tower","Storage","10","4425.8","4425.8","0.5","0.1875","96","48","95","47","rotation_allowed","2","49.6","50.4","0","true","https://woodcuttool.com/templates/closet-tower-cut-list/"
"2026-07-18","woodcuttool-maxrects-v1","closet-tower","Closet tower","Storage","10","4425.8","4425.8","0.5","0.1875","96","48","95","47","orientation_locked","2","49.6","50.4","0","true","https://woodcuttool.com/templates/closet-tower-cut-list/"
"2026-07-18","woodcuttool-maxrects-v1","closet-tower","Closet tower","Storage","10","4425.8","4425.8","0.5","0.25","96","48","95","47","rotation_allowed","2","49.6","50.4","0","true","https://woodcuttool.com/templates/closet-tower-cut-list/"
"2026-07-18","woodcuttool-maxrects-v1","closet-tower","Closet tower","Storage","10","4425.8","4425.8","0.5","0.25","96","48","95","47","orientation_locked","2","49.6","50.4","0","true","https://woodcuttool.com/templates/closet-tower-cut-list/"
"2026-07-18","woodcuttool-maxrects-v1","closet-tower","Closet tower","Storage","10","4425.8","4425.8","1","0","96","48","94","46","rotation_allowed","2","51.2","48.8","0","true","https://woodcuttool.com/templates/closet-tower-cut-list/"
"2026-07-18","woodcuttool-maxrects-v1","closet-tower","Closet tower","Storage","10","4425.8","4425.8","1","0","96","48","94","46","orientation_locked","2","51.2","48.8","0","true","https://woodcuttool.com/templates/closet-tower-cut-list/"
"2026-07-18","woodcuttool-maxrects-v1","closet-tower","Closet tower","Storage","10","4425.8","4425.8","1","0.03125","96","48","94","46","rotation_allowed","2","51.2","48.8","0","true","https://woodcuttool.com/templates/closet-tower-cut-list/"
"2026-07-18","woodcuttool-maxrects-v1","closet-tower","Closet tower","Storage","10","4425.8","4425.8","1","0.03125","96","48","94","46","orientation_locked","2","51.2","48.8","0","true","https://woodcuttool.com/templates/closet-tower-cut-list/"
"2026-07-18","woodcuttool-maxrects-v1","closet-tower","Closet tower","Storage","10","4425.8","4425.8","1","0.0625","96","48","94","46","rotation_allowed","2","51.2","48.8","0","true","https://woodcuttool.com/templates/closet-tower-cut-list/"
"2026-07-18","woodcuttool-maxrects-v1","closet-tower","Closet tower","Storage","10","4425.8","4425.8","1","0.0625","96","48","94","46","orientation_locked","2","51.2","48.8","0","true","https://woodcuttool.com/templates/closet-tower-cut-list/"
"2026-07-18","woodcuttool-maxrects-v1","closet-tower","Closet tower","Storage","10","4425.8","4425.8","1","0.09375","96","48","94","46","rotation_allowed","2","51.2","48.8","0","true","https://woodcuttool.com/templates/closet-tower-cut-list/"
"2026-07-18","woodcuttool-maxrects-v1","closet-tower","Closet tower","Storage","10","4425.8","4425.8","1","0.09375","96","48","94","46","orientation_locked","2","51.2","48.8","0","true","https://woodcuttool.com/templates/closet-tower-cut-list/"
"2026-07-18","woodcuttool-maxrects-v1","closet-tower","Closet tower","Storage","10","4425.8","4425.8","1","0.125","96","48","94","46","rotation_allowed","2","51.2","48.8","0","true","https://woodcuttool.com/templates/closet-tower-cut-list/"
"2026-07-18","woodcuttool-maxrects-v1","closet-tower","Closet tower","Storage","10","4425.8","4425.8","1","0.125","96","48","94","46","orientation_locked","2","51.2","48.8","0","true","https://woodcuttool.com/templates/closet-tower-cut-list/"
"2026-07-18","woodcuttool-maxrects-v1","closet-tower","Closet tower","Storage","10","4425.8","4425.8","1","0.1875","96","48","94","46","rotation_allowed","2","51.2","48.8","0","true","https://woodcuttool.com/templates/closet-tower-cut-list/"
"2026-07-18","woodcuttool-maxrects-v1","closet-tower","Closet tower","Storage","10","4425.8","4425.8","1","0.1875","96","48","94","46","orientation_locked","2","51.2","48.8","0","true","https://woodcuttool.com/templates/closet-tower-cut-list/"
"2026-07-18","woodcuttool-maxrects-v1","closet-tower","Closet tower","Storage","10","4425.8","4425.8","1","0.25","96","48","94","46","rotation_allowed","2","51.2","48.8","0","true","https://woodcuttool.com/templates/closet-tower-cut-list/"
"2026-07-18","woodcuttool-maxrects-v1","closet-tower","Closet tower","Storage","10","4425.8","4425.8","1","0.25","96","48","94","46","orientation_locked","2","51.2","48.8","0","true","https://woodcuttool.com/templates/closet-tower-cut-list/"
"2026-07-18","woodcuttool-maxrects-v1","entryway-locker","Entryway locker","Storage","8","6225.8","6225.8","0","0","96","48","96","48","rotation_allowed","2","67.6","32.4","0","true","https://woodcuttool.com/templates/entryway-locker-cut-list/"
"2026-07-18","woodcuttool-maxrects-v1","entryway-locker","Entryway locker","Storage","8","6225.8","6225.8","0","0","96","48","96","48","orientation_locked","2","67.6","32.4","0","true","https://woodcuttool.com/templates/entryway-locker-cut-list/"
"2026-07-18","woodcuttool-maxrects-v1","entryway-locker","Entryway locker","Storage","8","6225.8","6225.8","0","0.03125","96","48","96","48","rotation_allowed","2","67.6","32.4","0","true","https://woodcuttool.com/templates/entryway-locker-cut-list/"
"2026-07-18","woodcuttool-maxrects-v1","entryway-locker","Entryway locker","Storage","8","6225.8","6225.8","0","0.03125","96","48","96","48","orientation_locked","2","67.6","32.4","0","true","https://woodcuttool.com/templates/entryway-locker-cut-list/"
"2026-07-18","woodcuttool-maxrects-v1","entryway-locker","Entryway locker","Storage","8","6225.8","6225.8","0","0.0625","96","48","96","48","rotation_allowed","2","67.6","32.4","0","true","https://woodcuttool.com/templates/entryway-locker-cut-list/"
"2026-07-18","woodcuttool-maxrects-v1","entryway-locker","Entryway locker","Storage","8","6225.8","6225.8","0","0.0625","96","48","96","48","orientation_locked","2","67.6","32.4","0","true","https://woodcuttool.com/templates/entryway-locker-cut-list/"
"2026-07-18","woodcuttool-maxrects-v1","entryway-locker","Entryway locker","Storage","8","6225.8","6225.8","0","0.09375","96","48","96","48","rotation_allowed","2","67.6","32.4","0","true","https://woodcuttool.com/templates/entryway-locker-cut-list/"
"2026-07-18","woodcuttool-maxrects-v1","entryway-locker","Entryway locker","Storage","8","6225.8","6225.8","0","0.09375","96","48","96","48","orientation_locked","2","67.6","32.4","0","true","https://woodcuttool.com/templates/entryway-locker-cut-list/"
"2026-07-18","woodcuttool-maxrects-v1","entryway-locker","Entryway locker","Storage","8","6225.8","6225.8","0","0.125","96","48","96","48","rotation_allowed","2","67.6","32.4","0","true","https://woodcuttool.com/templates/entryway-locker-cut-list/"
"2026-07-18","woodcuttool-maxrects-v1","entryway-locker","Entryway locker","Storage","8","6225.8","6225.8","0","0.125","96","48","96","48","orientation_locked","2","67.6","32.4","0","true","https://woodcuttool.com/templates/entryway-locker-cut-list/"
"2026-07-18","woodcuttool-maxrects-v1","entryway-locker","Entryway locker","Storage","8","6225.8","6225.8","0","0.1875","96","48","96","48","rotation_allowed","2","67.6","32.4","0","true","https://woodcuttool.com/templates/entryway-locker-cut-list/"
"2026-07-18","woodcuttool-maxrects-v1","entryway-locker","Entryway locker","Storage","8","6225.8","6225.8","0","0.1875","96","48","96","48","orientation_locked","2","67.6","32.4","0","true","https://woodcuttool.com/templates/entryway-locker-cut-list/"
"2026-07-18","woodcuttool-maxrects-v1","entryway-locker","Entryway locker","Storage","8","6225.8","6225.8","0","0.25","96","48","96","48","rotation_allowed","2","67.6","32.4","0","true","https://woodcuttool.com/templates/entryway-locker-cut-list/"
"2026-07-18","woodcuttool-maxrects-v1","entryway-locker","Entryway locker","Storage","8","6225.8","6225.8","0","0.25","96","48","96","48","orientation_locked","2","67.6","32.4","0","true","https://woodcuttool.com/templates/entryway-locker-cut-list/"
"2026-07-18","woodcuttool-maxrects-v1","entryway-locker","Entryway locker","Storage","8","6225.8","6225.8","0.125","0","96","48","95.75","47.75","rotation_allowed","2","68.1","31.9","0","true","https://woodcuttool.com/templates/entryway-locker-cut-list/"
"2026-07-18","woodcuttool-maxrects-v1","entryway-locker","Entryway locker","Storage","8","6225.8","6225.8","0.125","0","96","48","95.75","47.75","orientation_locked","2","68.1","31.9","0","true","https://woodcuttool.com/templates/entryway-locker-cut-list/"
"2026-07-18","woodcuttool-maxrects-v1","entryway-locker","Entryway locker","Storage","8","6225.8","6225.8","0.125","0.03125","96","48","95.75","47.75","rotation_allowed","2","68.1","31.9","0","true","https://woodcuttool.com/templates/entryway-locker-cut-list/"
"2026-07-18","woodcuttool-maxrects-v1","entryway-locker","Entryway locker","Storage","8","6225.8","6225.8","0.125","0.03125","96","48","95.75","47.75","orientation_locked","2","68.1","31.9","0","true","https://woodcuttool.com/templates/entryway-locker-cut-list/"
"2026-07-18","woodcuttool-maxrects-v1","entryway-locker","Entryway locker","Storage","8","6225.8","6225.8","0.125","0.0625","96","48","95.75","47.75","rotation_allowed","2","68.1","31.9","0","true","https://woodcuttool.com/templates/entryway-locker-cut-list/"
"2026-07-18","woodcuttool-maxrects-v1","entryway-locker","Entryway locker","Storage","8","6225.8","6225.8","0.125","0.0625","96","48","95.75","47.75","orientation_locked","2","68.1","31.9","0","true","https://woodcuttool.com/templates/entryway-locker-cut-list/"
"2026-07-18","woodcuttool-maxrects-v1","entryway-locker","Entryway locker","Storage","8","6225.8","6225.8","0.125","0.09375","96","48","95.75","47.75","rotation_allowed","2","68.1","31.9","0","true","https://woodcuttool.com/templates/entryway-locker-cut-list/"
"2026-07-18","woodcuttool-maxrects-v1","entryway-locker","Entryway locker","Storage","8","6225.8","6225.8","0.125","0.09375","96","48","95.75","47.75","orientation_locked","2","68.1","31.9","0","true","https://woodcuttool.com/templates/entryway-locker-cut-list/"
"2026-07-18","woodcuttool-maxrects-v1","entryway-locker","Entryway locker","Storage","8","6225.8","6225.8","0.125","0.125","96","48","95.75","47.75","rotation_allowed","2","68.1","31.9","0","true","https://woodcuttool.com/templates/entryway-locker-cut-list/"
"2026-07-18","woodcuttool-maxrects-v1","entryway-locker","Entryway locker","Storage","8","6225.8","6225.8","0.125","0.125","96","48","95.75","47.75","orientation_locked","2","68.1","31.9","0","true","https://woodcuttool.com/templates/entryway-locker-cut-list/"
"2026-07-18","woodcuttool-maxrects-v1","entryway-locker","Entryway locker","Storage","8","6225.8","6225.8","0.125","0.1875","96","48","95.75","47.75","rotation_allowed","2","68.1","31.9","0","true","https://woodcuttool.com/templates/entryway-locker-cut-list/"
"2026-07-18","woodcuttool-maxrects-v1","entryway-locker","Entryway locker","Storage","8","6225.8","6225.8","0.125","0.1875","96","48","95.75","47.75","orientation_locked","2","68.1","31.9","0","true","https://woodcuttool.com/templates/entryway-locker-cut-list/"
"2026-07-18","woodcuttool-maxrects-v1","entryway-locker","Entryway locker","Storage","8","6225.8","6225.8","0.125","0.25","96","48","95.75","47.75","rotation_allowed","2","68.1","31.9","0","true","https://woodcuttool.com/templates/entryway-locker-cut-list/"
"2026-07-18","woodcuttool-maxrects-v1","entryway-locker","Entryway locker","Storage","8","6225.8","6225.8","0.125","0.25","96","48","95.75","47.75","orientation_locked","2","68.1","31.9","0","true","https://woodcuttool.com/templates/entryway-locker-cut-list/"
"2026-07-18","woodcuttool-maxrects-v1","entryway-locker","Entryway locker","Storage","8","6225.8","6225.8","0.25","0","96","48","95.5","47.5","rotation_allowed","2","68.6","31.4","0","true","https://woodcuttool.com/templates/entryway-locker-cut-list/"
"2026-07-18","woodcuttool-maxrects-v1","entryway-locker","Entryway locker","Storage","8","6225.8","6225.8","0.25","0","96","48","95.5","47.5","orientation_locked","2","68.6","31.4","0","true","https://woodcuttool.com/templates/entryway-locker-cut-list/"
"2026-07-18","woodcuttool-maxrects-v1","entryway-locker","Entryway locker","Storage","8","6225.8","6225.8","0.25","0.03125","96","48","95.5","47.5","rotation_allowed","2","68.6","31.4","0","true","https://woodcuttool.com/templates/entryway-locker-cut-list/"
"2026-07-18","woodcuttool-maxrects-v1","entryway-locker","Entryway locker","Storage","8","6225.8","6225.8","0.25","0.03125","96","48","95.5","47.5","orientation_locked","2","68.6","31.4","0","true","https://woodcuttool.com/templates/entryway-locker-cut-list/"
"2026-07-18","woodcuttool-maxrects-v1","entryway-locker","Entryway locker","Storage","8","6225.8","6225.8","0.25","0.0625","96","48","95.5","47.5","rotation_allowed","2","68.6","31.4","0","true","https://woodcuttool.com/templates/entryway-locker-cut-list/"
"2026-07-18","woodcuttool-maxrects-v1","entryway-locker","Entryway locker","Storage","8","6225.8","6225.8","0.25","0.0625","96","48","95.5","47.5","orientation_locked","2","68.6","31.4","0","true","https://woodcuttool.com/templates/entryway-locker-cut-list/"
"2026-07-18","woodcuttool-maxrects-v1","entryway-locker","Entryway locker","Storage","8","6225.8","6225.8","0.25","0.09375","96","48","95.5","47.5","rotation_allowed","2","68.6","31.4","0","true","https://woodcuttool.com/templates/entryway-locker-cut-list/"
"2026-07-18","woodcuttool-maxrects-v1","entryway-locker","Entryway locker","Storage","8","6225.8","6225.8","0.25","0.09375","96","48","95.5","47.5","orientation_locked","2","68.6","31.4","0","true","https://woodcuttool.com/templates/entryway-locker-cut-list/"
"2026-07-18","woodcuttool-maxrects-v1","entryway-locker","Entryway locker","Storage","8","6225.8","6225.8","0.25","0.125","96","48","95.5","47.5","rotation_allowed","2","68.6","31.4","0","true","https://woodcuttool.com/templates/entryway-locker-cut-list/"
"2026-07-18","woodcuttool-maxrects-v1","entryway-locker","Entryway locker","Storage","8","6225.8","6225.8","0.25","0.125","96","48","95.5","47.5","orientation_locked","2","68.6","31.4","0","true","https://woodcuttool.com/templates/entryway-locker-cut-list/"
"2026-07-18","woodcuttool-maxrects-v1","entryway-locker","Entryway locker","Storage","8","6225.8","6225.8","0.25","0.1875","96","48","95.5","47.5","rotation_allowed","2","68.6","31.4","0","true","https://woodcuttool.com/templates/entryway-locker-cut-list/"
"2026-07-18","woodcuttool-maxrects-v1","entryway-locker","Entryway locker","Storage","8","6225.8","6225.8","0.25","0.1875","96","48","95.5","47.5","orientation_locked","2","68.6","31.4","0","true","https://woodcuttool.com/templates/entryway-locker-cut-list/"
"2026-07-18","woodcuttool-maxrects-v1","entryway-locker","Entryway locker","Storage","8","6225.8","6225.8","0.25","0.25","96","48","95.5","47.5","rotation_allowed","2","68.6","31.4","0","true","https://woodcuttool.com/templates/entryway-locker-cut-list/"
"2026-07-18","woodcuttool-maxrects-v1","entryway-locker","Entryway locker","Storage","8","6225.8","6225.8","0.25","0.25","96","48","95.5","47.5","orientation_locked","2","68.6","31.4","0","true","https://woodcuttool.com/templates/entryway-locker-cut-list/"
"2026-07-18","woodcuttool-maxrects-v1","entryway-locker","Entryway locker","Storage","8","6225.8","6225.8","0.5","0","96","48","95","47","rotation_allowed","2","69.7","30.3","0","true","https://woodcuttool.com/templates/entryway-locker-cut-list/"
"2026-07-18","woodcuttool-maxrects-v1","entryway-locker","Entryway locker","Storage","8","6225.8","6225.8","0.5","0","96","48","95","47","orientation_locked","2","69.7","30.3","0","true","https://woodcuttool.com/templates/entryway-locker-cut-list/"
"2026-07-18","woodcuttool-maxrects-v1","entryway-locker","Entryway locker","Storage","8","6225.8","6225.8","0.5","0.03125","96","48","95","47","rotation_allowed","2","69.7","30.3","0","true","https://woodcuttool.com/templates/entryway-locker-cut-list/"
"2026-07-18","woodcuttool-maxrects-v1","entryway-locker","Entryway locker","Storage","8","6225.8","6225.8","0.5","0.03125","96","48","95","47","orientation_locked","2","69.7","30.3","0","true","https://woodcuttool.com/templates/entryway-locker-cut-list/"
"2026-07-18","woodcuttool-maxrects-v1","entryway-locker","Entryway locker","Storage","8","6225.8","6225.8","0.5","0.0625","96","48","95","47","rotation_allowed","2","69.7","30.3","0","true","https://woodcuttool.com/templates/entryway-locker-cut-list/"
"2026-07-18","woodcuttool-maxrects-v1","entryway-locker","Entryway locker","Storage","8","6225.8","6225.8","0.5","0.0625","96","48","95","47","orientation_locked","2","69.7","30.3","0","true","https://woodcuttool.com/templates/entryway-locker-cut-list/"
"2026-07-18","woodcuttool-maxrects-v1","entryway-locker","Entryway locker","Storage","8","6225.8","6225.8","0.5","0.09375","96","48","95","47","rotation_allowed","2","69.7","30.3","0","true","https://woodcuttool.com/templates/entryway-locker-cut-list/"
"2026-07-18","woodcuttool-maxrects-v1","entryway-locker","Entryway locker","Storage","8","6225.8","6225.8","0.5","0.09375","96","48","95","47","orientation_locked","2","69.7","30.3","0","true","https://woodcuttool.com/templates/entryway-locker-cut-list/"
"2026-07-18","woodcuttool-maxrects-v1","entryway-locker","Entryway locker","Storage","8","6225.8","6225.8","0.5","0.125","96","48","95","47","rotation_allowed","2","69.7","30.3","0","true","https://woodcuttool.com/templates/entryway-locker-cut-list/"
"2026-07-18","woodcuttool-maxrects-v1","entryway-locker","Entryway locker","Storage","8","6225.8","6225.8","0.5","0.125","96","48","95","47","orientation_locked","2","69.7","30.3","0","true","https://woodcuttool.com/templates/entryway-locker-cut-list/"
"2026-07-18","woodcuttool-maxrects-v1","entryway-locker","Entryway locker","Storage","8","6225.8","6225.8","0.5","0.1875","96","48","95","47","rotation_allowed","2","69.7","30.3","0","true","https://woodcuttool.com/templates/entryway-locker-cut-list/"
"2026-07-18","woodcuttool-maxrects-v1","entryway-locker","Entryway locker","Storage","8","6225.8","6225.8","0.5","0.1875","96","48","95","47","orientation_locked","2","69.7","30.3","0","true","https://woodcuttool.com/templates/entryway-locker-cut-list/"
"2026-07-18","woodcuttool-maxrects-v1","entryway-locker","Entryway locker","Storage","8","6225.8","6225.8","0.5","0.25","96","48","95","47","rotation_allowed","2","69.7","30.3","0","true","https://woodcuttool.com/templates/entryway-locker-cut-list/"
"2026-07-18","woodcuttool-maxrects-v1","entryway-locker","Entryway locker","Storage","8","6225.8","6225.8","0.5","0.25","96","48","95","47","orientation_locked","2","69.7","30.3","0","true","https://woodcuttool.com/templates/entryway-locker-cut-list/"
"2026-07-18","woodcuttool-maxrects-v1","entryway-locker","Entryway locker","Storage","8","6225.8","6225.8","1","0","96","48","94","46","rotation_allowed","2","72","28","0","true","https://woodcuttool.com/templates/entryway-locker-cut-list/"
"2026-07-18","woodcuttool-maxrects-v1","entryway-locker","Entryway locker","Storage","8","6225.8","6225.8","1","0","96","48","94","46","orientation_locked","3","48","52","0","true","https://woodcuttool.com/templates/entryway-locker-cut-list/"
"2026-07-18","woodcuttool-maxrects-v1","entryway-locker","Entryway locker","Storage","8","6225.8","6225.8","1","0.03125","96","48","94","46","rotation_allowed","2","72","28","0","true","https://woodcuttool.com/templates/entryway-locker-cut-list/"
"2026-07-18","woodcuttool-maxrects-v1","entryway-locker","Entryway locker","Storage","8","6225.8","6225.8","1","0.03125","96","48","94","46","orientation_locked","3","48","52","0","true","https://woodcuttool.com/templates/entryway-locker-cut-list/"
"2026-07-18","woodcuttool-maxrects-v1","entryway-locker","Entryway locker","Storage","8","6225.8","6225.8","1","0.0625","96","48","94","46","rotation_allowed","2","72","28","0","true","https://woodcuttool.com/templates/entryway-locker-cut-list/"
"2026-07-18","woodcuttool-maxrects-v1","entryway-locker","Entryway locker","Storage","8","6225.8","6225.8","1","0.0625","96","48","94","46","orientation_locked","3","48","52","0","true","https://woodcuttool.com/templates/entryway-locker-cut-list/"
"2026-07-18","woodcuttool-maxrects-v1","entryway-locker","Entryway locker","Storage","8","6225.8","6225.8","1","0.09375","96","48","94","46","rotation_allowed","2","72","28","0","true","https://woodcuttool.com/templates/entryway-locker-cut-list/"
"2026-07-18","woodcuttool-maxrects-v1","entryway-locker","Entryway locker","Storage","8","6225.8","6225.8","1","0.09375","96","48","94","46","orientation_locked","3","48","52","0","true","https://woodcuttool.com/templates/entryway-locker-cut-list/"
"2026-07-18","woodcuttool-maxrects-v1","entryway-locker","Entryway locker","Storage","8","6225.8","6225.8","1","0.125","96","48","94","46","rotation_allowed","2","72","28","0","true","https://woodcuttool.com/templates/entryway-locker-cut-list/"
"2026-07-18","woodcuttool-maxrects-v1","entryway-locker","Entryway locker","Storage","8","6225.8","6225.8","1","0.125","96","48","94","46","orientation_locked","3","48","52","0","true","https://woodcuttool.com/templates/entryway-locker-cut-list/"
"2026-07-18","woodcuttool-maxrects-v1","entryway-locker","Entryway locker","Storage","8","6225.8","6225.8","1","0.1875","96","48","94","46","rotation_allowed","2","72","28","0","true","https://woodcuttool.com/templates/entryway-locker-cut-list/"
"2026-07-18","woodcuttool-maxrects-v1","entryway-locker","Entryway locker","Storage","8","6225.8","6225.8","1","0.1875","96","48","94","46","orientation_locked","3","48","52","0","true","https://woodcuttool.com/templates/entryway-locker-cut-list/"
"2026-07-18","woodcuttool-maxrects-v1","entryway-locker","Entryway locker","Storage","8","6225.8","6225.8","1","0.25","96","48","94","46","rotation_allowed","2","72","28","0","true","https://woodcuttool.com/templates/entryway-locker-cut-list/"
"2026-07-18","woodcuttool-maxrects-v1","entryway-locker","Entryway locker","Storage","8","6225.8","6225.8","1","0.25","96","48","94","46","orientation_locked","3","48","52","0","true","https://woodcuttool.com/templates/entryway-locker-cut-list/"
"2026-07-18","woodcuttool-maxrects-v1","laundry-folding-table","Laundry folding table","Furniture","6","4936.5","4936.5","0","0","96","48","96","48","rotation_allowed","2","53.6","46.4","0","true","https://woodcuttool.com/templates/laundry-folding-table-cut-list/"
"2026-07-18","woodcuttool-maxrects-v1","laundry-folding-table","Laundry folding table","Furniture","6","4936.5","4936.5","0","0","96","48","96","48","orientation_locked","2","53.6","46.4","0","true","https://woodcuttool.com/templates/laundry-folding-table-cut-list/"
"2026-07-18","woodcuttool-maxrects-v1","laundry-folding-table","Laundry folding table","Furniture","6","4936.5","4936.5","0","0.03125","96","48","96","48","rotation_allowed","2","53.6","46.4","0","true","https://woodcuttool.com/templates/laundry-folding-table-cut-list/"
"2026-07-18","woodcuttool-maxrects-v1","laundry-folding-table","Laundry folding table","Furniture","6","4936.5","4936.5","0","0.03125","96","48","96","48","orientation_locked","2","53.6","46.4","0","true","https://woodcuttool.com/templates/laundry-folding-table-cut-list/"
"2026-07-18","woodcuttool-maxrects-v1","laundry-folding-table","Laundry folding table","Furniture","6","4936.5","4936.5","0","0.0625","96","48","96","48","rotation_allowed","2","53.6","46.4","0","true","https://woodcuttool.com/templates/laundry-folding-table-cut-list/"
"2026-07-18","woodcuttool-maxrects-v1","laundry-folding-table","Laundry folding table","Furniture","6","4936.5","4936.5","0","0.0625","96","48","96","48","orientation_locked","2","53.6","46.4","0","true","https://woodcuttool.com/templates/laundry-folding-table-cut-list/"
"2026-07-18","woodcuttool-maxrects-v1","laundry-folding-table","Laundry folding table","Furniture","6","4936.5","4936.5","0","0.09375","96","48","96","48","rotation_allowed","2","53.6","46.4","0","true","https://woodcuttool.com/templates/laundry-folding-table-cut-list/"
"2026-07-18","woodcuttool-maxrects-v1","laundry-folding-table","Laundry folding table","Furniture","6","4936.5","4936.5","0","0.09375","96","48","96","48","orientation_locked","2","53.6","46.4","0","true","https://woodcuttool.com/templates/laundry-folding-table-cut-list/"
"2026-07-18","woodcuttool-maxrects-v1","laundry-folding-table","Laundry folding table","Furniture","6","4936.5","4936.5","0","0.125","96","48","96","48","rotation_allowed","2","53.6","46.4","0","true","https://woodcuttool.com/templates/laundry-folding-table-cut-list/"
"2026-07-18","woodcuttool-maxrects-v1","laundry-folding-table","Laundry folding table","Furniture","6","4936.5","4936.5","0","0.125","96","48","96","48","orientation_locked","2","53.6","46.4","0","true","https://woodcuttool.com/templates/laundry-folding-table-cut-list/"
"2026-07-18","woodcuttool-maxrects-v1","laundry-folding-table","Laundry folding table","Furniture","6","4936.5","4936.5","0","0.1875","96","48","96","48","rotation_allowed","2","53.6","46.4","0","true","https://woodcuttool.com/templates/laundry-folding-table-cut-list/"
"2026-07-18","woodcuttool-maxrects-v1","laundry-folding-table","Laundry folding table","Furniture","6","4936.5","4936.5","0","0.1875","96","48","96","48","orientation_locked","2","53.6","46.4","0","true","https://woodcuttool.com/templates/laundry-folding-table-cut-list/"
"2026-07-18","woodcuttool-maxrects-v1","laundry-folding-table","Laundry folding table","Furniture","6","4936.5","4936.5","0","0.25","96","48","96","48","rotation_allowed","2","53.6","46.4","0","true","https://woodcuttool.com/templates/laundry-folding-table-cut-list/"
"2026-07-18","woodcuttool-maxrects-v1","laundry-folding-table","Laundry folding table","Furniture","6","4936.5","4936.5","0","0.25","96","48","96","48","orientation_locked","2","53.6","46.4","0","true","https://woodcuttool.com/templates/laundry-folding-table-cut-list/"
"2026-07-18","woodcuttool-maxrects-v1","laundry-folding-table","Laundry folding table","Furniture","6","4936.5","4936.5","0.125","0","96","48","95.75","47.75","rotation_allowed","2","54","46","0","true","https://woodcuttool.com/templates/laundry-folding-table-cut-list/"
"2026-07-18","woodcuttool-maxrects-v1","laundry-folding-table","Laundry folding table","Furniture","6","4936.5","4936.5","0.125","0","96","48","95.75","47.75","orientation_locked","2","54","46","0","true","https://woodcuttool.com/templates/laundry-folding-table-cut-list/"
"2026-07-18","woodcuttool-maxrects-v1","laundry-folding-table","Laundry folding table","Furniture","6","4936.5","4936.5","0.125","0.03125","96","48","95.75","47.75","rotation_allowed","2","54","46","0","true","https://woodcuttool.com/templates/laundry-folding-table-cut-list/"
"2026-07-18","woodcuttool-maxrects-v1","laundry-folding-table","Laundry folding table","Furniture","6","4936.5","4936.5","0.125","0.03125","96","48","95.75","47.75","orientation_locked","2","54","46","0","true","https://woodcuttool.com/templates/laundry-folding-table-cut-list/"
"2026-07-18","woodcuttool-maxrects-v1","laundry-folding-table","Laundry folding table","Furniture","6","4936.5","4936.5","0.125","0.0625","96","48","95.75","47.75","rotation_allowed","2","54","46","0","true","https://woodcuttool.com/templates/laundry-folding-table-cut-list/"
"2026-07-18","woodcuttool-maxrects-v1","laundry-folding-table","Laundry folding table","Furniture","6","4936.5","4936.5","0.125","0.0625","96","48","95.75","47.75","orientation_locked","2","54","46","0","true","https://woodcuttool.com/templates/laundry-folding-table-cut-list/"
"2026-07-18","woodcuttool-maxrects-v1","laundry-folding-table","Laundry folding table","Furniture","6","4936.5","4936.5","0.125","0.09375","96","48","95.75","47.75","rotation_allowed","2","54","46","0","true","https://woodcuttool.com/templates/laundry-folding-table-cut-list/"
"2026-07-18","woodcuttool-maxrects-v1","laundry-folding-table","Laundry folding table","Furniture","6","4936.5","4936.5","0.125","0.09375","96","48","95.75","47.75","orientation_locked","2","54","46","0","true","https://woodcuttool.com/templates/laundry-folding-table-cut-list/"
"2026-07-18","woodcuttool-maxrects-v1","laundry-folding-table","Laundry folding table","Furniture","6","4936.5","4936.5","0.125","0.125","96","48","95.75","47.75","rotation_allowed","2","54","46","0","true","https://woodcuttool.com/templates/laundry-folding-table-cut-list/"
"2026-07-18","woodcuttool-maxrects-v1","laundry-folding-table","Laundry folding table","Furniture","6","4936.5","4936.5","0.125","0.125","96","48","95.75","47.75","orientation_locked","2","54","46","0","true","https://woodcuttool.com/templates/laundry-folding-table-cut-list/"
"2026-07-18","woodcuttool-maxrects-v1","laundry-folding-table","Laundry folding table","Furniture","6","4936.5","4936.5","0.125","0.1875","96","48","95.75","47.75","rotation_allowed","2","54","46","0","true","https://woodcuttool.com/templates/laundry-folding-table-cut-list/"
"2026-07-18","woodcuttool-maxrects-v1","laundry-folding-table","Laundry folding table","Furniture","6","4936.5","4936.5","0.125","0.1875","96","48","95.75","47.75","orientation_locked","2","54","46","0","true","https://woodcuttool.com/templates/laundry-folding-table-cut-list/"
"2026-07-18","woodcuttool-maxrects-v1","laundry-folding-table","Laundry folding table","Furniture","6","4936.5","4936.5","0.125","0.25","96","48","95.75","47.75","rotation_allowed","2","54","46","0","true","https://woodcuttool.com/templates/laundry-folding-table-cut-list/"
"2026-07-18","woodcuttool-maxrects-v1","laundry-folding-table","Laundry folding table","Furniture","6","4936.5","4936.5","0.125","0.25","96","48","95.75","47.75","orientation_locked","2","54","46","0","true","https://woodcuttool.com/templates/laundry-folding-table-cut-list/"
"2026-07-18","woodcuttool-maxrects-v1","laundry-folding-table","Laundry folding table","Furniture","6","4936.5","4936.5","0.25","0","96","48","95.5","47.5","rotation_allowed","2","54.4","45.6","0","true","https://woodcuttool.com/templates/laundry-folding-table-cut-list/"
"2026-07-18","woodcuttool-maxrects-v1","laundry-folding-table","Laundry folding table","Furniture","6","4936.5","4936.5","0.25","0","96","48","95.5","47.5","orientation_locked","2","54.4","45.6","0","true","https://woodcuttool.com/templates/laundry-folding-table-cut-list/"
"2026-07-18","woodcuttool-maxrects-v1","laundry-folding-table","Laundry folding table","Furniture","6","4936.5","4936.5","0.25","0.03125","96","48","95.5","47.5","rotation_allowed","2","54.4","45.6","0","true","https://woodcuttool.com/templates/laundry-folding-table-cut-list/"
"2026-07-18","woodcuttool-maxrects-v1","laundry-folding-table","Laundry folding table","Furniture","6","4936.5","4936.5","0.25","0.03125","96","48","95.5","47.5","orientation_locked","2","54.4","45.6","0","true","https://woodcuttool.com/templates/laundry-folding-table-cut-list/"
"2026-07-18","woodcuttool-maxrects-v1","laundry-folding-table","Laundry folding table","Furniture","6","4936.5","4936.5","0.25","0.0625","96","48","95.5","47.5","rotation_allowed","2","54.4","45.6","0","true","https://woodcuttool.com/templates/laundry-folding-table-cut-list/"
"2026-07-18","woodcuttool-maxrects-v1","laundry-folding-table","Laundry folding table","Furniture","6","4936.5","4936.5","0.25","0.0625","96","48","95.5","47.5","orientation_locked","2","54.4","45.6","0","true","https://woodcuttool.com/templates/laundry-folding-table-cut-list/"
"2026-07-18","woodcuttool-maxrects-v1","laundry-folding-table","Laundry folding table","Furniture","6","4936.5","4936.5","0.25","0.09375","96","48","95.5","47.5","rotation_allowed","2","54.4","45.6","0","true","https://woodcuttool.com/templates/laundry-folding-table-cut-list/"
"2026-07-18","woodcuttool-maxrects-v1","laundry-folding-table","Laundry folding table","Furniture","6","4936.5","4936.5","0.25","0.09375","96","48","95.5","47.5","orientation_locked","2","54.4","45.6","0","true","https://woodcuttool.com/templates/laundry-folding-table-cut-list/"
"2026-07-18","woodcuttool-maxrects-v1","laundry-folding-table","Laundry folding table","Furniture","6","4936.5","4936.5","0.25","0.125","96","48","95.5","47.5","rotation_allowed","2","54.4","45.6","0","true","https://woodcuttool.com/templates/laundry-folding-table-cut-list/"
"2026-07-18","woodcuttool-maxrects-v1","laundry-folding-table","Laundry folding table","Furniture","6","4936.5","4936.5","0.25","0.125","96","48","95.5","47.5","orientation_locked","2","54.4","45.6","0","true","https://woodcuttool.com/templates/laundry-folding-table-cut-list/"
"2026-07-18","woodcuttool-maxrects-v1","laundry-folding-table","Laundry folding table","Furniture","6","4936.5","4936.5","0.25","0.1875","96","48","95.5","47.5","rotation_allowed","2","54.4","45.6","0","true","https://woodcuttool.com/templates/laundry-folding-table-cut-list/"
"2026-07-18","woodcuttool-maxrects-v1","laundry-folding-table","Laundry folding table","Furniture","6","4936.5","4936.5","0.25","0.1875","96","48","95.5","47.5","orientation_locked","2","54.4","45.6","0","true","https://woodcuttool.com/templates/laundry-folding-table-cut-list/"
"2026-07-18","woodcuttool-maxrects-v1","laundry-folding-table","Laundry folding table","Furniture","6","4936.5","4936.5","0.25","0.25","96","48","95.5","47.5","rotation_allowed","2","54.4","45.6","0","true","https://woodcuttool.com/templates/laundry-folding-table-cut-list/"
"2026-07-18","woodcuttool-maxrects-v1","laundry-folding-table","Laundry folding table","Furniture","6","4936.5","4936.5","0.25","0.25","96","48","95.5","47.5","orientation_locked","2","54.4","45.6","0","true","https://woodcuttool.com/templates/laundry-folding-table-cut-list/"
"2026-07-18","woodcuttool-maxrects-v1","laundry-folding-table","Laundry folding table","Furniture","6","4936.5","4936.5","0.5","0","96","48","95","47","rotation_allowed","2","55.3","44.7","0","true","https://woodcuttool.com/templates/laundry-folding-table-cut-list/"
"2026-07-18","woodcuttool-maxrects-v1","laundry-folding-table","Laundry folding table","Furniture","6","4936.5","4936.5","0.5","0","96","48","95","47","orientation_locked","2","55.3","44.7","0","true","https://woodcuttool.com/templates/laundry-folding-table-cut-list/"
"2026-07-18","woodcuttool-maxrects-v1","laundry-folding-table","Laundry folding table","Furniture","6","4936.5","4936.5","0.5","0.03125","96","48","95","47","rotation_allowed","2","55.3","44.7","0","true","https://woodcuttool.com/templates/laundry-folding-table-cut-list/"
"2026-07-18","woodcuttool-maxrects-v1","laundry-folding-table","Laundry folding table","Furniture","6","4936.5","4936.5","0.5","0.03125","96","48","95","47","orientation_locked","2","55.3","44.7","0","true","https://woodcuttool.com/templates/laundry-folding-table-cut-list/"
"2026-07-18","woodcuttool-maxrects-v1","laundry-folding-table","Laundry folding table","Furniture","6","4936.5","4936.5","0.5","0.0625","96","48","95","47","rotation_allowed","2","55.3","44.7","0","true","https://woodcuttool.com/templates/laundry-folding-table-cut-list/"
"2026-07-18","woodcuttool-maxrects-v1","laundry-folding-table","Laundry folding table","Furniture","6","4936.5","4936.5","0.5","0.0625","96","48","95","47","orientation_locked","2","55.3","44.7","0","true","https://woodcuttool.com/templates/laundry-folding-table-cut-list/"
"2026-07-18","woodcuttool-maxrects-v1","laundry-folding-table","Laundry folding table","Furniture","6","4936.5","4936.5","0.5","0.09375","96","48","95","47","rotation_allowed","2","55.3","44.7","0","true","https://woodcuttool.com/templates/laundry-folding-table-cut-list/"
"2026-07-18","woodcuttool-maxrects-v1","laundry-folding-table","Laundry folding table","Furniture","6","4936.5","4936.5","0.5","0.09375","96","48","95","47","orientation_locked","2","55.3","44.7","0","true","https://woodcuttool.com/templates/laundry-folding-table-cut-list/"
"2026-07-18","woodcuttool-maxrects-v1","laundry-folding-table","Laundry folding table","Furniture","6","4936.5","4936.5","0.5","0.125","96","48","95","47","rotation_allowed","2","55.3","44.7","0","true","https://woodcuttool.com/templates/laundry-folding-table-cut-list/"
"2026-07-18","woodcuttool-maxrects-v1","laundry-folding-table","Laundry folding table","Furniture","6","4936.5","4936.5","0.5","0.125","96","48","95","47","orientation_locked","2","55.3","44.7","0","true","https://woodcuttool.com/templates/laundry-folding-table-cut-list/"
"2026-07-18","woodcuttool-maxrects-v1","laundry-folding-table","Laundry folding table","Furniture","6","4936.5","4936.5","0.5","0.1875","96","48","95","47","rotation_allowed","2","55.3","44.7","0","true","https://woodcuttool.com/templates/laundry-folding-table-cut-list/"
"2026-07-18","woodcuttool-maxrects-v1","laundry-folding-table","Laundry folding table","Furniture","6","4936.5","4936.5","0.5","0.1875","96","48","95","47","orientation_locked","2","55.3","44.7","0","true","https://woodcuttool.com/templates/laundry-folding-table-cut-list/"
"2026-07-18","woodcuttool-maxrects-v1","laundry-folding-table","Laundry folding table","Furniture","6","4936.5","4936.5","0.5","0.25","96","48","95","47","rotation_allowed","2","55.3","44.7","0","true","https://woodcuttool.com/templates/laundry-folding-table-cut-list/"
"2026-07-18","woodcuttool-maxrects-v1","laundry-folding-table","Laundry folding table","Furniture","6","4936.5","4936.5","0.5","0.25","96","48","95","47","orientation_locked","2","55.3","44.7","0","true","https://woodcuttool.com/templates/laundry-folding-table-cut-list/"
"2026-07-18","woodcuttool-maxrects-v1","laundry-folding-table","Laundry folding table","Furniture","6","4936.5","4936.5","1","0","96","48","94","46","rotation_allowed","2","57.1","42.9","0","true","https://woodcuttool.com/templates/laundry-folding-table-cut-list/"
"2026-07-18","woodcuttool-maxrects-v1","laundry-folding-table","Laundry folding table","Furniture","6","4936.5","4936.5","1","0","96","48","94","46","orientation_locked","2","57.1","42.9","0","true","https://woodcuttool.com/templates/laundry-folding-table-cut-list/"
"2026-07-18","woodcuttool-maxrects-v1","laundry-folding-table","Laundry folding table","Furniture","6","4936.5","4936.5","1","0.03125","96","48","94","46","rotation_allowed","2","57.1","42.9","0","true","https://woodcuttool.com/templates/laundry-folding-table-cut-list/"
"2026-07-18","woodcuttool-maxrects-v1","laundry-folding-table","Laundry folding table","Furniture","6","4936.5","4936.5","1","0.03125","96","48","94","46","orientation_locked","2","57.1","42.9","0","true","https://woodcuttool.com/templates/laundry-folding-table-cut-list/"
"2026-07-18","woodcuttool-maxrects-v1","laundry-folding-table","Laundry folding table","Furniture","6","4936.5","4936.5","1","0.0625","96","48","94","46","rotation_allowed","2","57.1","42.9","0","true","https://woodcuttool.com/templates/laundry-folding-table-cut-list/"
"2026-07-18","woodcuttool-maxrects-v1","laundry-folding-table","Laundry folding table","Furniture","6","4936.5","4936.5","1","0.0625","96","48","94","46","orientation_locked","2","57.1","42.9","0","true","https://woodcuttool.com/templates/laundry-folding-table-cut-list/"
"2026-07-18","woodcuttool-maxrects-v1","laundry-folding-table","Laundry folding table","Furniture","6","4936.5","4936.5","1","0.09375","96","48","94","46","rotation_allowed","2","57.1","42.9","0","true","https://woodcuttool.com/templates/laundry-folding-table-cut-list/"
"2026-07-18","woodcuttool-maxrects-v1","laundry-folding-table","Laundry folding table","Furniture","6","4936.5","4936.5","1","0.09375","96","48","94","46","orientation_locked","2","57.1","42.9","0","true","https://woodcuttool.com/templates/laundry-folding-table-cut-list/"
"2026-07-18","woodcuttool-maxrects-v1","laundry-folding-table","Laundry folding table","Furniture","6","4936.5","4936.5","1","0.125","96","48","94","46","rotation_allowed","2","57.1","42.9","0","true","https://woodcuttool.com/templates/laundry-folding-table-cut-list/"
"2026-07-18","woodcuttool-maxrects-v1","laundry-folding-table","Laundry folding table","Furniture","6","4936.5","4936.5","1","0.125","96","48","94","46","orientation_locked","2","57.1","42.9","0","true","https://woodcuttool.com/templates/laundry-folding-table-cut-list/"
"2026-07-18","woodcuttool-maxrects-v1","laundry-folding-table","Laundry folding table","Furniture","6","4936.5","4936.5","1","0.1875","96","48","94","46","rotation_allowed","2","57.1","42.9","0","true","https://woodcuttool.com/templates/laundry-folding-table-cut-list/"
"2026-07-18","woodcuttool-maxrects-v1","laundry-folding-table","Laundry folding table","Furniture","6","4936.5","4936.5","1","0.1875","96","48","94","46","orientation_locked","2","57.1","42.9","0","true","https://woodcuttool.com/templates/laundry-folding-table-cut-list/"
"2026-07-18","woodcuttool-maxrects-v1","laundry-folding-table","Laundry folding table","Furniture","6","4936.5","4936.5","1","0.25","96","48","94","46","rotation_allowed","2","57.1","42.9","0","true","https://woodcuttool.com/templates/laundry-folding-table-cut-list/"
"2026-07-18","woodcuttool-maxrects-v1","laundry-folding-table","Laundry folding table","Furniture","6","4936.5","4936.5","1","0.25","96","48","94","46","orientation_locked","2","57.1","42.9","0","true","https://woodcuttool.com/templates/laundry-folding-table-cut-list/"
"2026-07-18","woodcuttool-maxrects-v1","craft-storage-cabinet","Craft storage cabinet","Storage","10","8441.3","8441.3","0","0","96","48","96","48","rotation_allowed","3","61.1","38.9","0","true","https://woodcuttool.com/templates/craft-storage-cabinet-cut-list/"
"2026-07-18","woodcuttool-maxrects-v1","craft-storage-cabinet","Craft storage cabinet","Storage","10","8441.3","8441.3","0","0","96","48","96","48","orientation_locked","3","61.1","38.9","0","true","https://woodcuttool.com/templates/craft-storage-cabinet-cut-list/"
"2026-07-18","woodcuttool-maxrects-v1","craft-storage-cabinet","Craft storage cabinet","Storage","10","8441.3","8441.3","0","0.03125","96","48","96","48","rotation_allowed","3","61.1","38.9","0","true","https://woodcuttool.com/templates/craft-storage-cabinet-cut-list/"
"2026-07-18","woodcuttool-maxrects-v1","craft-storage-cabinet","Craft storage cabinet","Storage","10","8441.3","8441.3","0","0.03125","96","48","96","48","orientation_locked","3","61.1","38.9","0","true","https://woodcuttool.com/templates/craft-storage-cabinet-cut-list/"
"2026-07-18","woodcuttool-maxrects-v1","craft-storage-cabinet","Craft storage cabinet","Storage","10","8441.3","8441.3","0","0.0625","96","48","96","48","rotation_allowed","3","61.1","38.9","0","true","https://woodcuttool.com/templates/craft-storage-cabinet-cut-list/"
"2026-07-18","woodcuttool-maxrects-v1","craft-storage-cabinet","Craft storage cabinet","Storage","10","8441.3","8441.3","0","0.0625","96","48","96","48","orientation_locked","3","61.1","38.9","0","true","https://woodcuttool.com/templates/craft-storage-cabinet-cut-list/"
"2026-07-18","woodcuttool-maxrects-v1","craft-storage-cabinet","Craft storage cabinet","Storage","10","8441.3","8441.3","0","0.09375","96","48","96","48","rotation_allowed","3","61.1","38.9","0","true","https://woodcuttool.com/templates/craft-storage-cabinet-cut-list/"
"2026-07-18","woodcuttool-maxrects-v1","craft-storage-cabinet","Craft storage cabinet","Storage","10","8441.3","8441.3","0","0.09375","96","48","96","48","orientation_locked","3","61.1","38.9","0","true","https://woodcuttool.com/templates/craft-storage-cabinet-cut-list/"
"2026-07-18","woodcuttool-maxrects-v1","craft-storage-cabinet","Craft storage cabinet","Storage","10","8441.3","8441.3","0","0.125","96","48","96","48","rotation_allowed","3","61.1","38.9","0","true","https://woodcuttool.com/templates/craft-storage-cabinet-cut-list/"
"2026-07-18","woodcuttool-maxrects-v1","craft-storage-cabinet","Craft storage cabinet","Storage","10","8441.3","8441.3","0","0.125","96","48","96","48","orientation_locked","3","61.1","38.9","0","true","https://woodcuttool.com/templates/craft-storage-cabinet-cut-list/"
"2026-07-18","woodcuttool-maxrects-v1","craft-storage-cabinet","Craft storage cabinet","Storage","10","8441.3","8441.3","0","0.1875","96","48","96","48","rotation_allowed","3","61.1","38.9","0","true","https://woodcuttool.com/templates/craft-storage-cabinet-cut-list/"
"2026-07-18","woodcuttool-maxrects-v1","craft-storage-cabinet","Craft storage cabinet","Storage","10","8441.3","8441.3","0","0.1875","96","48","96","48","orientation_locked","3","61.1","38.9","0","true","https://woodcuttool.com/templates/craft-storage-cabinet-cut-list/"
"2026-07-18","woodcuttool-maxrects-v1","craft-storage-cabinet","Craft storage cabinet","Storage","10","8441.3","8441.3","0","0.25","96","48","96","48","rotation_allowed","3","61.1","38.9","0","true","https://woodcuttool.com/templates/craft-storage-cabinet-cut-list/"
"2026-07-18","woodcuttool-maxrects-v1","craft-storage-cabinet","Craft storage cabinet","Storage","10","8441.3","8441.3","0","0.25","96","48","96","48","orientation_locked","3","61.1","38.9","0","true","https://woodcuttool.com/templates/craft-storage-cabinet-cut-list/"
"2026-07-18","woodcuttool-maxrects-v1","craft-storage-cabinet","Craft storage cabinet","Storage","10","8441.3","8441.3","0.125","0","96","48","95.75","47.75","rotation_allowed","3","61.5","38.5","0","true","https://woodcuttool.com/templates/craft-storage-cabinet-cut-list/"
"2026-07-18","woodcuttool-maxrects-v1","craft-storage-cabinet","Craft storage cabinet","Storage","10","8441.3","8441.3","0.125","0","96","48","95.75","47.75","orientation_locked","3","61.5","38.5","0","true","https://woodcuttool.com/templates/craft-storage-cabinet-cut-list/"
"2026-07-18","woodcuttool-maxrects-v1","craft-storage-cabinet","Craft storage cabinet","Storage","10","8441.3","8441.3","0.125","0.03125","96","48","95.75","47.75","rotation_allowed","3","61.5","38.5","0","true","https://woodcuttool.com/templates/craft-storage-cabinet-cut-list/"
"2026-07-18","woodcuttool-maxrects-v1","craft-storage-cabinet","Craft storage cabinet","Storage","10","8441.3","8441.3","0.125","0.03125","96","48","95.75","47.75","orientation_locked","3","61.5","38.5","0","true","https://woodcuttool.com/templates/craft-storage-cabinet-cut-list/"
"2026-07-18","woodcuttool-maxrects-v1","craft-storage-cabinet","Craft storage cabinet","Storage","10","8441.3","8441.3","0.125","0.0625","96","48","95.75","47.75","rotation_allowed","3","61.5","38.5","0","true","https://woodcuttool.com/templates/craft-storage-cabinet-cut-list/"
"2026-07-18","woodcuttool-maxrects-v1","craft-storage-cabinet","Craft storage cabinet","Storage","10","8441.3","8441.3","0.125","0.0625","96","48","95.75","47.75","orientation_locked","3","61.5","38.5","0","true","https://woodcuttool.com/templates/craft-storage-cabinet-cut-list/"
"2026-07-18","woodcuttool-maxrects-v1","craft-storage-cabinet","Craft storage cabinet","Storage","10","8441.3","8441.3","0.125","0.09375","96","48","95.75","47.75","rotation_allowed","3","61.5","38.5","0","true","https://woodcuttool.com/templates/craft-storage-cabinet-cut-list/"
"2026-07-18","woodcuttool-maxrects-v1","craft-storage-cabinet","Craft storage cabinet","Storage","10","8441.3","8441.3","0.125","0.09375","96","48","95.75","47.75","orientation_locked","3","61.5","38.5","0","true","https://woodcuttool.com/templates/craft-storage-cabinet-cut-list/"
"2026-07-18","woodcuttool-maxrects-v1","craft-storage-cabinet","Craft storage cabinet","Storage","10","8441.3","8441.3","0.125","0.125","96","48","95.75","47.75","rotation_allowed","3","61.5","38.5","0","true","https://woodcuttool.com/templates/craft-storage-cabinet-cut-list/"
"2026-07-18","woodcuttool-maxrects-v1","craft-storage-cabinet","Craft storage cabinet","Storage","10","8441.3","8441.3","0.125","0.125","96","48","95.75","47.75","orientation_locked","3","61.5","38.5","0","true","https://woodcuttool.com/templates/craft-storage-cabinet-cut-list/"
"2026-07-18","woodcuttool-maxrects-v1","craft-storage-cabinet","Craft storage cabinet","Storage","10","8441.3","8441.3","0.125","0.1875","96","48","95.75","47.75","rotation_allowed","3","61.5","38.5","0","true","https://woodcuttool.com/templates/craft-storage-cabinet-cut-list/"
"2026-07-18","woodcuttool-maxrects-v1","craft-storage-cabinet","Craft storage cabinet","Storage","10","8441.3","8441.3","0.125","0.1875","96","48","95.75","47.75","orientation_locked","3","61.5","38.5","0","true","https://woodcuttool.com/templates/craft-storage-cabinet-cut-list/"
"2026-07-18","woodcuttool-maxrects-v1","craft-storage-cabinet","Craft storage cabinet","Storage","10","8441.3","8441.3","0.125","0.25","96","48","95.75","47.75","rotation_allowed","3","61.5","38.5","0","true","https://woodcuttool.com/templates/craft-storage-cabinet-cut-list/"
"2026-07-18","woodcuttool-maxrects-v1","craft-storage-cabinet","Craft storage cabinet","Storage","10","8441.3","8441.3","0.125","0.25","96","48","95.75","47.75","orientation_locked","3","61.5","38.5","0","true","https://woodcuttool.com/templates/craft-storage-cabinet-cut-list/"
"2026-07-18","woodcuttool-maxrects-v1","craft-storage-cabinet","Craft storage cabinet","Storage","10","8441.3","8441.3","0.25","0","96","48","95.5","47.5","rotation_allowed","3","62","38","0","true","https://woodcuttool.com/templates/craft-storage-cabinet-cut-list/"
"2026-07-18","woodcuttool-maxrects-v1","craft-storage-cabinet","Craft storage cabinet","Storage","10","8441.3","8441.3","0.25","0","96","48","95.5","47.5","orientation_locked","3","62","38","0","true","https://woodcuttool.com/templates/craft-storage-cabinet-cut-list/"
"2026-07-18","woodcuttool-maxrects-v1","craft-storage-cabinet","Craft storage cabinet","Storage","10","8441.3","8441.3","0.25","0.03125","96","48","95.5","47.5","rotation_allowed","3","62","38","0","true","https://woodcuttool.com/templates/craft-storage-cabinet-cut-list/"
"2026-07-18","woodcuttool-maxrects-v1","craft-storage-cabinet","Craft storage cabinet","Storage","10","8441.3","8441.3","0.25","0.03125","96","48","95.5","47.5","orientation_locked","3","62","38","0","true","https://woodcuttool.com/templates/craft-storage-cabinet-cut-list/"
"2026-07-18","woodcuttool-maxrects-v1","craft-storage-cabinet","Craft storage cabinet","Storage","10","8441.3","8441.3","0.25","0.0625","96","48","95.5","47.5","rotation_allowed","3","62","38","0","true","https://woodcuttool.com/templates/craft-storage-cabinet-cut-list/"
"2026-07-18","woodcuttool-maxrects-v1","craft-storage-cabinet","Craft storage cabinet","Storage","10","8441.3","8441.3","0.25","0.0625","96","48","95.5","47.5","orientation_locked","3","62","38","0","true","https://woodcuttool.com/templates/craft-storage-cabinet-cut-list/"
"2026-07-18","woodcuttool-maxrects-v1","craft-storage-cabinet","Craft storage cabinet","Storage","10","8441.3","8441.3","0.25","0.09375","96","48","95.5","47.5","rotation_allowed","3","62","38","0","true","https://woodcuttool.com/templates/craft-storage-cabinet-cut-list/"
"2026-07-18","woodcuttool-maxrects-v1","craft-storage-cabinet","Craft storage cabinet","Storage","10","8441.3","8441.3","0.25","0.09375","96","48","95.5","47.5","orientation_locked","3","62","38","0","true","https://woodcuttool.com/templates/craft-storage-cabinet-cut-list/"
"2026-07-18","woodcuttool-maxrects-v1","craft-storage-cabinet","Craft storage cabinet","Storage","10","8441.3","8441.3","0.25","0.125","96","48","95.5","47.5","rotation_allowed","3","62","38","0","true","https://woodcuttool.com/templates/craft-storage-cabinet-cut-list/"
"2026-07-18","woodcuttool-maxrects-v1","craft-storage-cabinet","Craft storage cabinet","Storage","10","8441.3","8441.3","0.25","0.125","96","48","95.5","47.5","orientation_locked","3","62","38","0","true","https://woodcuttool.com/templates/craft-storage-cabinet-cut-list/"
"2026-07-18","woodcuttool-maxrects-v1","craft-storage-cabinet","Craft storage cabinet","Storage","10","8441.3","8441.3","0.25","0.1875","96","48","95.5","47.5","rotation_allowed","3","62","38","0","true","https://woodcuttool.com/templates/craft-storage-cabinet-cut-list/"
"2026-07-18","woodcuttool-maxrects-v1","craft-storage-cabinet","Craft storage cabinet","Storage","10","8441.3","8441.3","0.25","0.1875","96","48","95.5","47.5","orientation_locked","3","62","38","0","true","https://woodcuttool.com/templates/craft-storage-cabinet-cut-list/"
"2026-07-18","woodcuttool-maxrects-v1","craft-storage-cabinet","Craft storage cabinet","Storage","10","8441.3","8441.3","0.25","0.25","96","48","95.5","47.5","rotation_allowed","3","62","38","0","true","https://woodcuttool.com/templates/craft-storage-cabinet-cut-list/"
"2026-07-18","woodcuttool-maxrects-v1","craft-storage-cabinet","Craft storage cabinet","Storage","10","8441.3","8441.3","0.25","0.25","96","48","95.5","47.5","orientation_locked","3","62","38","0","true","https://woodcuttool.com/templates/craft-storage-cabinet-cut-list/"
"2026-07-18","woodcuttool-maxrects-v1","craft-storage-cabinet","Craft storage cabinet","Storage","10","8441.3","8441.3","0.5","0","96","48","95","47","rotation_allowed","3","63","37","0","true","https://woodcuttool.com/templates/craft-storage-cabinet-cut-list/"
"2026-07-18","woodcuttool-maxrects-v1","craft-storage-cabinet","Craft storage cabinet","Storage","10","8441.3","8441.3","0.5","0","96","48","95","47","orientation_locked","3","63","37","0","true","https://woodcuttool.com/templates/craft-storage-cabinet-cut-list/"
"2026-07-18","woodcuttool-maxrects-v1","craft-storage-cabinet","Craft storage cabinet","Storage","10","8441.3","8441.3","0.5","0.03125","96","48","95","47","rotation_allowed","3","63","37","0","true","https://woodcuttool.com/templates/craft-storage-cabinet-cut-list/"
"2026-07-18","woodcuttool-maxrects-v1","craft-storage-cabinet","Craft storage cabinet","Storage","10","8441.3","8441.3","0.5","0.03125","96","48","95","47","orientation_locked","3","63","37","0","true","https://woodcuttool.com/templates/craft-storage-cabinet-cut-list/"
"2026-07-18","woodcuttool-maxrects-v1","craft-storage-cabinet","Craft storage cabinet","Storage","10","8441.3","8441.3","0.5","0.0625","96","48","95","47","rotation_allowed","3","63","37","0","true","https://woodcuttool.com/templates/craft-storage-cabinet-cut-list/"
"2026-07-18","woodcuttool-maxrects-v1","craft-storage-cabinet","Craft storage cabinet","Storage","10","8441.3","8441.3","0.5","0.0625","96","48","95","47","orientation_locked","3","63","37","0","true","https://woodcuttool.com/templates/craft-storage-cabinet-cut-list/"
"2026-07-18","woodcuttool-maxrects-v1","craft-storage-cabinet","Craft storage cabinet","Storage","10","8441.3","8441.3","0.5","0.09375","96","48","95","47","rotation_allowed","3","63","37","0","true","https://woodcuttool.com/templates/craft-storage-cabinet-cut-list/"
"2026-07-18","woodcuttool-maxrects-v1","craft-storage-cabinet","Craft storage cabinet","Storage","10","8441.3","8441.3","0.5","0.09375","96","48","95","47","orientation_locked","3","63","37","0","true","https://woodcuttool.com/templates/craft-storage-cabinet-cut-list/"
"2026-07-18","woodcuttool-maxrects-v1","craft-storage-cabinet","Craft storage cabinet","Storage","10","8441.3","8441.3","0.5","0.125","96","48","95","47","rotation_allowed","3","63","37","0","true","https://woodcuttool.com/templates/craft-storage-cabinet-cut-list/"
"2026-07-18","woodcuttool-maxrects-v1","craft-storage-cabinet","Craft storage cabinet","Storage","10","8441.3","8441.3","0.5","0.125","96","48","95","47","orientation_locked","3","63","37","0","true","https://woodcuttool.com/templates/craft-storage-cabinet-cut-list/"
"2026-07-18","woodcuttool-maxrects-v1","craft-storage-cabinet","Craft storage cabinet","Storage","10","8441.3","8441.3","0.5","0.1875","96","48","95","47","rotation_allowed","3","63","37","0","true","https://woodcuttool.com/templates/craft-storage-cabinet-cut-list/"
"2026-07-18","woodcuttool-maxrects-v1","craft-storage-cabinet","Craft storage cabinet","Storage","10","8441.3","8441.3","0.5","0.1875","96","48","95","47","orientation_locked","3","63","37","0","true","https://woodcuttool.com/templates/craft-storage-cabinet-cut-list/"
"2026-07-18","woodcuttool-maxrects-v1","craft-storage-cabinet","Craft storage cabinet","Storage","10","8441.3","8441.3","0.5","0.25","96","48","95","47","rotation_allowed","3","63","37","0","true","https://woodcuttool.com/templates/craft-storage-cabinet-cut-list/"
"2026-07-18","woodcuttool-maxrects-v1","craft-storage-cabinet","Craft storage cabinet","Storage","10","8441.3","8441.3","0.5","0.25","96","48","95","47","orientation_locked","3","63","37","0","true","https://woodcuttool.com/templates/craft-storage-cabinet-cut-list/"
"2026-07-18","woodcuttool-maxrects-v1","craft-storage-cabinet","Craft storage cabinet","Storage","10","8441.3","8441.3","1","0","96","48","94","46","rotation_allowed","3","65.1","34.9","0","true","https://woodcuttool.com/templates/craft-storage-cabinet-cut-list/"
"2026-07-18","woodcuttool-maxrects-v1","craft-storage-cabinet","Craft storage cabinet","Storage","10","8441.3","8441.3","1","0","96","48","94","46","orientation_locked","4","48.8","51.2","0","true","https://woodcuttool.com/templates/craft-storage-cabinet-cut-list/"
"2026-07-18","woodcuttool-maxrects-v1","craft-storage-cabinet","Craft storage cabinet","Storage","10","8441.3","8441.3","1","0.03125","96","48","94","46","rotation_allowed","3","65.1","34.9","0","true","https://woodcuttool.com/templates/craft-storage-cabinet-cut-list/"
"2026-07-18","woodcuttool-maxrects-v1","craft-storage-cabinet","Craft storage cabinet","Storage","10","8441.3","8441.3","1","0.03125","96","48","94","46","orientation_locked","4","48.8","51.2","0","true","https://woodcuttool.com/templates/craft-storage-cabinet-cut-list/"
"2026-07-18","woodcuttool-maxrects-v1","craft-storage-cabinet","Craft storage cabinet","Storage","10","8441.3","8441.3","1","0.0625","96","48","94","46","rotation_allowed","3","65.1","34.9","0","true","https://woodcuttool.com/templates/craft-storage-cabinet-cut-list/"
"2026-07-18","woodcuttool-maxrects-v1","craft-storage-cabinet","Craft storage cabinet","Storage","10","8441.3","8441.3","1","0.0625","96","48","94","46","orientation_locked","4","48.8","51.2","0","true","https://woodcuttool.com/templates/craft-storage-cabinet-cut-list/"
"2026-07-18","woodcuttool-maxrects-v1","craft-storage-cabinet","Craft storage cabinet","Storage","10","8441.3","8441.3","1","0.09375","96","48","94","46","rotation_allowed","3","65.1","34.9","0","true","https://woodcuttool.com/templates/craft-storage-cabinet-cut-list/"
"2026-07-18","woodcuttool-maxrects-v1","craft-storage-cabinet","Craft storage cabinet","Storage","10","8441.3","8441.3","1","0.09375","96","48","94","46","orientation_locked","4","48.8","51.2","0","true","https://woodcuttool.com/templates/craft-storage-cabinet-cut-list/"
"2026-07-18","woodcuttool-maxrects-v1","craft-storage-cabinet","Craft storage cabinet","Storage","10","8441.3","8441.3","1","0.125","96","48","94","46","rotation_allowed","3","65.1","34.9","0","true","https://woodcuttool.com/templates/craft-storage-cabinet-cut-list/"
"2026-07-18","woodcuttool-maxrects-v1","craft-storage-cabinet","Craft storage cabinet","Storage","10","8441.3","8441.3","1","0.125","96","48","94","46","orientation_locked","4","48.8","51.2","0","true","https://woodcuttool.com/templates/craft-storage-cabinet-cut-list/"
"2026-07-18","woodcuttool-maxrects-v1","craft-storage-cabinet","Craft storage cabinet","Storage","10","8441.3","8441.3","1","0.1875","96","48","94","46","rotation_allowed","3","65.1","34.9","0","true","https://woodcuttool.com/templates/craft-storage-cabinet-cut-list/"
"2026-07-18","woodcuttool-maxrects-v1","craft-storage-cabinet","Craft storage cabinet","Storage","10","8441.3","8441.3","1","0.1875","96","48","94","46","orientation_locked","4","48.8","51.2","0","true","https://woodcuttool.com/templates/craft-storage-cabinet-cut-list/"
"2026-07-18","woodcuttool-maxrects-v1","craft-storage-cabinet","Craft storage cabinet","Storage","10","8441.3","8441.3","1","0.25","96","48","94","46","rotation_allowed","3","65.1","34.9","0","true","https://woodcuttool.com/templates/craft-storage-cabinet-cut-list/"
"2026-07-18","woodcuttool-maxrects-v1","craft-storage-cabinet","Craft storage cabinet","Storage","10","8441.3","8441.3","1","0.25","96","48","94","46","orientation_locked","4","48.8","51.2","0","true","https://woodcuttool.com/templates/craft-storage-cabinet-cut-list/"
"2026-07-18","woodcuttool-maxrects-v1","sewing-table","Sewing table","Furniture","6","3627","3627","0","0","96","48","96","48","rotation_allowed","1","78.7","21.3","0","true","https://woodcuttool.com/templates/sewing-table-cut-list/"
"2026-07-18","woodcuttool-maxrects-v1","sewing-table","Sewing table","Furniture","6","3627","3627","0","0","96","48","96","48","orientation_locked","2","39.4","60.6","0","true","https://woodcuttool.com/templates/sewing-table-cut-list/"
"2026-07-18","woodcuttool-maxrects-v1","sewing-table","Sewing table","Furniture","6","3627","3627","0","0.03125","96","48","96","48","rotation_allowed","1","78.7","21.3","0","true","https://woodcuttool.com/templates/sewing-table-cut-list/"
"2026-07-18","woodcuttool-maxrects-v1","sewing-table","Sewing table","Furniture","6","3627","3627","0","0.03125","96","48","96","48","orientation_locked","2","39.4","60.6","0","true","https://woodcuttool.com/templates/sewing-table-cut-list/"
"2026-07-18","woodcuttool-maxrects-v1","sewing-table","Sewing table","Furniture","6","3627","3627","0","0.0625","96","48","96","48","rotation_allowed","1","78.7","21.3","0","true","https://woodcuttool.com/templates/sewing-table-cut-list/"
"2026-07-18","woodcuttool-maxrects-v1","sewing-table","Sewing table","Furniture","6","3627","3627","0","0.0625","96","48","96","48","orientation_locked","2","39.4","60.6","0","true","https://woodcuttool.com/templates/sewing-table-cut-list/"
"2026-07-18","woodcuttool-maxrects-v1","sewing-table","Sewing table","Furniture","6","3627","3627","0","0.09375","96","48","96","48","rotation_allowed","1","78.7","21.3","0","true","https://woodcuttool.com/templates/sewing-table-cut-list/"
"2026-07-18","woodcuttool-maxrects-v1","sewing-table","Sewing table","Furniture","6","3627","3627","0","0.09375","96","48","96","48","orientation_locked","2","39.4","60.6","0","true","https://woodcuttool.com/templates/sewing-table-cut-list/"
"2026-07-18","woodcuttool-maxrects-v1","sewing-table","Sewing table","Furniture","6","3627","3627","0","0.125","96","48","96","48","rotation_allowed","1","78.7","21.3","0","true","https://woodcuttool.com/templates/sewing-table-cut-list/"
"2026-07-18","woodcuttool-maxrects-v1","sewing-table","Sewing table","Furniture","6","3627","3627","0","0.125","96","48","96","48","orientation_locked","2","39.4","60.6","0","true","https://woodcuttool.com/templates/sewing-table-cut-list/"
"2026-07-18","woodcuttool-maxrects-v1","sewing-table","Sewing table","Furniture","6","3627","3627","0","0.1875","96","48","96","48","rotation_allowed","1","78.7","21.3","0","true","https://woodcuttool.com/templates/sewing-table-cut-list/"
"2026-07-18","woodcuttool-maxrects-v1","sewing-table","Sewing table","Furniture","6","3627","3627","0","0.1875","96","48","96","48","orientation_locked","2","39.4","60.6","0","true","https://woodcuttool.com/templates/sewing-table-cut-list/"
"2026-07-18","woodcuttool-maxrects-v1","sewing-table","Sewing table","Furniture","6","3627","3627","0","0.25","96","48","96","48","rotation_allowed","1","78.7","21.3","0","true","https://woodcuttool.com/templates/sewing-table-cut-list/"
"2026-07-18","woodcuttool-maxrects-v1","sewing-table","Sewing table","Furniture","6","3627","3627","0","0.25","96","48","96","48","orientation_locked","2","39.4","60.6","0","true","https://woodcuttool.com/templates/sewing-table-cut-list/"
"2026-07-18","woodcuttool-maxrects-v1","sewing-table","Sewing table","Furniture","6","3627","3627","0.125","0","96","48","95.75","47.75","rotation_allowed","1","79.3","20.7","0","true","https://woodcuttool.com/templates/sewing-table-cut-list/"
"2026-07-18","woodcuttool-maxrects-v1","sewing-table","Sewing table","Furniture","6","3627","3627","0.125","0","96","48","95.75","47.75","orientation_locked","2","39.7","60.3","0","true","https://woodcuttool.com/templates/sewing-table-cut-list/"
"2026-07-18","woodcuttool-maxrects-v1","sewing-table","Sewing table","Furniture","6","3627","3627","0.125","0.03125","96","48","95.75","47.75","rotation_allowed","1","79.3","20.7","0","true","https://woodcuttool.com/templates/sewing-table-cut-list/"
"2026-07-18","woodcuttool-maxrects-v1","sewing-table","Sewing table","Furniture","6","3627","3627","0.125","0.03125","96","48","95.75","47.75","orientation_locked","2","39.7","60.3","0","true","https://woodcuttool.com/templates/sewing-table-cut-list/"
"2026-07-18","woodcuttool-maxrects-v1","sewing-table","Sewing table","Furniture","6","3627","3627","0.125","0.0625","96","48","95.75","47.75","rotation_allowed","1","79.3","20.7","0","true","https://woodcuttool.com/templates/sewing-table-cut-list/"
"2026-07-18","woodcuttool-maxrects-v1","sewing-table","Sewing table","Furniture","6","3627","3627","0.125","0.0625","96","48","95.75","47.75","orientation_locked","2","39.7","60.3","0","true","https://woodcuttool.com/templates/sewing-table-cut-list/"
"2026-07-18","woodcuttool-maxrects-v1","sewing-table","Sewing table","Furniture","6","3627","3627","0.125","0.09375","96","48","95.75","47.75","rotation_allowed","1","79.3","20.7","0","true","https://woodcuttool.com/templates/sewing-table-cut-list/"
"2026-07-18","woodcuttool-maxrects-v1","sewing-table","Sewing table","Furniture","6","3627","3627","0.125","0.09375","96","48","95.75","47.75","orientation_locked","2","39.7","60.3","0","true","https://woodcuttool.com/templates/sewing-table-cut-list/"
"2026-07-18","woodcuttool-maxrects-v1","sewing-table","Sewing table","Furniture","6","3627","3627","0.125","0.125","96","48","95.75","47.75","rotation_allowed","1","79.3","20.7","0","true","https://woodcuttool.com/templates/sewing-table-cut-list/"
"2026-07-18","woodcuttool-maxrects-v1","sewing-table","Sewing table","Furniture","6","3627","3627","0.125","0.125","96","48","95.75","47.75","orientation_locked","2","39.7","60.3","0","true","https://woodcuttool.com/templates/sewing-table-cut-list/"
"2026-07-18","woodcuttool-maxrects-v1","sewing-table","Sewing table","Furniture","6","3627","3627","0.125","0.1875","96","48","95.75","47.75","rotation_allowed","1","79.3","20.7","0","true","https://woodcuttool.com/templates/sewing-table-cut-list/"
"2026-07-18","woodcuttool-maxrects-v1","sewing-table","Sewing table","Furniture","6","3627","3627","0.125","0.1875","96","48","95.75","47.75","orientation_locked","2","39.7","60.3","0","true","https://woodcuttool.com/templates/sewing-table-cut-list/"
"2026-07-18","woodcuttool-maxrects-v1","sewing-table","Sewing table","Furniture","6","3627","3627","0.125","0.25","96","48","95.75","47.75","rotation_allowed","1","79.3","20.7","0","true","https://woodcuttool.com/templates/sewing-table-cut-list/"
"2026-07-18","woodcuttool-maxrects-v1","sewing-table","Sewing table","Furniture","6","3627","3627","0.125","0.25","96","48","95.75","47.75","orientation_locked","2","39.7","60.3","0","true","https://woodcuttool.com/templates/sewing-table-cut-list/"
"2026-07-18","woodcuttool-maxrects-v1","sewing-table","Sewing table","Furniture","6","3627","3627","0.25","0","96","48","95.5","47.5","rotation_allowed","1","80","20","0","true","https://woodcuttool.com/templates/sewing-table-cut-list/"
"2026-07-18","woodcuttool-maxrects-v1","sewing-table","Sewing table","Furniture","6","3627","3627","0.25","0","96","48","95.5","47.5","orientation_locked","2","40","60","0","true","https://woodcuttool.com/templates/sewing-table-cut-list/"
"2026-07-18","woodcuttool-maxrects-v1","sewing-table","Sewing table","Furniture","6","3627","3627","0.25","0.03125","96","48","95.5","47.5","rotation_allowed","1","80","20","0","true","https://woodcuttool.com/templates/sewing-table-cut-list/"
"2026-07-18","woodcuttool-maxrects-v1","sewing-table","Sewing table","Furniture","6","3627","3627","0.25","0.03125","96","48","95.5","47.5","orientation_locked","2","40","60","0","true","https://woodcuttool.com/templates/sewing-table-cut-list/"
"2026-07-18","woodcuttool-maxrects-v1","sewing-table","Sewing table","Furniture","6","3627","3627","0.25","0.0625","96","48","95.5","47.5","rotation_allowed","1","80","20","0","true","https://woodcuttool.com/templates/sewing-table-cut-list/"
"2026-07-18","woodcuttool-maxrects-v1","sewing-table","Sewing table","Furniture","6","3627","3627","0.25","0.0625","96","48","95.5","47.5","orientation_locked","2","40","60","0","true","https://woodcuttool.com/templates/sewing-table-cut-list/"
"2026-07-18","woodcuttool-maxrects-v1","sewing-table","Sewing table","Furniture","6","3627","3627","0.25","0.09375","96","48","95.5","47.5","rotation_allowed","1","80","20","0","true","https://woodcuttool.com/templates/sewing-table-cut-list/"
"2026-07-18","woodcuttool-maxrects-v1","sewing-table","Sewing table","Furniture","6","3627","3627","0.25","0.09375","96","48","95.5","47.5","orientation_locked","2","40","60","0","true","https://woodcuttool.com/templates/sewing-table-cut-list/"
"2026-07-18","woodcuttool-maxrects-v1","sewing-table","Sewing table","Furniture","6","3627","3627","0.25","0.125","96","48","95.5","47.5","rotation_allowed","1","80","20","0","true","https://woodcuttool.com/templates/sewing-table-cut-list/"
"2026-07-18","woodcuttool-maxrects-v1","sewing-table","Sewing table","Furniture","6","3627","3627","0.25","0.125","96","48","95.5","47.5","orientation_locked","2","40","60","0","true","https://woodcuttool.com/templates/sewing-table-cut-list/"
"2026-07-18","woodcuttool-maxrects-v1","sewing-table","Sewing table","Furniture","6","3627","3627","0.25","0.1875","96","48","95.5","47.5","rotation_allowed","1","80","20","0","true","https://woodcuttool.com/templates/sewing-table-cut-list/"
"2026-07-18","woodcuttool-maxrects-v1","sewing-table","Sewing table","Furniture","6","3627","3627","0.25","0.1875","96","48","95.5","47.5","orientation_locked","2","40","60","0","true","https://woodcuttool.com/templates/sewing-table-cut-list/"
"2026-07-18","woodcuttool-maxrects-v1","sewing-table","Sewing table","Furniture","6","3627","3627","0.25","0.25","96","48","95.5","47.5","rotation_allowed","1","80","20","0","true","https://woodcuttool.com/templates/sewing-table-cut-list/"
"2026-07-18","woodcuttool-maxrects-v1","sewing-table","Sewing table","Furniture","6","3627","3627","0.25","0.25","96","48","95.5","47.5","orientation_locked","2","40","60","0","true","https://woodcuttool.com/templates/sewing-table-cut-list/"
"2026-07-18","woodcuttool-maxrects-v1","sewing-table","Sewing table","Furniture","6","3627","3627","0.5","0","96","48","95","47","rotation_allowed","1","81.2","18.8","0","true","https://woodcuttool.com/templates/sewing-table-cut-list/"
"2026-07-18","woodcuttool-maxrects-v1","sewing-table","Sewing table","Furniture","6","3627","3627","0.5","0","96","48","95","47","orientation_locked","2","40.6","59.4","0","true","https://woodcuttool.com/templates/sewing-table-cut-list/"
"2026-07-18","woodcuttool-maxrects-v1","sewing-table","Sewing table","Furniture","6","3627","3627","0.5","0.03125","96","48","95","47","rotation_allowed","1","81.2","18.8","0","true","https://woodcuttool.com/templates/sewing-table-cut-list/"
"2026-07-18","woodcuttool-maxrects-v1","sewing-table","Sewing table","Furniture","6","3627","3627","0.5","0.03125","96","48","95","47","orientation_locked","2","40.6","59.4","0","true","https://woodcuttool.com/templates/sewing-table-cut-list/"
"2026-07-18","woodcuttool-maxrects-v1","sewing-table","Sewing table","Furniture","6","3627","3627","0.5","0.0625","96","48","95","47","rotation_allowed","1","81.2","18.8","0","true","https://woodcuttool.com/templates/sewing-table-cut-list/"
"2026-07-18","woodcuttool-maxrects-v1","sewing-table","Sewing table","Furniture","6","3627","3627","0.5","0.0625","96","48","95","47","orientation_locked","2","40.6","59.4","0","true","https://woodcuttool.com/templates/sewing-table-cut-list/"
"2026-07-18","woodcuttool-maxrects-v1","sewing-table","Sewing table","Furniture","6","3627","3627","0.5","0.09375","96","48","95","47","rotation_allowed","1","81.2","18.8","0","true","https://woodcuttool.com/templates/sewing-table-cut-list/"
"2026-07-18","woodcuttool-maxrects-v1","sewing-table","Sewing table","Furniture","6","3627","3627","0.5","0.09375","96","48","95","47","orientation_locked","2","40.6","59.4","0","true","https://woodcuttool.com/templates/sewing-table-cut-list/"
"2026-07-18","woodcuttool-maxrects-v1","sewing-table","Sewing table","Furniture","6","3627","3627","0.5","0.125","96","48","95","47","rotation_allowed","1","81.2","18.8","0","true","https://woodcuttool.com/templates/sewing-table-cut-list/"
"2026-07-18","woodcuttool-maxrects-v1","sewing-table","Sewing table","Furniture","6","3627","3627","0.5","0.125","96","48","95","47","orientation_locked","2","40.6","59.4","0","true","https://woodcuttool.com/templates/sewing-table-cut-list/"
"2026-07-18","woodcuttool-maxrects-v1","sewing-table","Sewing table","Furniture","6","3627","3627","0.5","0.1875","96","48","95","47","rotation_allowed","1","81.2","18.8","0","true","https://woodcuttool.com/templates/sewing-table-cut-list/"
"2026-07-18","woodcuttool-maxrects-v1","sewing-table","Sewing table","Furniture","6","3627","3627","0.5","0.1875","96","48","95","47","orientation_locked","2","40.6","59.4","0","true","https://woodcuttool.com/templates/sewing-table-cut-list/"
"2026-07-18","woodcuttool-maxrects-v1","sewing-table","Sewing table","Furniture","6","3627","3627","0.5","0.25","96","48","95","47","rotation_allowed","1","81.2","18.8","0","true","https://woodcuttool.com/templates/sewing-table-cut-list/"
"2026-07-18","woodcuttool-maxrects-v1","sewing-table","Sewing table","Furniture","6","3627","3627","0.5","0.25","96","48","95","47","orientation_locked","2","40.6","59.4","0","true","https://woodcuttool.com/templates/sewing-table-cut-list/"
"2026-07-18","woodcuttool-maxrects-v1","sewing-table","Sewing table","Furniture","6","3627","3627","1","0","96","48","94","46","rotation_allowed","1","83.9","16.1","0","true","https://woodcuttool.com/templates/sewing-table-cut-list/"
"2026-07-18","woodcuttool-maxrects-v1","sewing-table","Sewing table","Furniture","6","3627","3627","1","0","96","48","94","46","orientation_locked","2","41.9","58.1","0","true","https://woodcuttool.com/templates/sewing-table-cut-list/"
"2026-07-18","woodcuttool-maxrects-v1","sewing-table","Sewing table","Furniture","6","3627","3627","1","0.03125","96","48","94","46","rotation_allowed","1","83.9","16.1","0","true","https://woodcuttool.com/templates/sewing-table-cut-list/"
"2026-07-18","woodcuttool-maxrects-v1","sewing-table","Sewing table","Furniture","6","3627","3627","1","0.03125","96","48","94","46","orientation_locked","2","41.9","58.1","0","true","https://woodcuttool.com/templates/sewing-table-cut-list/"
"2026-07-18","woodcuttool-maxrects-v1","sewing-table","Sewing table","Furniture","6","3627","3627","1","0.0625","96","48","94","46","rotation_allowed","1","83.9","16.1","0","true","https://woodcuttool.com/templates/sewing-table-cut-list/"
"2026-07-18","woodcuttool-maxrects-v1","sewing-table","Sewing table","Furniture","6","3627","3627","1","0.0625","96","48","94","46","orientation_locked","2","41.9","58.1","0","true","https://woodcuttool.com/templates/sewing-table-cut-list/"
"2026-07-18","woodcuttool-maxrects-v1","sewing-table","Sewing table","Furniture","6","3627","3627","1","0.09375","96","48","94","46","rotation_allowed","1","83.9","16.1","0","true","https://woodcuttool.com/templates/sewing-table-cut-list/"
"2026-07-18","woodcuttool-maxrects-v1","sewing-table","Sewing table","Furniture","6","3627","3627","1","0.09375","96","48","94","46","orientation_locked","2","41.9","58.1","0","true","https://woodcuttool.com/templates/sewing-table-cut-list/"
"2026-07-18","woodcuttool-maxrects-v1","sewing-table","Sewing table","Furniture","6","3627","3627","1","0.125","96","48","94","46","rotation_allowed","1","83.9","16.1","0","true","https://woodcuttool.com/templates/sewing-table-cut-list/"
"2026-07-18","woodcuttool-maxrects-v1","sewing-table","Sewing table","Furniture","6","3627","3627","1","0.125","96","48","94","46","orientation_locked","2","41.9","58.1","0","true","https://woodcuttool.com/templates/sewing-table-cut-list/"
"2026-07-18","woodcuttool-maxrects-v1","sewing-table","Sewing table","Furniture","6","3627","3627","1","0.1875","96","48","94","46","rotation_allowed","1","83.9","16.1","0","true","https://woodcuttool.com/templates/sewing-table-cut-list/"
"2026-07-18","woodcuttool-maxrects-v1","sewing-table","Sewing table","Furniture","6","3627","3627","1","0.1875","96","48","94","46","orientation_locked","2","41.9","58.1","0","true","https://woodcuttool.com/templates/sewing-table-cut-list/"
"2026-07-18","woodcuttool-maxrects-v1","sewing-table","Sewing table","Furniture","6","3627","3627","1","0.25","96","48","94","46","rotation_allowed","1","83.9","16.1","0","true","https://woodcuttool.com/templates/sewing-table-cut-list/"
"2026-07-18","woodcuttool-maxrects-v1","sewing-table","Sewing table","Furniture","6","3627","3627","1","0.25","96","48","94","46","orientation_locked","2","41.9","58.1","0","true","https://woodcuttool.com/templates/sewing-table-cut-list/"
"2026-07-18","woodcuttool-maxrects-v1","sheet-goods-storage-cart","Sheet goods storage cart","Shop","11","7840","7840","0","0","96","48","96","48","rotation_allowed","3","56.7","43.3","0","true","https://woodcuttool.com/templates/sheet-goods-storage-cart-cut-list/"
"2026-07-18","woodcuttool-maxrects-v1","sheet-goods-storage-cart","Sheet goods storage cart","Shop","11","7840","7840","0","0","96","48","96","48","orientation_locked","3","56.7","43.3","0","true","https://woodcuttool.com/templates/sheet-goods-storage-cart-cut-list/"
"2026-07-18","woodcuttool-maxrects-v1","sheet-goods-storage-cart","Sheet goods storage cart","Shop","11","7840","7840","0","0.03125","96","48","96","48","rotation_allowed","4","42.5","57.5","0","true","https://woodcuttool.com/templates/sheet-goods-storage-cart-cut-list/"
"2026-07-18","woodcuttool-maxrects-v1","sheet-goods-storage-cart","Sheet goods storage cart","Shop","11","7840","7840","0","0.03125","96","48","96","48","orientation_locked","5","34","66","0","true","https://woodcuttool.com/templates/sheet-goods-storage-cart-cut-list/"
"2026-07-18","woodcuttool-maxrects-v1","sheet-goods-storage-cart","Sheet goods storage cart","Shop","11","7840","7840","0","0.0625","96","48","96","48","rotation_allowed","4","42.5","57.5","0","true","https://woodcuttool.com/templates/sheet-goods-storage-cart-cut-list/"
"2026-07-18","woodcuttool-maxrects-v1","sheet-goods-storage-cart","Sheet goods storage cart","Shop","11","7840","7840","0","0.0625","96","48","96","48","orientation_locked","5","34","66","0","true","https://woodcuttool.com/templates/sheet-goods-storage-cart-cut-list/"
"2026-07-18","woodcuttool-maxrects-v1","sheet-goods-storage-cart","Sheet goods storage cart","Shop","11","7840","7840","0","0.09375","96","48","96","48","rotation_allowed","4","42.5","57.5","0","true","https://woodcuttool.com/templates/sheet-goods-storage-cart-cut-list/"
"2026-07-18","woodcuttool-maxrects-v1","sheet-goods-storage-cart","Sheet goods storage cart","Shop","11","7840","7840","0","0.09375","96","48","96","48","orientation_locked","5","34","66","0","true","https://woodcuttool.com/templates/sheet-goods-storage-cart-cut-list/"
"2026-07-18","woodcuttool-maxrects-v1","sheet-goods-storage-cart","Sheet goods storage cart","Shop","11","7840","7840","0","0.125","96","48","96","48","rotation_allowed","4","42.5","57.5","0","true","https://woodcuttool.com/templates/sheet-goods-storage-cart-cut-list/"
"2026-07-18","woodcuttool-maxrects-v1","sheet-goods-storage-cart","Sheet goods storage cart","Shop","11","7840","7840","0","0.125","96","48","96","48","orientation_locked","5","34","66","0","true","https://woodcuttool.com/templates/sheet-goods-storage-cart-cut-list/"
"2026-07-18","woodcuttool-maxrects-v1","sheet-goods-storage-cart","Sheet goods storage cart","Shop","11","7840","7840","0","0.1875","96","48","96","48","rotation_allowed","4","42.5","57.5","0","true","https://woodcuttool.com/templates/sheet-goods-storage-cart-cut-list/"
"2026-07-18","woodcuttool-maxrects-v1","sheet-goods-storage-cart","Sheet goods storage cart","Shop","11","7840","7840","0","0.1875","96","48","96","48","orientation_locked","5","34","66","0","true","https://woodcuttool.com/templates/sheet-goods-storage-cart-cut-list/"
"2026-07-18","woodcuttool-maxrects-v1","sheet-goods-storage-cart","Sheet goods storage cart","Shop","11","7840","7840","0","0.25","96","48","96","48","rotation_allowed","4","42.5","57.5","0","true","https://woodcuttool.com/templates/sheet-goods-storage-cart-cut-list/"
"2026-07-18","woodcuttool-maxrects-v1","sheet-goods-storage-cart","Sheet goods storage cart","Shop","11","7840","7840","0","0.25","96","48","96","48","orientation_locked","5","34","66","0","true","https://woodcuttool.com/templates/sheet-goods-storage-cart-cut-list/"
"2026-07-18","woodcuttool-maxrects-v1","sheet-goods-storage-cart","Sheet goods storage cart","Shop","11","7840","7840","0.125","0","96","48","95.75","47.75","rotation_allowed","5","34.3","65.7","0","true","https://woodcuttool.com/templates/sheet-goods-storage-cart-cut-list/"
"2026-07-18","woodcuttool-maxrects-v1","sheet-goods-storage-cart","Sheet goods storage cart","Shop","11","7840","7840","0.125","0","96","48","95.75","47.75","orientation_locked","5","34.3","65.7","0","true","https://woodcuttool.com/templates/sheet-goods-storage-cart-cut-list/"
"2026-07-18","woodcuttool-maxrects-v1","sheet-goods-storage-cart","Sheet goods storage cart","Shop","11","7840","7840","0.125","0.03125","96","48","95.75","47.75","rotation_allowed","5","34.3","65.7","0","true","https://woodcuttool.com/templates/sheet-goods-storage-cart-cut-list/"
"2026-07-18","woodcuttool-maxrects-v1","sheet-goods-storage-cart","Sheet goods storage cart","Shop","11","7840","7840","0.125","0.03125","96","48","95.75","47.75","orientation_locked","5","34.3","65.7","0","true","https://woodcuttool.com/templates/sheet-goods-storage-cart-cut-list/"
"2026-07-18","woodcuttool-maxrects-v1","sheet-goods-storage-cart","Sheet goods storage cart","Shop","11","7840","7840","0.125","0.0625","96","48","95.75","47.75","rotation_allowed","5","34.3","65.7","0","true","https://woodcuttool.com/templates/sheet-goods-storage-cart-cut-list/"
"2026-07-18","woodcuttool-maxrects-v1","sheet-goods-storage-cart","Sheet goods storage cart","Shop","11","7840","7840","0.125","0.0625","96","48","95.75","47.75","orientation_locked","5","34.3","65.7","0","true","https://woodcuttool.com/templates/sheet-goods-storage-cart-cut-list/"
"2026-07-18","woodcuttool-maxrects-v1","sheet-goods-storage-cart","Sheet goods storage cart","Shop","11","7840","7840","0.125","0.09375","96","48","95.75","47.75","rotation_allowed","5","34.3","65.7","0","true","https://woodcuttool.com/templates/sheet-goods-storage-cart-cut-list/"
"2026-07-18","woodcuttool-maxrects-v1","sheet-goods-storage-cart","Sheet goods storage cart","Shop","11","7840","7840","0.125","0.09375","96","48","95.75","47.75","orientation_locked","5","34.3","65.7","0","true","https://woodcuttool.com/templates/sheet-goods-storage-cart-cut-list/"
"2026-07-18","woodcuttool-maxrects-v1","sheet-goods-storage-cart","Sheet goods storage cart","Shop","11","7840","7840","0.125","0.125","96","48","95.75","47.75","rotation_allowed","5","34.3","65.7","0","true","https://woodcuttool.com/templates/sheet-goods-storage-cart-cut-list/"
"2026-07-18","woodcuttool-maxrects-v1","sheet-goods-storage-cart","Sheet goods storage cart","Shop","11","7840","7840","0.125","0.125","96","48","95.75","47.75","orientation_locked","5","34.3","65.7","0","true","https://woodcuttool.com/templates/sheet-goods-storage-cart-cut-list/"
"2026-07-18","woodcuttool-maxrects-v1","sheet-goods-storage-cart","Sheet goods storage cart","Shop","11","7840","7840","0.125","0.1875","96","48","95.75","47.75","rotation_allowed","5","34.3","65.7","0","true","https://woodcuttool.com/templates/sheet-goods-storage-cart-cut-list/"
"2026-07-18","woodcuttool-maxrects-v1","sheet-goods-storage-cart","Sheet goods storage cart","Shop","11","7840","7840","0.125","0.1875","96","48","95.75","47.75","orientation_locked","5","34.3","65.7","0","true","https://woodcuttool.com/templates/sheet-goods-storage-cart-cut-list/"
"2026-07-18","woodcuttool-maxrects-v1","sheet-goods-storage-cart","Sheet goods storage cart","Shop","11","7840","7840","0.125","0.25","96","48","95.75","47.75","rotation_allowed","5","34.3","65.7","0","true","https://woodcuttool.com/templates/sheet-goods-storage-cart-cut-list/"
"2026-07-18","woodcuttool-maxrects-v1","sheet-goods-storage-cart","Sheet goods storage cart","Shop","11","7840","7840","0.125","0.25","96","48","95.75","47.75","orientation_locked","5","34.3","65.7","0","true","https://woodcuttool.com/templates/sheet-goods-storage-cart-cut-list/"
"2026-07-18","woodcuttool-maxrects-v1","sheet-goods-storage-cart","Sheet goods storage cart","Shop","11","7840","7840","0.25","0","96","48","95.5","47.5","rotation_allowed","5","34.6","65.4","0","true","https://woodcuttool.com/templates/sheet-goods-storage-cart-cut-list/"
"2026-07-18","woodcuttool-maxrects-v1","sheet-goods-storage-cart","Sheet goods storage cart","Shop","11","7840","7840","0.25","0","96","48","95.5","47.5","orientation_locked","5","34.6","65.4","0","true","https://woodcuttool.com/templates/sheet-goods-storage-cart-cut-list/"
"2026-07-18","woodcuttool-maxrects-v1","sheet-goods-storage-cart","Sheet goods storage cart","Shop","11","7840","7840","0.25","0.03125","96","48","95.5","47.5","rotation_allowed","5","34.6","65.4","0","true","https://woodcuttool.com/templates/sheet-goods-storage-cart-cut-list/"
"2026-07-18","woodcuttool-maxrects-v1","sheet-goods-storage-cart","Sheet goods storage cart","Shop","11","7840","7840","0.25","0.03125","96","48","95.5","47.5","orientation_locked","5","34.6","65.4","0","true","https://woodcuttool.com/templates/sheet-goods-storage-cart-cut-list/"
"2026-07-18","woodcuttool-maxrects-v1","sheet-goods-storage-cart","Sheet goods storage cart","Shop","11","7840","7840","0.25","0.0625","96","48","95.5","47.5","rotation_allowed","5","34.6","65.4","0","true","https://woodcuttool.com/templates/sheet-goods-storage-cart-cut-list/"
"2026-07-18","woodcuttool-maxrects-v1","sheet-goods-storage-cart","Sheet goods storage cart","Shop","11","7840","7840","0.25","0.0625","96","48","95.5","47.5","orientation_locked","5","34.6","65.4","0","true","https://woodcuttool.com/templates/sheet-goods-storage-cart-cut-list/"
"2026-07-18","woodcuttool-maxrects-v1","sheet-goods-storage-cart","Sheet goods storage cart","Shop","11","7840","7840","0.25","0.09375","96","48","95.5","47.5","rotation_allowed","5","34.6","65.4","0","true","https://woodcuttool.com/templates/sheet-goods-storage-cart-cut-list/"
"2026-07-18","woodcuttool-maxrects-v1","sheet-goods-storage-cart","Sheet goods storage cart","Shop","11","7840","7840","0.25","0.09375","96","48","95.5","47.5","orientation_locked","5","34.6","65.4","0","true","https://woodcuttool.com/templates/sheet-goods-storage-cart-cut-list/"
"2026-07-18","woodcuttool-maxrects-v1","sheet-goods-storage-cart","Sheet goods storage cart","Shop","11","7840","7840","0.25","0.125","96","48","95.5","47.5","rotation_allowed","5","34.6","65.4","0","true","https://woodcuttool.com/templates/sheet-goods-storage-cart-cut-list/"
"2026-07-18","woodcuttool-maxrects-v1","sheet-goods-storage-cart","Sheet goods storage cart","Shop","11","7840","7840","0.25","0.125","96","48","95.5","47.5","orientation_locked","5","34.6","65.4","0","true","https://woodcuttool.com/templates/sheet-goods-storage-cart-cut-list/"
"2026-07-18","woodcuttool-maxrects-v1","sheet-goods-storage-cart","Sheet goods storage cart","Shop","11","7840","7840","0.25","0.1875","96","48","95.5","47.5","rotation_allowed","5","34.6","65.4","0","true","https://woodcuttool.com/templates/sheet-goods-storage-cart-cut-list/"
"2026-07-18","woodcuttool-maxrects-v1","sheet-goods-storage-cart","Sheet goods storage cart","Shop","11","7840","7840","0.25","0.1875","96","48","95.5","47.5","orientation_locked","5","34.6","65.4","0","true","https://woodcuttool.com/templates/sheet-goods-storage-cart-cut-list/"
"2026-07-18","woodcuttool-maxrects-v1","sheet-goods-storage-cart","Sheet goods storage cart","Shop","11","7840","7840","0.25","0.25","96","48","95.5","47.5","rotation_allowed","5","34.6","65.4","0","true","https://woodcuttool.com/templates/sheet-goods-storage-cart-cut-list/"
"2026-07-18","woodcuttool-maxrects-v1","sheet-goods-storage-cart","Sheet goods storage cart","Shop","11","7840","7840","0.25","0.25","96","48","95.5","47.5","orientation_locked","5","34.6","65.4","0","true","https://woodcuttool.com/templates/sheet-goods-storage-cart-cut-list/"
"2026-07-18","woodcuttool-maxrects-v1","sheet-goods-storage-cart","Sheet goods storage cart","Shop","11","7840","7840","0.5","0","96","48","95","47","rotation_allowed","5","35.1","64.9","0","true","https://woodcuttool.com/templates/sheet-goods-storage-cart-cut-list/"
"2026-07-18","woodcuttool-maxrects-v1","sheet-goods-storage-cart","Sheet goods storage cart","Shop","11","7840","7840","0.5","0","96","48","95","47","orientation_locked","5","35.1","64.9","0","true","https://woodcuttool.com/templates/sheet-goods-storage-cart-cut-list/"
"2026-07-18","woodcuttool-maxrects-v1","sheet-goods-storage-cart","Sheet goods storage cart","Shop","11","7840","7840","0.5","0.03125","96","48","95","47","rotation_allowed","5","35.1","64.9","0","true","https://woodcuttool.com/templates/sheet-goods-storage-cart-cut-list/"
"2026-07-18","woodcuttool-maxrects-v1","sheet-goods-storage-cart","Sheet goods storage cart","Shop","11","7840","7840","0.5","0.03125","96","48","95","47","orientation_locked","5","35.1","64.9","0","true","https://woodcuttool.com/templates/sheet-goods-storage-cart-cut-list/"
"2026-07-18","woodcuttool-maxrects-v1","sheet-goods-storage-cart","Sheet goods storage cart","Shop","11","7840","7840","0.5","0.0625","96","48","95","47","rotation_allowed","5","35.1","64.9","0","true","https://woodcuttool.com/templates/sheet-goods-storage-cart-cut-list/"
"2026-07-18","woodcuttool-maxrects-v1","sheet-goods-storage-cart","Sheet goods storage cart","Shop","11","7840","7840","0.5","0.0625","96","48","95","47","orientation_locked","5","35.1","64.9","0","true","https://woodcuttool.com/templates/sheet-goods-storage-cart-cut-list/"
"2026-07-18","woodcuttool-maxrects-v1","sheet-goods-storage-cart","Sheet goods storage cart","Shop","11","7840","7840","0.5","0.09375","96","48","95","47","rotation_allowed","5","35.1","64.9","0","true","https://woodcuttool.com/templates/sheet-goods-storage-cart-cut-list/"
"2026-07-18","woodcuttool-maxrects-v1","sheet-goods-storage-cart","Sheet goods storage cart","Shop","11","7840","7840","0.5","0.09375","96","48","95","47","orientation_locked","5","35.1","64.9","0","true","https://woodcuttool.com/templates/sheet-goods-storage-cart-cut-list/"
"2026-07-18","woodcuttool-maxrects-v1","sheet-goods-storage-cart","Sheet goods storage cart","Shop","11","7840","7840","0.5","0.125","96","48","95","47","rotation_allowed","5","35.1","64.9","0","true","https://woodcuttool.com/templates/sheet-goods-storage-cart-cut-list/"
"2026-07-18","woodcuttool-maxrects-v1","sheet-goods-storage-cart","Sheet goods storage cart","Shop","11","7840","7840","0.5","0.125","96","48","95","47","orientation_locked","5","35.1","64.9","0","true","https://woodcuttool.com/templates/sheet-goods-storage-cart-cut-list/"
"2026-07-18","woodcuttool-maxrects-v1","sheet-goods-storage-cart","Sheet goods storage cart","Shop","11","7840","7840","0.5","0.1875","96","48","95","47","rotation_allowed","5","35.1","64.9","0","true","https://woodcuttool.com/templates/sheet-goods-storage-cart-cut-list/"
"2026-07-18","woodcuttool-maxrects-v1","sheet-goods-storage-cart","Sheet goods storage cart","Shop","11","7840","7840","0.5","0.1875","96","48","95","47","orientation_locked","5","35.1","64.9","0","true","https://woodcuttool.com/templates/sheet-goods-storage-cart-cut-list/"
"2026-07-18","woodcuttool-maxrects-v1","sheet-goods-storage-cart","Sheet goods storage cart","Shop","11","7840","7840","0.5","0.25","96","48","95","47","rotation_allowed","5","35.1","64.9","0","true","https://woodcuttool.com/templates/sheet-goods-storage-cart-cut-list/"
"2026-07-18","woodcuttool-maxrects-v1","sheet-goods-storage-cart","Sheet goods storage cart","Shop","11","7840","7840","0.5","0.25","96","48","95","47","orientation_locked","5","35.1","64.9","0","true","https://woodcuttool.com/templates/sheet-goods-storage-cart-cut-list/"
"2026-07-18","woodcuttool-maxrects-v1","sheet-goods-storage-cart","Sheet goods storage cart","Shop","11","7840","7840","1","0","96","48","94","46","rotation_allowed","5","36.3","63.7","0","true","https://woodcuttool.com/templates/sheet-goods-storage-cart-cut-list/"
"2026-07-18","woodcuttool-maxrects-v1","sheet-goods-storage-cart","Sheet goods storage cart","Shop","11","7840","7840","1","0","96","48","94","46","orientation_locked","5","36.3","63.7","0","true","https://woodcuttool.com/templates/sheet-goods-storage-cart-cut-list/"
"2026-07-18","woodcuttool-maxrects-v1","sheet-goods-storage-cart","Sheet goods storage cart","Shop","11","7840","7840","1","0.03125","96","48","94","46","rotation_allowed","5","36.3","63.7","0","true","https://woodcuttool.com/templates/sheet-goods-storage-cart-cut-list/"
"2026-07-18","woodcuttool-maxrects-v1","sheet-goods-storage-cart","Sheet goods storage cart","Shop","11","7840","7840","1","0.03125","96","48","94","46","orientation_locked","5","36.3","63.7","0","true","https://woodcuttool.com/templates/sheet-goods-storage-cart-cut-list/"
"2026-07-18","woodcuttool-maxrects-v1","sheet-goods-storage-cart","Sheet goods storage cart","Shop","11","7840","7840","1","0.0625","96","48","94","46","rotation_allowed","5","36.3","63.7","0","true","https://woodcuttool.com/templates/sheet-goods-storage-cart-cut-list/"
"2026-07-18","woodcuttool-maxrects-v1","sheet-goods-storage-cart","Sheet goods storage cart","Shop","11","7840","7840","1","0.0625","96","48","94","46","orientation_locked","5","36.3","63.7","0","true","https://woodcuttool.com/templates/sheet-goods-storage-cart-cut-list/"
"2026-07-18","woodcuttool-maxrects-v1","sheet-goods-storage-cart","Sheet goods storage cart","Shop","11","7840","7840","1","0.09375","96","48","94","46","rotation_allowed","5","36.3","63.7","0","true","https://woodcuttool.com/templates/sheet-goods-storage-cart-cut-list/"
"2026-07-18","woodcuttool-maxrects-v1","sheet-goods-storage-cart","Sheet goods storage cart","Shop","11","7840","7840","1","0.09375","96","48","94","46","orientation_locked","5","36.3","63.7","0","true","https://woodcuttool.com/templates/sheet-goods-storage-cart-cut-list/"
"2026-07-18","woodcuttool-maxrects-v1","sheet-goods-storage-cart","Sheet goods storage cart","Shop","11","7840","7840","1","0.125","96","48","94","46","rotation_allowed","5","36.3","63.7","0","true","https://woodcuttool.com/templates/sheet-goods-storage-cart-cut-list/"
"2026-07-18","woodcuttool-maxrects-v1","sheet-goods-storage-cart","Sheet goods storage cart","Shop","11","7840","7840","1","0.125","96","48","94","46","orientation_locked","5","36.3","63.7","0","true","https://woodcuttool.com/templates/sheet-goods-storage-cart-cut-list/"
"2026-07-18","woodcuttool-maxrects-v1","sheet-goods-storage-cart","Sheet goods storage cart","Shop","11","7840","7840","1","0.1875","96","48","94","46","rotation_allowed","5","36.3","63.7","0","true","https://woodcuttool.com/templates/sheet-goods-storage-cart-cut-list/"
"2026-07-18","woodcuttool-maxrects-v1","sheet-goods-storage-cart","Sheet goods storage cart","Shop","11","7840","7840","1","0.1875","96","48","94","46","orientation_locked","5","36.3","63.7","0","true","https://woodcuttool.com/templates/sheet-goods-storage-cart-cut-list/"
"2026-07-18","woodcuttool-maxrects-v1","sheet-goods-storage-cart","Sheet goods storage cart","Shop","11","7840","7840","1","0.25","96","48","94","46","rotation_allowed","5","36.3","63.7","0","true","https://woodcuttool.com/templates/sheet-goods-storage-cart-cut-list/"
"2026-07-18","woodcuttool-maxrects-v1","sheet-goods-storage-cart","Sheet goods storage cart","Shop","11","7840","7840","1","0.25","96","48","94","46","orientation_locked","5","36.3","63.7","0","true","https://woodcuttool.com/templates/sheet-goods-storage-cart-cut-list/"
"2026-07-18","woodcuttool-maxrects-v1","cutoff-storage-bin","Cutoff storage bin","Shop","8","4455","4455","0","0","96","48","96","48","rotation_allowed","2","48.3","51.7","0","true","https://woodcuttool.com/templates/cutoff-storage-bin-cut-list/"
"2026-07-18","woodcuttool-maxrects-v1","cutoff-storage-bin","Cutoff storage bin","Shop","8","4455","4455","0","0","96","48","96","48","orientation_locked","2","48.3","51.7","0","true","https://woodcuttool.com/templates/cutoff-storage-bin-cut-list/"
"2026-07-18","woodcuttool-maxrects-v1","cutoff-storage-bin","Cutoff storage bin","Shop","8","4455","4455","0","0.03125","96","48","96","48","rotation_allowed","2","48.3","51.7","0","true","https://woodcuttool.com/templates/cutoff-storage-bin-cut-list/"
"2026-07-18","woodcuttool-maxrects-v1","cutoff-storage-bin","Cutoff storage bin","Shop","8","4455","4455","0","0.03125","96","48","96","48","orientation_locked","2","48.3","51.7","0","true","https://woodcuttool.com/templates/cutoff-storage-bin-cut-list/"
"2026-07-18","woodcuttool-maxrects-v1","cutoff-storage-bin","Cutoff storage bin","Shop","8","4455","4455","0","0.0625","96","48","96","48","rotation_allowed","2","48.3","51.7","0","true","https://woodcuttool.com/templates/cutoff-storage-bin-cut-list/"
"2026-07-18","woodcuttool-maxrects-v1","cutoff-storage-bin","Cutoff storage bin","Shop","8","4455","4455","0","0.0625","96","48","96","48","orientation_locked","2","48.3","51.7","0","true","https://woodcuttool.com/templates/cutoff-storage-bin-cut-list/"
"2026-07-18","woodcuttool-maxrects-v1","cutoff-storage-bin","Cutoff storage bin","Shop","8","4455","4455","0","0.09375","96","48","96","48","rotation_allowed","2","48.3","51.7","0","true","https://woodcuttool.com/templates/cutoff-storage-bin-cut-list/"
"2026-07-18","woodcuttool-maxrects-v1","cutoff-storage-bin","Cutoff storage bin","Shop","8","4455","4455","0","0.09375","96","48","96","48","orientation_locked","2","48.3","51.7","0","true","https://woodcuttool.com/templates/cutoff-storage-bin-cut-list/"
"2026-07-18","woodcuttool-maxrects-v1","cutoff-storage-bin","Cutoff storage bin","Shop","8","4455","4455","0","0.125","96","48","96","48","rotation_allowed","2","48.3","51.7","0","true","https://woodcuttool.com/templates/cutoff-storage-bin-cut-list/"
"2026-07-18","woodcuttool-maxrects-v1","cutoff-storage-bin","Cutoff storage bin","Shop","8","4455","4455","0","0.125","96","48","96","48","orientation_locked","2","48.3","51.7","0","true","https://woodcuttool.com/templates/cutoff-storage-bin-cut-list/"
"2026-07-18","woodcuttool-maxrects-v1","cutoff-storage-bin","Cutoff storage bin","Shop","8","4455","4455","0","0.1875","96","48","96","48","rotation_allowed","2","48.3","51.7","0","true","https://woodcuttool.com/templates/cutoff-storage-bin-cut-list/"
"2026-07-18","woodcuttool-maxrects-v1","cutoff-storage-bin","Cutoff storage bin","Shop","8","4455","4455","0","0.1875","96","48","96","48","orientation_locked","2","48.3","51.7","0","true","https://woodcuttool.com/templates/cutoff-storage-bin-cut-list/"
"2026-07-18","woodcuttool-maxrects-v1","cutoff-storage-bin","Cutoff storage bin","Shop","8","4455","4455","0","0.25","96","48","96","48","rotation_allowed","2","48.3","51.7","0","true","https://woodcuttool.com/templates/cutoff-storage-bin-cut-list/"
"2026-07-18","woodcuttool-maxrects-v1","cutoff-storage-bin","Cutoff storage bin","Shop","8","4455","4455","0","0.25","96","48","96","48","orientation_locked","2","48.3","51.7","0","true","https://woodcuttool.com/templates/cutoff-storage-bin-cut-list/"
"2026-07-18","woodcuttool-maxrects-v1","cutoff-storage-bin","Cutoff storage bin","Shop","8","4455","4455","0.125","0","96","48","95.75","47.75","rotation_allowed","2","48.7","51.3","0","true","https://woodcuttool.com/templates/cutoff-storage-bin-cut-list/"
"2026-07-18","woodcuttool-maxrects-v1","cutoff-storage-bin","Cutoff storage bin","Shop","8","4455","4455","0.125","0","96","48","95.75","47.75","orientation_locked","2","48.7","51.3","0","true","https://woodcuttool.com/templates/cutoff-storage-bin-cut-list/"
"2026-07-18","woodcuttool-maxrects-v1","cutoff-storage-bin","Cutoff storage bin","Shop","8","4455","4455","0.125","0.03125","96","48","95.75","47.75","rotation_allowed","2","48.7","51.3","0","true","https://woodcuttool.com/templates/cutoff-storage-bin-cut-list/"
"2026-07-18","woodcuttool-maxrects-v1","cutoff-storage-bin","Cutoff storage bin","Shop","8","4455","4455","0.125","0.03125","96","48","95.75","47.75","orientation_locked","2","48.7","51.3","0","true","https://woodcuttool.com/templates/cutoff-storage-bin-cut-list/"
"2026-07-18","woodcuttool-maxrects-v1","cutoff-storage-bin","Cutoff storage bin","Shop","8","4455","4455","0.125","0.0625","96","48","95.75","47.75","rotation_allowed","2","48.7","51.3","0","true","https://woodcuttool.com/templates/cutoff-storage-bin-cut-list/"
"2026-07-18","woodcuttool-maxrects-v1","cutoff-storage-bin","Cutoff storage bin","Shop","8","4455","4455","0.125","0.0625","96","48","95.75","47.75","orientation_locked","2","48.7","51.3","0","true","https://woodcuttool.com/templates/cutoff-storage-bin-cut-list/"
"2026-07-18","woodcuttool-maxrects-v1","cutoff-storage-bin","Cutoff storage bin","Shop","8","4455","4455","0.125","0.09375","96","48","95.75","47.75","rotation_allowed","2","48.7","51.3","0","true","https://woodcuttool.com/templates/cutoff-storage-bin-cut-list/"
"2026-07-18","woodcuttool-maxrects-v1","cutoff-storage-bin","Cutoff storage bin","Shop","8","4455","4455","0.125","0.09375","96","48","95.75","47.75","orientation_locked","2","48.7","51.3","0","true","https://woodcuttool.com/templates/cutoff-storage-bin-cut-list/"
"2026-07-18","woodcuttool-maxrects-v1","cutoff-storage-bin","Cutoff storage bin","Shop","8","4455","4455","0.125","0.125","96","48","95.75","47.75","rotation_allowed","2","48.7","51.3","0","true","https://woodcuttool.com/templates/cutoff-storage-bin-cut-list/"
"2026-07-18","woodcuttool-maxrects-v1","cutoff-storage-bin","Cutoff storage bin","Shop","8","4455","4455","0.125","0.125","96","48","95.75","47.75","orientation_locked","2","48.7","51.3","0","true","https://woodcuttool.com/templates/cutoff-storage-bin-cut-list/"
"2026-07-18","woodcuttool-maxrects-v1","cutoff-storage-bin","Cutoff storage bin","Shop","8","4455","4455","0.125","0.1875","96","48","95.75","47.75","rotation_allowed","2","48.7","51.3","0","true","https://woodcuttool.com/templates/cutoff-storage-bin-cut-list/"
"2026-07-18","woodcuttool-maxrects-v1","cutoff-storage-bin","Cutoff storage bin","Shop","8","4455","4455","0.125","0.1875","96","48","95.75","47.75","orientation_locked","2","48.7","51.3","0","true","https://woodcuttool.com/templates/cutoff-storage-bin-cut-list/"
"2026-07-18","woodcuttool-maxrects-v1","cutoff-storage-bin","Cutoff storage bin","Shop","8","4455","4455","0.125","0.25","96","48","95.75","47.75","rotation_allowed","2","48.7","51.3","0","true","https://woodcuttool.com/templates/cutoff-storage-bin-cut-list/"
"2026-07-18","woodcuttool-maxrects-v1","cutoff-storage-bin","Cutoff storage bin","Shop","8","4455","4455","0.125","0.25","96","48","95.75","47.75","orientation_locked","2","48.7","51.3","0","true","https://woodcuttool.com/templates/cutoff-storage-bin-cut-list/"
"2026-07-18","woodcuttool-maxrects-v1","cutoff-storage-bin","Cutoff storage bin","Shop","8","4455","4455","0.25","0","96","48","95.5","47.5","rotation_allowed","2","49.1","50.9","0","true","https://woodcuttool.com/templates/cutoff-storage-bin-cut-list/"
"2026-07-18","woodcuttool-maxrects-v1","cutoff-storage-bin","Cutoff storage bin","Shop","8","4455","4455","0.25","0","96","48","95.5","47.5","orientation_locked","2","49.1","50.9","0","true","https://woodcuttool.com/templates/cutoff-storage-bin-cut-list/"
"2026-07-18","woodcuttool-maxrects-v1","cutoff-storage-bin","Cutoff storage bin","Shop","8","4455","4455","0.25","0.03125","96","48","95.5","47.5","rotation_allowed","2","49.1","50.9","0","true","https://woodcuttool.com/templates/cutoff-storage-bin-cut-list/"
"2026-07-18","woodcuttool-maxrects-v1","cutoff-storage-bin","Cutoff storage bin","Shop","8","4455","4455","0.25","0.03125","96","48","95.5","47.5","orientation_locked","2","49.1","50.9","0","true","https://woodcuttool.com/templates/cutoff-storage-bin-cut-list/"
"2026-07-18","woodcuttool-maxrects-v1","cutoff-storage-bin","Cutoff storage bin","Shop","8","4455","4455","0.25","0.0625","96","48","95.5","47.5","rotation_allowed","2","49.1","50.9","0","true","https://woodcuttool.com/templates/cutoff-storage-bin-cut-list/"
"2026-07-18","woodcuttool-maxrects-v1","cutoff-storage-bin","Cutoff storage bin","Shop","8","4455","4455","0.25","0.0625","96","48","95.5","47.5","orientation_locked","2","49.1","50.9","0","true","https://woodcuttool.com/templates/cutoff-storage-bin-cut-list/"
"2026-07-18","woodcuttool-maxrects-v1","cutoff-storage-bin","Cutoff storage bin","Shop","8","4455","4455","0.25","0.09375","96","48","95.5","47.5","rotation_allowed","2","49.1","50.9","0","true","https://woodcuttool.com/templates/cutoff-storage-bin-cut-list/"
"2026-07-18","woodcuttool-maxrects-v1","cutoff-storage-bin","Cutoff storage bin","Shop","8","4455","4455","0.25","0.09375","96","48","95.5","47.5","orientation_locked","2","49.1","50.9","0","true","https://woodcuttool.com/templates/cutoff-storage-bin-cut-list/"
"2026-07-18","woodcuttool-maxrects-v1","cutoff-storage-bin","Cutoff storage bin","Shop","8","4455","4455","0.25","0.125","96","48","95.5","47.5","rotation_allowed","2","49.1","50.9","0","true","https://woodcuttool.com/templates/cutoff-storage-bin-cut-list/"
"2026-07-18","woodcuttool-maxrects-v1","cutoff-storage-bin","Cutoff storage bin","Shop","8","4455","4455","0.25","0.125","96","48","95.5","47.5","orientation_locked","2","49.1","50.9","0","true","https://woodcuttool.com/templates/cutoff-storage-bin-cut-list/"
"2026-07-18","woodcuttool-maxrects-v1","cutoff-storage-bin","Cutoff storage bin","Shop","8","4455","4455","0.25","0.1875","96","48","95.5","47.5","rotation_allowed","2","49.1","50.9","0","true","https://woodcuttool.com/templates/cutoff-storage-bin-cut-list/"
"2026-07-18","woodcuttool-maxrects-v1","cutoff-storage-bin","Cutoff storage bin","Shop","8","4455","4455","0.25","0.1875","96","48","95.5","47.5","orientation_locked","2","49.1","50.9","0","true","https://woodcuttool.com/templates/cutoff-storage-bin-cut-list/"
"2026-07-18","woodcuttool-maxrects-v1","cutoff-storage-bin","Cutoff storage bin","Shop","8","4455","4455","0.25","0.25","96","48","95.5","47.5","rotation_allowed","2","49.1","50.9","0","true","https://woodcuttool.com/templates/cutoff-storage-bin-cut-list/"
"2026-07-18","woodcuttool-maxrects-v1","cutoff-storage-bin","Cutoff storage bin","Shop","8","4455","4455","0.25","0.25","96","48","95.5","47.5","orientation_locked","2","49.1","50.9","0","true","https://woodcuttool.com/templates/cutoff-storage-bin-cut-list/"
"2026-07-18","woodcuttool-maxrects-v1","cutoff-storage-bin","Cutoff storage bin","Shop","8","4455","4455","0.5","0","96","48","95","47","rotation_allowed","2","49.9","50.1","0","true","https://woodcuttool.com/templates/cutoff-storage-bin-cut-list/"
"2026-07-18","woodcuttool-maxrects-v1","cutoff-storage-bin","Cutoff storage bin","Shop","8","4455","4455","0.5","0","96","48","95","47","orientation_locked","2","49.9","50.1","0","true","https://woodcuttool.com/templates/cutoff-storage-bin-cut-list/"
"2026-07-18","woodcuttool-maxrects-v1","cutoff-storage-bin","Cutoff storage bin","Shop","8","4455","4455","0.5","0.03125","96","48","95","47","rotation_allowed","2","49.9","50.1","0","true","https://woodcuttool.com/templates/cutoff-storage-bin-cut-list/"
"2026-07-18","woodcuttool-maxrects-v1","cutoff-storage-bin","Cutoff storage bin","Shop","8","4455","4455","0.5","0.03125","96","48","95","47","orientation_locked","2","49.9","50.1","0","true","https://woodcuttool.com/templates/cutoff-storage-bin-cut-list/"
"2026-07-18","woodcuttool-maxrects-v1","cutoff-storage-bin","Cutoff storage bin","Shop","8","4455","4455","0.5","0.0625","96","48","95","47","rotation_allowed","2","49.9","50.1","0","true","https://woodcuttool.com/templates/cutoff-storage-bin-cut-list/"
"2026-07-18","woodcuttool-maxrects-v1","cutoff-storage-bin","Cutoff storage bin","Shop","8","4455","4455","0.5","0.0625","96","48","95","47","orientation_locked","2","49.9","50.1","0","true","https://woodcuttool.com/templates/cutoff-storage-bin-cut-list/"
"2026-07-18","woodcuttool-maxrects-v1","cutoff-storage-bin","Cutoff storage bin","Shop","8","4455","4455","0.5","0.09375","96","48","95","47","rotation_allowed","2","49.9","50.1","0","true","https://woodcuttool.com/templates/cutoff-storage-bin-cut-list/"
"2026-07-18","woodcuttool-maxrects-v1","cutoff-storage-bin","Cutoff storage bin","Shop","8","4455","4455","0.5","0.09375","96","48","95","47","orientation_locked","2","49.9","50.1","0","true","https://woodcuttool.com/templates/cutoff-storage-bin-cut-list/"
"2026-07-18","woodcuttool-maxrects-v1","cutoff-storage-bin","Cutoff storage bin","Shop","8","4455","4455","0.5","0.125","96","48","95","47","rotation_allowed","2","49.9","50.1","0","true","https://woodcuttool.com/templates/cutoff-storage-bin-cut-list/"
"2026-07-18","woodcuttool-maxrects-v1","cutoff-storage-bin","Cutoff storage bin","Shop","8","4455","4455","0.5","0.125","96","48","95","47","orientation_locked","2","49.9","50.1","0","true","https://woodcuttool.com/templates/cutoff-storage-bin-cut-list/"
"2026-07-18","woodcuttool-maxrects-v1","cutoff-storage-bin","Cutoff storage bin","Shop","8","4455","4455","0.5","0.1875","96","48","95","47","rotation_allowed","2","49.9","50.1","0","true","https://woodcuttool.com/templates/cutoff-storage-bin-cut-list/"
"2026-07-18","woodcuttool-maxrects-v1","cutoff-storage-bin","Cutoff storage bin","Shop","8","4455","4455","0.5","0.1875","96","48","95","47","orientation_locked","2","49.9","50.1","0","true","https://woodcuttool.com/templates/cutoff-storage-bin-cut-list/"
"2026-07-18","woodcuttool-maxrects-v1","cutoff-storage-bin","Cutoff storage bin","Shop","8","4455","4455","0.5","0.25","96","48","95","47","rotation_allowed","2","49.9","50.1","0","true","https://woodcuttool.com/templates/cutoff-storage-bin-cut-list/"
"2026-07-18","woodcuttool-maxrects-v1","cutoff-storage-bin","Cutoff storage bin","Shop","8","4455","4455","0.5","0.25","96","48","95","47","orientation_locked","2","49.9","50.1","0","true","https://woodcuttool.com/templates/cutoff-storage-bin-cut-list/"
"2026-07-18","woodcuttool-maxrects-v1","cutoff-storage-bin","Cutoff storage bin","Shop","8","4455","4455","1","0","96","48","94","46","rotation_allowed","2","51.5","48.5","0","true","https://woodcuttool.com/templates/cutoff-storage-bin-cut-list/"
"2026-07-18","woodcuttool-maxrects-v1","cutoff-storage-bin","Cutoff storage bin","Shop","8","4455","4455","1","0","96","48","94","46","orientation_locked","2","51.5","48.5","0","true","https://woodcuttool.com/templates/cutoff-storage-bin-cut-list/"
"2026-07-18","woodcuttool-maxrects-v1","cutoff-storage-bin","Cutoff storage bin","Shop","8","4455","4455","1","0.03125","96","48","94","46","rotation_allowed","2","51.5","48.5","0","true","https://woodcuttool.com/templates/cutoff-storage-bin-cut-list/"
"2026-07-18","woodcuttool-maxrects-v1","cutoff-storage-bin","Cutoff storage bin","Shop","8","4455","4455","1","0.03125","96","48","94","46","orientation_locked","2","51.5","48.5","0","true","https://woodcuttool.com/templates/cutoff-storage-bin-cut-list/"
"2026-07-18","woodcuttool-maxrects-v1","cutoff-storage-bin","Cutoff storage bin","Shop","8","4455","4455","1","0.0625","96","48","94","46","rotation_allowed","2","51.5","48.5","0","true","https://woodcuttool.com/templates/cutoff-storage-bin-cut-list/"
"2026-07-18","woodcuttool-maxrects-v1","cutoff-storage-bin","Cutoff storage bin","Shop","8","4455","4455","1","0.0625","96","48","94","46","orientation_locked","2","51.5","48.5","0","true","https://woodcuttool.com/templates/cutoff-storage-bin-cut-list/"
"2026-07-18","woodcuttool-maxrects-v1","cutoff-storage-bin","Cutoff storage bin","Shop","8","4455","4455","1","0.09375","96","48","94","46","rotation_allowed","2","51.5","48.5","0","true","https://woodcuttool.com/templates/cutoff-storage-bin-cut-list/"
"2026-07-18","woodcuttool-maxrects-v1","cutoff-storage-bin","Cutoff storage bin","Shop","8","4455","4455","1","0.09375","96","48","94","46","orientation_locked","2","51.5","48.5","0","true","https://woodcuttool.com/templates/cutoff-storage-bin-cut-list/"
"2026-07-18","woodcuttool-maxrects-v1","cutoff-storage-bin","Cutoff storage bin","Shop","8","4455","4455","1","0.125","96","48","94","46","rotation_allowed","2","51.5","48.5","0","true","https://woodcuttool.com/templates/cutoff-storage-bin-cut-list/"
"2026-07-18","woodcuttool-maxrects-v1","cutoff-storage-bin","Cutoff storage bin","Shop","8","4455","4455","1","0.125","96","48","94","46","orientation_locked","2","51.5","48.5","0","true","https://woodcuttool.com/templates/cutoff-storage-bin-cut-list/"
"2026-07-18","woodcuttool-maxrects-v1","cutoff-storage-bin","Cutoff storage bin","Shop","8","4455","4455","1","0.1875","96","48","94","46","rotation_allowed","2","51.5","48.5","0","true","https://woodcuttool.com/templates/cutoff-storage-bin-cut-list/"
"2026-07-18","woodcuttool-maxrects-v1","cutoff-storage-bin","Cutoff storage bin","Shop","8","4455","4455","1","0.1875","96","48","94","46","orientation_locked","2","51.5","48.5","0","true","https://woodcuttool.com/templates/cutoff-storage-bin-cut-list/"
"2026-07-18","woodcuttool-maxrects-v1","cutoff-storage-bin","Cutoff storage bin","Shop","8","4455","4455","1","0.25","96","48","94","46","rotation_allowed","2","51.5","48.5","0","true","https://woodcuttool.com/templates/cutoff-storage-bin-cut-list/"
"2026-07-18","woodcuttool-maxrects-v1","cutoff-storage-bin","Cutoff storage bin","Shop","8","4455","4455","1","0.25","96","48","94","46","orientation_locked","2","51.5","48.5","0","true","https://woodcuttool.com/templates/cutoff-storage-bin-cut-list/"
"2026-07-18","woodcuttool-maxrects-v1","sanding-station","Sanding station","Shop","7","4789.5","4789.5","0","0","96","48","96","48","rotation_allowed","2","52","48","0","true","https://woodcuttool.com/templates/sanding-station-cut-list/"
"2026-07-18","woodcuttool-maxrects-v1","sanding-station","Sanding station","Shop","7","4789.5","4789.5","0","0","96","48","96","48","orientation_locked","2","52","48","0","true","https://woodcuttool.com/templates/sanding-station-cut-list/"
"2026-07-18","woodcuttool-maxrects-v1","sanding-station","Sanding station","Shop","7","4789.5","4789.5","0","0.03125","96","48","96","48","rotation_allowed","2","52","48","0","true","https://woodcuttool.com/templates/sanding-station-cut-list/"
"2026-07-18","woodcuttool-maxrects-v1","sanding-station","Sanding station","Shop","7","4789.5","4789.5","0","0.03125","96","48","96","48","orientation_locked","2","52","48","0","true","https://woodcuttool.com/templates/sanding-station-cut-list/"
"2026-07-18","woodcuttool-maxrects-v1","sanding-station","Sanding station","Shop","7","4789.5","4789.5","0","0.0625","96","48","96","48","rotation_allowed","2","52","48","0","true","https://woodcuttool.com/templates/sanding-station-cut-list/"
"2026-07-18","woodcuttool-maxrects-v1","sanding-station","Sanding station","Shop","7","4789.5","4789.5","0","0.0625","96","48","96","48","orientation_locked","2","52","48","0","true","https://woodcuttool.com/templates/sanding-station-cut-list/"
"2026-07-18","woodcuttool-maxrects-v1","sanding-station","Sanding station","Shop","7","4789.5","4789.5","0","0.09375","96","48","96","48","rotation_allowed","2","52","48","0","true","https://woodcuttool.com/templates/sanding-station-cut-list/"
"2026-07-18","woodcuttool-maxrects-v1","sanding-station","Sanding station","Shop","7","4789.5","4789.5","0","0.09375","96","48","96","48","orientation_locked","2","52","48","0","true","https://woodcuttool.com/templates/sanding-station-cut-list/"
"2026-07-18","woodcuttool-maxrects-v1","sanding-station","Sanding station","Shop","7","4789.5","4789.5","0","0.125","96","48","96","48","rotation_allowed","2","52","48","0","true","https://woodcuttool.com/templates/sanding-station-cut-list/"
"2026-07-18","woodcuttool-maxrects-v1","sanding-station","Sanding station","Shop","7","4789.5","4789.5","0","0.125","96","48","96","48","orientation_locked","2","52","48","0","true","https://woodcuttool.com/templates/sanding-station-cut-list/"
"2026-07-18","woodcuttool-maxrects-v1","sanding-station","Sanding station","Shop","7","4789.5","4789.5","0","0.1875","96","48","96","48","rotation_allowed","2","52","48","0","true","https://woodcuttool.com/templates/sanding-station-cut-list/"
"2026-07-18","woodcuttool-maxrects-v1","sanding-station","Sanding station","Shop","7","4789.5","4789.5","0","0.1875","96","48","96","48","orientation_locked","2","52","48","0","true","https://woodcuttool.com/templates/sanding-station-cut-list/"
"2026-07-18","woodcuttool-maxrects-v1","sanding-station","Sanding station","Shop","7","4789.5","4789.5","0","0.25","96","48","96","48","rotation_allowed","2","52","48","0","true","https://woodcuttool.com/templates/sanding-station-cut-list/"
"2026-07-18","woodcuttool-maxrects-v1","sanding-station","Sanding station","Shop","7","4789.5","4789.5","0","0.25","96","48","96","48","orientation_locked","2","52","48","0","true","https://woodcuttool.com/templates/sanding-station-cut-list/"
"2026-07-18","woodcuttool-maxrects-v1","sanding-station","Sanding station","Shop","7","4789.5","4789.5","0.125","0","96","48","95.75","47.75","rotation_allowed","2","52.4","47.6","0","true","https://woodcuttool.com/templates/sanding-station-cut-list/"
"2026-07-18","woodcuttool-maxrects-v1","sanding-station","Sanding station","Shop","7","4789.5","4789.5","0.125","0","96","48","95.75","47.75","orientation_locked","2","52.4","47.6","0","true","https://woodcuttool.com/templates/sanding-station-cut-list/"
"2026-07-18","woodcuttool-maxrects-v1","sanding-station","Sanding station","Shop","7","4789.5","4789.5","0.125","0.03125","96","48","95.75","47.75","rotation_allowed","2","52.4","47.6","0","true","https://woodcuttool.com/templates/sanding-station-cut-list/"
"2026-07-18","woodcuttool-maxrects-v1","sanding-station","Sanding station","Shop","7","4789.5","4789.5","0.125","0.03125","96","48","95.75","47.75","orientation_locked","2","52.4","47.6","0","true","https://woodcuttool.com/templates/sanding-station-cut-list/"
"2026-07-18","woodcuttool-maxrects-v1","sanding-station","Sanding station","Shop","7","4789.5","4789.5","0.125","0.0625","96","48","95.75","47.75","rotation_allowed","2","52.4","47.6","0","true","https://woodcuttool.com/templates/sanding-station-cut-list/"
"2026-07-18","woodcuttool-maxrects-v1","sanding-station","Sanding station","Shop","7","4789.5","4789.5","0.125","0.0625","96","48","95.75","47.75","orientation_locked","2","52.4","47.6","0","true","https://woodcuttool.com/templates/sanding-station-cut-list/"
"2026-07-18","woodcuttool-maxrects-v1","sanding-station","Sanding station","Shop","7","4789.5","4789.5","0.125","0.09375","96","48","95.75","47.75","rotation_allowed","2","52.4","47.6","0","true","https://woodcuttool.com/templates/sanding-station-cut-list/"
"2026-07-18","woodcuttool-maxrects-v1","sanding-station","Sanding station","Shop","7","4789.5","4789.5","0.125","0.09375","96","48","95.75","47.75","orientation_locked","2","52.4","47.6","0","true","https://woodcuttool.com/templates/sanding-station-cut-list/"
"2026-07-18","woodcuttool-maxrects-v1","sanding-station","Sanding station","Shop","7","4789.5","4789.5","0.125","0.125","96","48","95.75","47.75","rotation_allowed","2","52.4","47.6","0","true","https://woodcuttool.com/templates/sanding-station-cut-list/"
"2026-07-18","woodcuttool-maxrects-v1","sanding-station","Sanding station","Shop","7","4789.5","4789.5","0.125","0.125","96","48","95.75","47.75","orientation_locked","2","52.4","47.6","0","true","https://woodcuttool.com/templates/sanding-station-cut-list/"
"2026-07-18","woodcuttool-maxrects-v1","sanding-station","Sanding station","Shop","7","4789.5","4789.5","0.125","0.1875","96","48","95.75","47.75","rotation_allowed","2","52.4","47.6","0","true","https://woodcuttool.com/templates/sanding-station-cut-list/"
"2026-07-18","woodcuttool-maxrects-v1","sanding-station","Sanding station","Shop","7","4789.5","4789.5","0.125","0.1875","96","48","95.75","47.75","orientation_locked","2","52.4","47.6","0","true","https://woodcuttool.com/templates/sanding-station-cut-list/"
"2026-07-18","woodcuttool-maxrects-v1","sanding-station","Sanding station","Shop","7","4789.5","4789.5","0.125","0.25","96","48","95.75","47.75","rotation_allowed","2","52.4","47.6","0","true","https://woodcuttool.com/templates/sanding-station-cut-list/"
"2026-07-18","woodcuttool-maxrects-v1","sanding-station","Sanding station","Shop","7","4789.5","4789.5","0.125","0.25","96","48","95.75","47.75","orientation_locked","2","52.4","47.6","0","true","https://woodcuttool.com/templates/sanding-station-cut-list/"
"2026-07-18","woodcuttool-maxrects-v1","sanding-station","Sanding station","Shop","7","4789.5","4789.5","0.25","0","96","48","95.5","47.5","rotation_allowed","2","52.8","47.2","0","true","https://woodcuttool.com/templates/sanding-station-cut-list/"
"2026-07-18","woodcuttool-maxrects-v1","sanding-station","Sanding station","Shop","7","4789.5","4789.5","0.25","0","96","48","95.5","47.5","orientation_locked","2","52.8","47.2","0","true","https://woodcuttool.com/templates/sanding-station-cut-list/"
"2026-07-18","woodcuttool-maxrects-v1","sanding-station","Sanding station","Shop","7","4789.5","4789.5","0.25","0.03125","96","48","95.5","47.5","rotation_allowed","2","52.8","47.2","0","true","https://woodcuttool.com/templates/sanding-station-cut-list/"
"2026-07-18","woodcuttool-maxrects-v1","sanding-station","Sanding station","Shop","7","4789.5","4789.5","0.25","0.03125","96","48","95.5","47.5","orientation_locked","2","52.8","47.2","0","true","https://woodcuttool.com/templates/sanding-station-cut-list/"
"2026-07-18","woodcuttool-maxrects-v1","sanding-station","Sanding station","Shop","7","4789.5","4789.5","0.25","0.0625","96","48","95.5","47.5","rotation_allowed","2","52.8","47.2","0","true","https://woodcuttool.com/templates/sanding-station-cut-list/"
"2026-07-18","woodcuttool-maxrects-v1","sanding-station","Sanding station","Shop","7","4789.5","4789.5","0.25","0.0625","96","48","95.5","47.5","orientation_locked","2","52.8","47.2","0","true","https://woodcuttool.com/templates/sanding-station-cut-list/"
"2026-07-18","woodcuttool-maxrects-v1","sanding-station","Sanding station","Shop","7","4789.5","4789.5","0.25","0.09375","96","48","95.5","47.5","rotation_allowed","2","52.8","47.2","0","true","https://woodcuttool.com/templates/sanding-station-cut-list/"
"2026-07-18","woodcuttool-maxrects-v1","sanding-station","Sanding station","Shop","7","4789.5","4789.5","0.25","0.09375","96","48","95.5","47.5","orientation_locked","2","52.8","47.2","0","true","https://woodcuttool.com/templates/sanding-station-cut-list/"
"2026-07-18","woodcuttool-maxrects-v1","sanding-station","Sanding station","Shop","7","4789.5","4789.5","0.25","0.125","96","48","95.5","47.5","rotation_allowed","2","52.8","47.2","0","true","https://woodcuttool.com/templates/sanding-station-cut-list/"
"2026-07-18","woodcuttool-maxrects-v1","sanding-station","Sanding station","Shop","7","4789.5","4789.5","0.25","0.125","96","48","95.5","47.5","orientation_locked","2","52.8","47.2","0","true","https://woodcuttool.com/templates/sanding-station-cut-list/"
"2026-07-18","woodcuttool-maxrects-v1","sanding-station","Sanding station","Shop","7","4789.5","4789.5","0.25","0.1875","96","48","95.5","47.5","rotation_allowed","2","52.8","47.2","0","true","https://woodcuttool.com/templates/sanding-station-cut-list/"
"2026-07-18","woodcuttool-maxrects-v1","sanding-station","Sanding station","Shop","7","4789.5","4789.5","0.25","0.1875","96","48","95.5","47.5","orientation_locked","2","52.8","47.2","0","true","https://woodcuttool.com/templates/sanding-station-cut-list/"
"2026-07-18","woodcuttool-maxrects-v1","sanding-station","Sanding station","Shop","7","4789.5","4789.5","0.25","0.25","96","48","95.5","47.5","rotation_allowed","2","52.8","47.2","0","true","https://woodcuttool.com/templates/sanding-station-cut-list/"
"2026-07-18","woodcuttool-maxrects-v1","sanding-station","Sanding station","Shop","7","4789.5","4789.5","0.25","0.25","96","48","95.5","47.5","orientation_locked","2","52.8","47.2","0","true","https://woodcuttool.com/templates/sanding-station-cut-list/"
"2026-07-18","woodcuttool-maxrects-v1","sanding-station","Sanding station","Shop","7","4789.5","4789.5","0.5","0","96","48","95","47","rotation_allowed","2","53.6","46.4","0","true","https://woodcuttool.com/templates/sanding-station-cut-list/"
"2026-07-18","woodcuttool-maxrects-v1","sanding-station","Sanding station","Shop","7","4789.5","4789.5","0.5","0","96","48","95","47","orientation_locked","2","53.6","46.4","0","true","https://woodcuttool.com/templates/sanding-station-cut-list/"
"2026-07-18","woodcuttool-maxrects-v1","sanding-station","Sanding station","Shop","7","4789.5","4789.5","0.5","0.03125","96","48","95","47","rotation_allowed","2","53.6","46.4","0","true","https://woodcuttool.com/templates/sanding-station-cut-list/"
"2026-07-18","woodcuttool-maxrects-v1","sanding-station","Sanding station","Shop","7","4789.5","4789.5","0.5","0.03125","96","48","95","47","orientation_locked","2","53.6","46.4","0","true","https://woodcuttool.com/templates/sanding-station-cut-list/"
"2026-07-18","woodcuttool-maxrects-v1","sanding-station","Sanding station","Shop","7","4789.5","4789.5","0.5","0.0625","96","48","95","47","rotation_allowed","2","53.6","46.4","0","true","https://woodcuttool.com/templates/sanding-station-cut-list/"
"2026-07-18","woodcuttool-maxrects-v1","sanding-station","Sanding station","Shop","7","4789.5","4789.5","0.5","0.0625","96","48","95","47","orientation_locked","2","53.6","46.4","0","true","https://woodcuttool.com/templates/sanding-station-cut-list/"
"2026-07-18","woodcuttool-maxrects-v1","sanding-station","Sanding station","Shop","7","4789.5","4789.5","0.5","0.09375","96","48","95","47","rotation_allowed","2","53.6","46.4","0","true","https://woodcuttool.com/templates/sanding-station-cut-list/"
"2026-07-18","woodcuttool-maxrects-v1","sanding-station","Sanding station","Shop","7","4789.5","4789.5","0.5","0.09375","96","48","95","47","orientation_locked","2","53.6","46.4","0","true","https://woodcuttool.com/templates/sanding-station-cut-list/"
"2026-07-18","woodcuttool-maxrects-v1","sanding-station","Sanding station","Shop","7","4789.5","4789.5","0.5","0.125","96","48","95","47","rotation_allowed","2","53.6","46.4","0","true","https://woodcuttool.com/templates/sanding-station-cut-list/"
"2026-07-18","woodcuttool-maxrects-v1","sanding-station","Sanding station","Shop","7","4789.5","4789.5","0.5","0.125","96","48","95","47","orientation_locked","2","53.6","46.4","0","true","https://woodcuttool.com/templates/sanding-station-cut-list/"
"2026-07-18","woodcuttool-maxrects-v1","sanding-station","Sanding station","Shop","7","4789.5","4789.5","0.5","0.1875","96","48","95","47","rotation_allowed","2","53.6","46.4","0","true","https://woodcuttool.com/templates/sanding-station-cut-list/"
"2026-07-18","woodcuttool-maxrects-v1","sanding-station","Sanding station","Shop","7","4789.5","4789.5","0.5","0.1875","96","48","95","47","orientation_locked","2","53.6","46.4","0","true","https://woodcuttool.com/templates/sanding-station-cut-list/"
"2026-07-18","woodcuttool-maxrects-v1","sanding-station","Sanding station","Shop","7","4789.5","4789.5","0.5","0.25","96","48","95","47","rotation_allowed","2","53.6","46.4","0","true","https://woodcuttool.com/templates/sanding-station-cut-list/"
"2026-07-18","woodcuttool-maxrects-v1","sanding-station","Sanding station","Shop","7","4789.5","4789.5","0.5","0.25","96","48","95","47","orientation_locked","2","53.6","46.4","0","true","https://woodcuttool.com/templates/sanding-station-cut-list/"
"2026-07-18","woodcuttool-maxrects-v1","sanding-station","Sanding station","Shop","7","4789.5","4789.5","1","0","96","48","94","46","rotation_allowed","2","55.4","44.6","0","true","https://woodcuttool.com/templates/sanding-station-cut-list/"
"2026-07-18","woodcuttool-maxrects-v1","sanding-station","Sanding station","Shop","7","4789.5","4789.5","1","0","96","48","94","46","orientation_locked","2","55.4","44.6","0","true","https://woodcuttool.com/templates/sanding-station-cut-list/"
"2026-07-18","woodcuttool-maxrects-v1","sanding-station","Sanding station","Shop","7","4789.5","4789.5","1","0.03125","96","48","94","46","rotation_allowed","2","55.4","44.6","0","true","https://woodcuttool.com/templates/sanding-station-cut-list/"
"2026-07-18","woodcuttool-maxrects-v1","sanding-station","Sanding station","Shop","7","4789.5","4789.5","1","0.03125","96","48","94","46","orientation_locked","2","55.4","44.6","0","true","https://woodcuttool.com/templates/sanding-station-cut-list/"
"2026-07-18","woodcuttool-maxrects-v1","sanding-station","Sanding station","Shop","7","4789.5","4789.5","1","0.0625","96","48","94","46","rotation_allowed","2","55.4","44.6","0","true","https://woodcuttool.com/templates/sanding-station-cut-list/"
"2026-07-18","woodcuttool-maxrects-v1","sanding-station","Sanding station","Shop","7","4789.5","4789.5","1","0.0625","96","48","94","46","orientation_locked","2","55.4","44.6","0","true","https://woodcuttool.com/templates/sanding-station-cut-list/"
"2026-07-18","woodcuttool-maxrects-v1","sanding-station","Sanding station","Shop","7","4789.5","4789.5","1","0.09375","96","48","94","46","rotation_allowed","2","55.4","44.6","0","true","https://woodcuttool.com/templates/sanding-station-cut-list/"
"2026-07-18","woodcuttool-maxrects-v1","sanding-station","Sanding station","Shop","7","4789.5","4789.5","1","0.09375","96","48","94","46","orientation_locked","2","55.4","44.6","0","true","https://woodcuttool.com/templates/sanding-station-cut-list/"
"2026-07-18","woodcuttool-maxrects-v1","sanding-station","Sanding station","Shop","7","4789.5","4789.5","1","0.125","96","48","94","46","rotation_allowed","2","55.4","44.6","0","true","https://woodcuttool.com/templates/sanding-station-cut-list/"
"2026-07-18","woodcuttool-maxrects-v1","sanding-station","Sanding station","Shop","7","4789.5","4789.5","1","0.125","96","48","94","46","orientation_locked","2","55.4","44.6","0","true","https://woodcuttool.com/templates/sanding-station-cut-list/"
"2026-07-18","woodcuttool-maxrects-v1","sanding-station","Sanding station","Shop","7","4789.5","4789.5","1","0.1875","96","48","94","46","rotation_allowed","2","55.4","44.6","0","true","https://woodcuttool.com/templates/sanding-station-cut-list/"
"2026-07-18","woodcuttool-maxrects-v1","sanding-station","Sanding station","Shop","7","4789.5","4789.5","1","0.1875","96","48","94","46","orientation_locked","2","55.4","44.6","0","true","https://woodcuttool.com/templates/sanding-station-cut-list/"
"2026-07-18","woodcuttool-maxrects-v1","sanding-station","Sanding station","Shop","7","4789.5","4789.5","1","0.25","96","48","94","46","rotation_allowed","2","55.4","44.6","0","true","https://woodcuttool.com/templates/sanding-station-cut-list/"
"2026-07-18","woodcuttool-maxrects-v1","sanding-station","Sanding station","Shop","7","4789.5","4789.5","1","0.25","96","48","94","46","orientation_locked","2","55.4","44.6","0","true","https://woodcuttool.com/templates/sanding-station-cut-list/"
"2026-07-18","woodcuttool-maxrects-v1","small-parts-drawer-cabinet","Small parts drawer cabinet","Shop","10","3413.3","3413.3","0","0","96","48","96","48","rotation_allowed","1","74.1","25.9","0","true","https://woodcuttool.com/templates/small-parts-drawer-cabinet-cut-list/"
"2026-07-18","woodcuttool-maxrects-v1","small-parts-drawer-cabinet","Small parts drawer cabinet","Shop","10","3413.3","3413.3","0","0","96","48","96","48","orientation_locked","1","74.1","25.9","0","true","https://woodcuttool.com/templates/small-parts-drawer-cabinet-cut-list/"
"2026-07-18","woodcuttool-maxrects-v1","small-parts-drawer-cabinet","Small parts drawer cabinet","Shop","10","3413.3","3413.3","0","0.03125","96","48","96","48","rotation_allowed","1","74.1","25.9","0","true","https://woodcuttool.com/templates/small-parts-drawer-cabinet-cut-list/"
"2026-07-18","woodcuttool-maxrects-v1","small-parts-drawer-cabinet","Small parts drawer cabinet","Shop","10","3413.3","3413.3","0","0.03125","96","48","96","48","orientation_locked","1","74.1","25.9","0","true","https://woodcuttool.com/templates/small-parts-drawer-cabinet-cut-list/"
"2026-07-18","woodcuttool-maxrects-v1","small-parts-drawer-cabinet","Small parts drawer cabinet","Shop","10","3413.3","3413.3","0","0.0625","96","48","96","48","rotation_allowed","1","74.1","25.9","0","true","https://woodcuttool.com/templates/small-parts-drawer-cabinet-cut-list/"
"2026-07-18","woodcuttool-maxrects-v1","small-parts-drawer-cabinet","Small parts drawer cabinet","Shop","10","3413.3","3413.3","0","0.0625","96","48","96","48","orientation_locked","1","74.1","25.9","0","true","https://woodcuttool.com/templates/small-parts-drawer-cabinet-cut-list/"
"2026-07-18","woodcuttool-maxrects-v1","small-parts-drawer-cabinet","Small parts drawer cabinet","Shop","10","3413.3","3413.3","0","0.09375","96","48","96","48","rotation_allowed","1","74.1","25.9","0","true","https://woodcuttool.com/templates/small-parts-drawer-cabinet-cut-list/"
"2026-07-18","woodcuttool-maxrects-v1","small-parts-drawer-cabinet","Small parts drawer cabinet","Shop","10","3413.3","3413.3","0","0.09375","96","48","96","48","orientation_locked","1","74.1","25.9","0","true","https://woodcuttool.com/templates/small-parts-drawer-cabinet-cut-list/"
"2026-07-18","woodcuttool-maxrects-v1","small-parts-drawer-cabinet","Small parts drawer cabinet","Shop","10","3413.3","3413.3","0","0.125","96","48","96","48","rotation_allowed","1","74.1","25.9","0","true","https://woodcuttool.com/templates/small-parts-drawer-cabinet-cut-list/"
"2026-07-18","woodcuttool-maxrects-v1","small-parts-drawer-cabinet","Small parts drawer cabinet","Shop","10","3413.3","3413.3","0","0.125","96","48","96","48","orientation_locked","1","74.1","25.9","0","true","https://woodcuttool.com/templates/small-parts-drawer-cabinet-cut-list/"
"2026-07-18","woodcuttool-maxrects-v1","small-parts-drawer-cabinet","Small parts drawer cabinet","Shop","10","3413.3","3413.3","0","0.1875","96","48","96","48","rotation_allowed","1","74.1","25.9","0","true","https://woodcuttool.com/templates/small-parts-drawer-cabinet-cut-list/"
"2026-07-18","woodcuttool-maxrects-v1","small-parts-drawer-cabinet","Small parts drawer cabinet","Shop","10","3413.3","3413.3","0","0.1875","96","48","96","48","orientation_locked","1","74.1","25.9","0","true","https://woodcuttool.com/templates/small-parts-drawer-cabinet-cut-list/"
"2026-07-18","woodcuttool-maxrects-v1","small-parts-drawer-cabinet","Small parts drawer cabinet","Shop","10","3413.3","3413.3","0","0.25","96","48","96","48","rotation_allowed","1","74.1","25.9","0","true","https://woodcuttool.com/templates/small-parts-drawer-cabinet-cut-list/"
"2026-07-18","woodcuttool-maxrects-v1","small-parts-drawer-cabinet","Small parts drawer cabinet","Shop","10","3413.3","3413.3","0","0.25","96","48","96","48","orientation_locked","1","74.1","25.9","0","true","https://woodcuttool.com/templates/small-parts-drawer-cabinet-cut-list/"
"2026-07-18","woodcuttool-maxrects-v1","small-parts-drawer-cabinet","Small parts drawer cabinet","Shop","10","3413.3","3413.3","0.125","0","96","48","95.75","47.75","rotation_allowed","1","74.7","25.3","0","true","https://woodcuttool.com/templates/small-parts-drawer-cabinet-cut-list/"
"2026-07-18","woodcuttool-maxrects-v1","small-parts-drawer-cabinet","Small parts drawer cabinet","Shop","10","3413.3","3413.3","0.125","0","96","48","95.75","47.75","orientation_locked","1","74.7","25.3","0","true","https://woodcuttool.com/templates/small-parts-drawer-cabinet-cut-list/"
"2026-07-18","woodcuttool-maxrects-v1","small-parts-drawer-cabinet","Small parts drawer cabinet","Shop","10","3413.3","3413.3","0.125","0.03125","96","48","95.75","47.75","rotation_allowed","1","74.7","25.3","0","true","https://woodcuttool.com/templates/small-parts-drawer-cabinet-cut-list/"
"2026-07-18","woodcuttool-maxrects-v1","small-parts-drawer-cabinet","Small parts drawer cabinet","Shop","10","3413.3","3413.3","0.125","0.03125","96","48","95.75","47.75","orientation_locked","1","74.7","25.3","0","true","https://woodcuttool.com/templates/small-parts-drawer-cabinet-cut-list/"
"2026-07-18","woodcuttool-maxrects-v1","small-parts-drawer-cabinet","Small parts drawer cabinet","Shop","10","3413.3","3413.3","0.125","0.0625","96","48","95.75","47.75","rotation_allowed","1","74.7","25.3","0","true","https://woodcuttool.com/templates/small-parts-drawer-cabinet-cut-list/"
"2026-07-18","woodcuttool-maxrects-v1","small-parts-drawer-cabinet","Small parts drawer cabinet","Shop","10","3413.3","3413.3","0.125","0.0625","96","48","95.75","47.75","orientation_locked","1","74.7","25.3","0","true","https://woodcuttool.com/templates/small-parts-drawer-cabinet-cut-list/"
"2026-07-18","woodcuttool-maxrects-v1","small-parts-drawer-cabinet","Small parts drawer cabinet","Shop","10","3413.3","3413.3","0.125","0.09375","96","48","95.75","47.75","rotation_allowed","1","74.7","25.3","0","true","https://woodcuttool.com/templates/small-parts-drawer-cabinet-cut-list/"
"2026-07-18","woodcuttool-maxrects-v1","small-parts-drawer-cabinet","Small parts drawer cabinet","Shop","10","3413.3","3413.3","0.125","0.09375","96","48","95.75","47.75","orientation_locked","1","74.7","25.3","0","true","https://woodcuttool.com/templates/small-parts-drawer-cabinet-cut-list/"
"2026-07-18","woodcuttool-maxrects-v1","small-parts-drawer-cabinet","Small parts drawer cabinet","Shop","10","3413.3","3413.3","0.125","0.125","96","48","95.75","47.75","rotation_allowed","1","74.7","25.3","0","true","https://woodcuttool.com/templates/small-parts-drawer-cabinet-cut-list/"
"2026-07-18","woodcuttool-maxrects-v1","small-parts-drawer-cabinet","Small parts drawer cabinet","Shop","10","3413.3","3413.3","0.125","0.125","96","48","95.75","47.75","orientation_locked","1","74.7","25.3","0","true","https://woodcuttool.com/templates/small-parts-drawer-cabinet-cut-list/"
"2026-07-18","woodcuttool-maxrects-v1","small-parts-drawer-cabinet","Small parts drawer cabinet","Shop","10","3413.3","3413.3","0.125","0.1875","96","48","95.75","47.75","rotation_allowed","1","74.7","25.3","0","true","https://woodcuttool.com/templates/small-parts-drawer-cabinet-cut-list/"
"2026-07-18","woodcuttool-maxrects-v1","small-parts-drawer-cabinet","Small parts drawer cabinet","Shop","10","3413.3","3413.3","0.125","0.1875","96","48","95.75","47.75","orientation_locked","1","74.7","25.3","0","true","https://woodcuttool.com/templates/small-parts-drawer-cabinet-cut-list/"
"2026-07-18","woodcuttool-maxrects-v1","small-parts-drawer-cabinet","Small parts drawer cabinet","Shop","10","3413.3","3413.3","0.125","0.25","96","48","95.75","47.75","rotation_allowed","1","74.7","25.3","0","true","https://woodcuttool.com/templates/small-parts-drawer-cabinet-cut-list/"
"2026-07-18","woodcuttool-maxrects-v1","small-parts-drawer-cabinet","Small parts drawer cabinet","Shop","10","3413.3","3413.3","0.125","0.25","96","48","95.75","47.75","orientation_locked","1","74.7","25.3","0","true","https://woodcuttool.com/templates/small-parts-drawer-cabinet-cut-list/"
"2026-07-18","woodcuttool-maxrects-v1","small-parts-drawer-cabinet","Small parts drawer cabinet","Shop","10","3413.3","3413.3","0.25","0","96","48","95.5","47.5","rotation_allowed","1","75.2","24.8","0","true","https://woodcuttool.com/templates/small-parts-drawer-cabinet-cut-list/"
"2026-07-18","woodcuttool-maxrects-v1","small-parts-drawer-cabinet","Small parts drawer cabinet","Shop","10","3413.3","3413.3","0.25","0","96","48","95.5","47.5","orientation_locked","1","75.2","24.8","0","true","https://woodcuttool.com/templates/small-parts-drawer-cabinet-cut-list/"
"2026-07-18","woodcuttool-maxrects-v1","small-parts-drawer-cabinet","Small parts drawer cabinet","Shop","10","3413.3","3413.3","0.25","0.03125","96","48","95.5","47.5","rotation_allowed","1","75.2","24.8","0","true","https://woodcuttool.com/templates/small-parts-drawer-cabinet-cut-list/"
"2026-07-18","woodcuttool-maxrects-v1","small-parts-drawer-cabinet","Small parts drawer cabinet","Shop","10","3413.3","3413.3","0.25","0.03125","96","48","95.5","47.5","orientation_locked","1","75.2","24.8","0","true","https://woodcuttool.com/templates/small-parts-drawer-cabinet-cut-list/"
"2026-07-18","woodcuttool-maxrects-v1","small-parts-drawer-cabinet","Small parts drawer cabinet","Shop","10","3413.3","3413.3","0.25","0.0625","96","48","95.5","47.5","rotation_allowed","1","75.2","24.8","0","true","https://woodcuttool.com/templates/small-parts-drawer-cabinet-cut-list/"
"2026-07-18","woodcuttool-maxrects-v1","small-parts-drawer-cabinet","Small parts drawer cabinet","Shop","10","3413.3","3413.3","0.25","0.0625","96","48","95.5","47.5","orientation_locked","1","75.2","24.8","0","true","https://woodcuttool.com/templates/small-parts-drawer-cabinet-cut-list/"
"2026-07-18","woodcuttool-maxrects-v1","small-parts-drawer-cabinet","Small parts drawer cabinet","Shop","10","3413.3","3413.3","0.25","0.09375","96","48","95.5","47.5","rotation_allowed","1","75.2","24.8","0","true","https://woodcuttool.com/templates/small-parts-drawer-cabinet-cut-list/"
"2026-07-18","woodcuttool-maxrects-v1","small-parts-drawer-cabinet","Small parts drawer cabinet","Shop","10","3413.3","3413.3","0.25","0.09375","96","48","95.5","47.5","orientation_locked","1","75.2","24.8","0","true","https://woodcuttool.com/templates/small-parts-drawer-cabinet-cut-list/"
"2026-07-18","woodcuttool-maxrects-v1","small-parts-drawer-cabinet","Small parts drawer cabinet","Shop","10","3413.3","3413.3","0.25","0.125","96","48","95.5","47.5","rotation_allowed","1","75.2","24.8","0","true","https://woodcuttool.com/templates/small-parts-drawer-cabinet-cut-list/"
"2026-07-18","woodcuttool-maxrects-v1","small-parts-drawer-cabinet","Small parts drawer cabinet","Shop","10","3413.3","3413.3","0.25","0.125","96","48","95.5","47.5","orientation_locked","1","75.2","24.8","0","true","https://woodcuttool.com/templates/small-parts-drawer-cabinet-cut-list/"
"2026-07-18","woodcuttool-maxrects-v1","small-parts-drawer-cabinet","Small parts drawer cabinet","Shop","10","3413.3","3413.3","0.25","0.1875","96","48","95.5","47.5","rotation_allowed","1","75.2","24.8","0","true","https://woodcuttool.com/templates/small-parts-drawer-cabinet-cut-list/"
"2026-07-18","woodcuttool-maxrects-v1","small-parts-drawer-cabinet","Small parts drawer cabinet","Shop","10","3413.3","3413.3","0.25","0.1875","96","48","95.5","47.5","orientation_locked","1","75.2","24.8","0","true","https://woodcuttool.com/templates/small-parts-drawer-cabinet-cut-list/"
"2026-07-18","woodcuttool-maxrects-v1","small-parts-drawer-cabinet","Small parts drawer cabinet","Shop","10","3413.3","3413.3","0.25","0.25","96","48","95.5","47.5","rotation_allowed","1","75.2","24.8","0","true","https://woodcuttool.com/templates/small-parts-drawer-cabinet-cut-list/"
"2026-07-18","woodcuttool-maxrects-v1","small-parts-drawer-cabinet","Small parts drawer cabinet","Shop","10","3413.3","3413.3","0.25","0.25","96","48","95.5","47.5","orientation_locked","1","75.2","24.8","0","true","https://woodcuttool.com/templates/small-parts-drawer-cabinet-cut-list/"
"2026-07-18","woodcuttool-maxrects-v1","small-parts-drawer-cabinet","Small parts drawer cabinet","Shop","10","3413.3","3413.3","0.5","0","96","48","95","47","rotation_allowed","1","76.4","23.6","0","true","https://woodcuttool.com/templates/small-parts-drawer-cabinet-cut-list/"
"2026-07-18","woodcuttool-maxrects-v1","small-parts-drawer-cabinet","Small parts drawer cabinet","Shop","10","3413.3","3413.3","0.5","0","96","48","95","47","orientation_locked","1","76.4","23.6","0","true","https://woodcuttool.com/templates/small-parts-drawer-cabinet-cut-list/"
"2026-07-18","woodcuttool-maxrects-v1","small-parts-drawer-cabinet","Small parts drawer cabinet","Shop","10","3413.3","3413.3","0.5","0.03125","96","48","95","47","rotation_allowed","1","76.4","23.6","0","true","https://woodcuttool.com/templates/small-parts-drawer-cabinet-cut-list/"
"2026-07-18","woodcuttool-maxrects-v1","small-parts-drawer-cabinet","Small parts drawer cabinet","Shop","10","3413.3","3413.3","0.5","0.03125","96","48","95","47","orientation_locked","1","76.4","23.6","0","true","https://woodcuttool.com/templates/small-parts-drawer-cabinet-cut-list/"
"2026-07-18","woodcuttool-maxrects-v1","small-parts-drawer-cabinet","Small parts drawer cabinet","Shop","10","3413.3","3413.3","0.5","0.0625","96","48","95","47","rotation_allowed","1","76.4","23.6","0","true","https://woodcuttool.com/templates/small-parts-drawer-cabinet-cut-list/"
"2026-07-18","woodcuttool-maxrects-v1","small-parts-drawer-cabinet","Small parts drawer cabinet","Shop","10","3413.3","3413.3","0.5","0.0625","96","48","95","47","orientation_locked","1","76.4","23.6","0","true","https://woodcuttool.com/templates/small-parts-drawer-cabinet-cut-list/"
"2026-07-18","woodcuttool-maxrects-v1","small-parts-drawer-cabinet","Small parts drawer cabinet","Shop","10","3413.3","3413.3","0.5","0.09375","96","48","95","47","rotation_allowed","1","76.4","23.6","0","true","https://woodcuttool.com/templates/small-parts-drawer-cabinet-cut-list/"
"2026-07-18","woodcuttool-maxrects-v1","small-parts-drawer-cabinet","Small parts drawer cabinet","Shop","10","3413.3","3413.3","0.5","0.09375","96","48","95","47","orientation_locked","1","76.4","23.6","0","true","https://woodcuttool.com/templates/small-parts-drawer-cabinet-cut-list/"
"2026-07-18","woodcuttool-maxrects-v1","small-parts-drawer-cabinet","Small parts drawer cabinet","Shop","10","3413.3","3413.3","0.5","0.125","96","48","95","47","rotation_allowed","1","76.4","23.6","0","true","https://woodcuttool.com/templates/small-parts-drawer-cabinet-cut-list/"
"2026-07-18","woodcuttool-maxrects-v1","small-parts-drawer-cabinet","Small parts drawer cabinet","Shop","10","3413.3","3413.3","0.5","0.125","96","48","95","47","orientation_locked","1","76.4","23.6","0","true","https://woodcuttool.com/templates/small-parts-drawer-cabinet-cut-list/"
"2026-07-18","woodcuttool-maxrects-v1","small-parts-drawer-cabinet","Small parts drawer cabinet","Shop","10","3413.3","3413.3","0.5","0.1875","96","48","95","47","rotation_allowed","1","76.4","23.6","0","true","https://woodcuttool.com/templates/small-parts-drawer-cabinet-cut-list/"
"2026-07-18","woodcuttool-maxrects-v1","small-parts-drawer-cabinet","Small parts drawer cabinet","Shop","10","3413.3","3413.3","0.5","0.1875","96","48","95","47","orientation_locked","1","76.4","23.6","0","true","https://woodcuttool.com/templates/small-parts-drawer-cabinet-cut-list/"
"2026-07-18","woodcuttool-maxrects-v1","small-parts-drawer-cabinet","Small parts drawer cabinet","Shop","10","3413.3","3413.3","0.5","0.25","96","48","95","47","rotation_allowed","1","76.4","23.6","0","true","https://woodcuttool.com/templates/small-parts-drawer-cabinet-cut-list/"
"2026-07-18","woodcuttool-maxrects-v1","small-parts-drawer-cabinet","Small parts drawer cabinet","Shop","10","3413.3","3413.3","0.5","0.25","96","48","95","47","orientation_locked","1","76.4","23.6","0","true","https://woodcuttool.com/templates/small-parts-drawer-cabinet-cut-list/"
"2026-07-18","woodcuttool-maxrects-v1","small-parts-drawer-cabinet","Small parts drawer cabinet","Shop","10","3413.3","3413.3","1","0","96","48","94","46","rotation_allowed","1","78.9","21.1","0","true","https://woodcuttool.com/templates/small-parts-drawer-cabinet-cut-list/"
"2026-07-18","woodcuttool-maxrects-v1","small-parts-drawer-cabinet","Small parts drawer cabinet","Shop","10","3413.3","3413.3","1","0","96","48","94","46","orientation_locked","2","39.5","60.5","0","true","https://woodcuttool.com/templates/small-parts-drawer-cabinet-cut-list/"
"2026-07-18","woodcuttool-maxrects-v1","small-parts-drawer-cabinet","Small parts drawer cabinet","Shop","10","3413.3","3413.3","1","0.03125","96","48","94","46","rotation_allowed","1","78.9","21.1","0","true","https://woodcuttool.com/templates/small-parts-drawer-cabinet-cut-list/"
"2026-07-18","woodcuttool-maxrects-v1","small-parts-drawer-cabinet","Small parts drawer cabinet","Shop","10","3413.3","3413.3","1","0.03125","96","48","94","46","orientation_locked","2","39.5","60.5","0","true","https://woodcuttool.com/templates/small-parts-drawer-cabinet-cut-list/"
"2026-07-18","woodcuttool-maxrects-v1","small-parts-drawer-cabinet","Small parts drawer cabinet","Shop","10","3413.3","3413.3","1","0.0625","96","48","94","46","rotation_allowed","1","78.9","21.1","0","true","https://woodcuttool.com/templates/small-parts-drawer-cabinet-cut-list/"
"2026-07-18","woodcuttool-maxrects-v1","small-parts-drawer-cabinet","Small parts drawer cabinet","Shop","10","3413.3","3413.3","1","0.0625","96","48","94","46","orientation_locked","2","39.5","60.5","0","true","https://woodcuttool.com/templates/small-parts-drawer-cabinet-cut-list/"
"2026-07-18","woodcuttool-maxrects-v1","small-parts-drawer-cabinet","Small parts drawer cabinet","Shop","10","3413.3","3413.3","1","0.09375","96","48","94","46","rotation_allowed","1","78.9","21.1","0","true","https://woodcuttool.com/templates/small-parts-drawer-cabinet-cut-list/"
"2026-07-18","woodcuttool-maxrects-v1","small-parts-drawer-cabinet","Small parts drawer cabinet","Shop","10","3413.3","3413.3","1","0.09375","96","48","94","46","orientation_locked","2","39.5","60.5","0","true","https://woodcuttool.com/templates/small-parts-drawer-cabinet-cut-list/"
"2026-07-18","woodcuttool-maxrects-v1","small-parts-drawer-cabinet","Small parts drawer cabinet","Shop","10","3413.3","3413.3","1","0.125","96","48","94","46","rotation_allowed","1","78.9","21.1","0","true","https://woodcuttool.com/templates/small-parts-drawer-cabinet-cut-list/"
"2026-07-18","woodcuttool-maxrects-v1","small-parts-drawer-cabinet","Small parts drawer cabinet","Shop","10","3413.3","3413.3","1","0.125","96","48","94","46","orientation_locked","2","39.5","60.5","0","true","https://woodcuttool.com/templates/small-parts-drawer-cabinet-cut-list/"
"2026-07-18","woodcuttool-maxrects-v1","small-parts-drawer-cabinet","Small parts drawer cabinet","Shop","10","3413.3","3413.3","1","0.1875","96","48","94","46","rotation_allowed","1","78.9","21.1","0","true","https://woodcuttool.com/templates/small-parts-drawer-cabinet-cut-list/"
"2026-07-18","woodcuttool-maxrects-v1","small-parts-drawer-cabinet","Small parts drawer cabinet","Shop","10","3413.3","3413.3","1","0.1875","96","48","94","46","orientation_locked","2","39.5","60.5","0","true","https://woodcuttool.com/templates/small-parts-drawer-cabinet-cut-list/"
"2026-07-18","woodcuttool-maxrects-v1","small-parts-drawer-cabinet","Small parts drawer cabinet","Shop","10","3413.3","3413.3","1","0.25","96","48","94","46","rotation_allowed","1","78.9","21.1","0","true","https://woodcuttool.com/templates/small-parts-drawer-cabinet-cut-list/"
"2026-07-18","woodcuttool-maxrects-v1","small-parts-drawer-cabinet","Small parts drawer cabinet","Shop","10","3413.3","3413.3","1","0.25","96","48","94","46","orientation_locked","2","39.5","60.5","0","true","https://woodcuttool.com/templates/small-parts-drawer-cabinet-cut-list/"
