"benchmark_version","method","project_slug","project_name","category","part_count","requested_part_area_sq_in","placed_part_area_sq_in","kerf_in","orientation_mode","sheet_length_in","sheet_width_in","estimated_sheets","yield_pct","waste_pct","rejected_piece_count","source_template_url"
"2026-07-17","woodcuttool-maxrects-v1","base-cabinet","Base cabinet","Cabinets","6","3389.3","3389.3","0","rotation_allowed","96","48","1","73.6","26.4","0","https://woodcuttool.com/templates/base-cabinet-cut-list/"
"2026-07-17","woodcuttool-maxrects-v1","base-cabinet","Base cabinet","Cabinets","6","3389.3","3389.3","0","orientation_locked","96","48","1","73.6","26.4","0","https://woodcuttool.com/templates/base-cabinet-cut-list/"
"2026-07-17","woodcuttool-maxrects-v1","base-cabinet","Base cabinet","Cabinets","6","3389.3","3389.3","0.03125","rotation_allowed","96","48","1","73.6","26.4","0","https://woodcuttool.com/templates/base-cabinet-cut-list/"
"2026-07-17","woodcuttool-maxrects-v1","base-cabinet","Base cabinet","Cabinets","6","3389.3","3389.3","0.03125","orientation_locked","96","48","1","73.6","26.4","0","https://woodcuttool.com/templates/base-cabinet-cut-list/"
"2026-07-17","woodcuttool-maxrects-v1","base-cabinet","Base cabinet","Cabinets","6","3389.3","3389.3","0.0625","rotation_allowed","96","48","1","73.6","26.4","0","https://woodcuttool.com/templates/base-cabinet-cut-list/"
"2026-07-17","woodcuttool-maxrects-v1","base-cabinet","Base cabinet","Cabinets","6","3389.3","3389.3","0.0625","orientation_locked","96","48","1","73.6","26.4","0","https://woodcuttool.com/templates/base-cabinet-cut-list/"
"2026-07-17","woodcuttool-maxrects-v1","base-cabinet","Base cabinet","Cabinets","6","3389.3","3389.3","0.09375","rotation_allowed","96","48","1","73.6","26.4","0","https://woodcuttool.com/templates/base-cabinet-cut-list/"
"2026-07-17","woodcuttool-maxrects-v1","base-cabinet","Base cabinet","Cabinets","6","3389.3","3389.3","0.09375","orientation_locked","96","48","1","73.6","26.4","0","https://woodcuttool.com/templates/base-cabinet-cut-list/"
"2026-07-17","woodcuttool-maxrects-v1","base-cabinet","Base cabinet","Cabinets","6","3389.3","3389.3","0.125","rotation_allowed","96","48","1","73.6","26.4","0","https://woodcuttool.com/templates/base-cabinet-cut-list/"
"2026-07-17","woodcuttool-maxrects-v1","base-cabinet","Base cabinet","Cabinets","6","3389.3","3389.3","0.125","orientation_locked","96","48","1","73.6","26.4","0","https://woodcuttool.com/templates/base-cabinet-cut-list/"
"2026-07-17","woodcuttool-maxrects-v1","base-cabinet","Base cabinet","Cabinets","6","3389.3","3389.3","0.1875","rotation_allowed","96","48","1","73.6","26.4","0","https://woodcuttool.com/templates/base-cabinet-cut-list/"
"2026-07-17","woodcuttool-maxrects-v1","base-cabinet","Base cabinet","Cabinets","6","3389.3","3389.3","0.1875","orientation_locked","96","48","1","73.6","26.4","0","https://woodcuttool.com/templates/base-cabinet-cut-list/"
"2026-07-17","woodcuttool-maxrects-v1","base-cabinet","Base cabinet","Cabinets","6","3389.3","3389.3","0.25","rotation_allowed","96","48","1","73.6","26.4","0","https://woodcuttool.com/templates/base-cabinet-cut-list/"
"2026-07-17","woodcuttool-maxrects-v1","base-cabinet","Base cabinet","Cabinets","6","3389.3","3389.3","0.25","orientation_locked","96","48","1","73.6","26.4","0","https://woodcuttool.com/templates/base-cabinet-cut-list/"
"2026-07-17","woodcuttool-maxrects-v1","wall-cabinet","Wall cabinet","Cabinets","7","2803.5","2803.5","0","rotation_allowed","96","48","1","60.8","39.2","0","https://woodcuttool.com/templates/wall-cabinet-cut-list/"
"2026-07-17","woodcuttool-maxrects-v1","wall-cabinet","Wall cabinet","Cabinets","7","2803.5","2803.5","0","orientation_locked","96","48","1","60.8","39.2","0","https://woodcuttool.com/templates/wall-cabinet-cut-list/"
"2026-07-17","woodcuttool-maxrects-v1","wall-cabinet","Wall cabinet","Cabinets","7","2803.5","2803.5","0.03125","rotation_allowed","96","48","1","60.8","39.2","0","https://woodcuttool.com/templates/wall-cabinet-cut-list/"
"2026-07-17","woodcuttool-maxrects-v1","wall-cabinet","Wall cabinet","Cabinets","7","2803.5","2803.5","0.03125","orientation_locked","96","48","1","60.8","39.2","0","https://woodcuttool.com/templates/wall-cabinet-cut-list/"
"2026-07-17","woodcuttool-maxrects-v1","wall-cabinet","Wall cabinet","Cabinets","7","2803.5","2803.5","0.0625","rotation_allowed","96","48","1","60.8","39.2","0","https://woodcuttool.com/templates/wall-cabinet-cut-list/"
"2026-07-17","woodcuttool-maxrects-v1","wall-cabinet","Wall cabinet","Cabinets","7","2803.5","2803.5","0.0625","orientation_locked","96","48","1","60.8","39.2","0","https://woodcuttool.com/templates/wall-cabinet-cut-list/"
"2026-07-17","woodcuttool-maxrects-v1","wall-cabinet","Wall cabinet","Cabinets","7","2803.5","2803.5","0.09375","rotation_allowed","96","48","1","60.8","39.2","0","https://woodcuttool.com/templates/wall-cabinet-cut-list/"
"2026-07-17","woodcuttool-maxrects-v1","wall-cabinet","Wall cabinet","Cabinets","7","2803.5","2803.5","0.09375","orientation_locked","96","48","1","60.8","39.2","0","https://woodcuttool.com/templates/wall-cabinet-cut-list/"
"2026-07-17","woodcuttool-maxrects-v1","wall-cabinet","Wall cabinet","Cabinets","7","2803.5","2803.5","0.125","rotation_allowed","96","48","1","60.8","39.2","0","https://woodcuttool.com/templates/wall-cabinet-cut-list/"
"2026-07-17","woodcuttool-maxrects-v1","wall-cabinet","Wall cabinet","Cabinets","7","2803.5","2803.5","0.125","orientation_locked","96","48","1","60.8","39.2","0","https://woodcuttool.com/templates/wall-cabinet-cut-list/"
"2026-07-17","woodcuttool-maxrects-v1","wall-cabinet","Wall cabinet","Cabinets","7","2803.5","2803.5","0.1875","rotation_allowed","96","48","1","60.8","39.2","0","https://woodcuttool.com/templates/wall-cabinet-cut-list/"
"2026-07-17","woodcuttool-maxrects-v1","wall-cabinet","Wall cabinet","Cabinets","7","2803.5","2803.5","0.1875","orientation_locked","96","48","1","60.8","39.2","0","https://woodcuttool.com/templates/wall-cabinet-cut-list/"
"2026-07-17","woodcuttool-maxrects-v1","wall-cabinet","Wall cabinet","Cabinets","7","2803.5","2803.5","0.25","rotation_allowed","96","48","1","60.8","39.2","0","https://woodcuttool.com/templates/wall-cabinet-cut-list/"
"2026-07-17","woodcuttool-maxrects-v1","wall-cabinet","Wall cabinet","Cabinets","7","2803.5","2803.5","0.25","orientation_locked","96","48","1","60.8","39.2","0","https://woodcuttool.com/templates/wall-cabinet-cut-list/"
"2026-07-17","woodcuttool-maxrects-v1","bathroom-vanity","Bathroom vanity","Cabinets","6","2684.6","2684.6","0","rotation_allowed","96","48","1","58.3","41.7","0","https://woodcuttool.com/templates/bathroom-vanity-cut-list/"
"2026-07-17","woodcuttool-maxrects-v1","bathroom-vanity","Bathroom vanity","Cabinets","6","2684.6","2684.6","0","orientation_locked","96","48","1","58.3","41.7","0","https://woodcuttool.com/templates/bathroom-vanity-cut-list/"
"2026-07-17","woodcuttool-maxrects-v1","bathroom-vanity","Bathroom vanity","Cabinets","6","2684.6","2684.6","0.03125","rotation_allowed","96","48","1","58.3","41.7","0","https://woodcuttool.com/templates/bathroom-vanity-cut-list/"
"2026-07-17","woodcuttool-maxrects-v1","bathroom-vanity","Bathroom vanity","Cabinets","6","2684.6","2684.6","0.03125","orientation_locked","96","48","1","58.3","41.7","0","https://woodcuttool.com/templates/bathroom-vanity-cut-list/"
"2026-07-17","woodcuttool-maxrects-v1","bathroom-vanity","Bathroom vanity","Cabinets","6","2684.6","2684.6","0.0625","rotation_allowed","96","48","1","58.3","41.7","0","https://woodcuttool.com/templates/bathroom-vanity-cut-list/"
"2026-07-17","woodcuttool-maxrects-v1","bathroom-vanity","Bathroom vanity","Cabinets","6","2684.6","2684.6","0.0625","orientation_locked","96","48","1","58.3","41.7","0","https://woodcuttool.com/templates/bathroom-vanity-cut-list/"
"2026-07-17","woodcuttool-maxrects-v1","bathroom-vanity","Bathroom vanity","Cabinets","6","2684.6","2684.6","0.09375","rotation_allowed","96","48","1","58.3","41.7","0","https://woodcuttool.com/templates/bathroom-vanity-cut-list/"
"2026-07-17","woodcuttool-maxrects-v1","bathroom-vanity","Bathroom vanity","Cabinets","6","2684.6","2684.6","0.09375","orientation_locked","96","48","1","58.3","41.7","0","https://woodcuttool.com/templates/bathroom-vanity-cut-list/"
"2026-07-17","woodcuttool-maxrects-v1","bathroom-vanity","Bathroom vanity","Cabinets","6","2684.6","2684.6","0.125","rotation_allowed","96","48","1","58.3","41.7","0","https://woodcuttool.com/templates/bathroom-vanity-cut-list/"
"2026-07-17","woodcuttool-maxrects-v1","bathroom-vanity","Bathroom vanity","Cabinets","6","2684.6","2684.6","0.125","orientation_locked","96","48","1","58.3","41.7","0","https://woodcuttool.com/templates/bathroom-vanity-cut-list/"
"2026-07-17","woodcuttool-maxrects-v1","bathroom-vanity","Bathroom vanity","Cabinets","6","2684.6","2684.6","0.1875","rotation_allowed","96","48","1","58.3","41.7","0","https://woodcuttool.com/templates/bathroom-vanity-cut-list/"
"2026-07-17","woodcuttool-maxrects-v1","bathroom-vanity","Bathroom vanity","Cabinets","6","2684.6","2684.6","0.1875","orientation_locked","96","48","1","58.3","41.7","0","https://woodcuttool.com/templates/bathroom-vanity-cut-list/"
"2026-07-17","woodcuttool-maxrects-v1","bathroom-vanity","Bathroom vanity","Cabinets","6","2684.6","2684.6","0.25","rotation_allowed","96","48","1","58.3","41.7","0","https://woodcuttool.com/templates/bathroom-vanity-cut-list/"
"2026-07-17","woodcuttool-maxrects-v1","bathroom-vanity","Bathroom vanity","Cabinets","6","2684.6","2684.6","0.25","orientation_locked","96","48","1","58.3","41.7","0","https://woodcuttool.com/templates/bathroom-vanity-cut-list/"
"2026-07-17","woodcuttool-maxrects-v1","pantry-cabinet","Pantry cabinet","Cabinets","10","8144.3","8144.3","0","rotation_allowed","96","48","3","58.9","41.1","0","https://woodcuttool.com/templates/pantry-cabinet-cut-list/"
"2026-07-17","woodcuttool-maxrects-v1","pantry-cabinet","Pantry cabinet","Cabinets","10","8144.3","8144.3","0","orientation_locked","96","48","3","58.9","41.1","0","https://woodcuttool.com/templates/pantry-cabinet-cut-list/"
"2026-07-17","woodcuttool-maxrects-v1","pantry-cabinet","Pantry cabinet","Cabinets","10","8144.3","8144.3","0.03125","rotation_allowed","96","48","3","58.9","41.1","0","https://woodcuttool.com/templates/pantry-cabinet-cut-list/"
"2026-07-17","woodcuttool-maxrects-v1","pantry-cabinet","Pantry cabinet","Cabinets","10","8144.3","8144.3","0.03125","orientation_locked","96","48","3","58.9","41.1","0","https://woodcuttool.com/templates/pantry-cabinet-cut-list/"
"2026-07-17","woodcuttool-maxrects-v1","pantry-cabinet","Pantry cabinet","Cabinets","10","8144.3","8144.3","0.0625","rotation_allowed","96","48","3","58.9","41.1","0","https://woodcuttool.com/templates/pantry-cabinet-cut-list/"
"2026-07-17","woodcuttool-maxrects-v1","pantry-cabinet","Pantry cabinet","Cabinets","10","8144.3","8144.3","0.0625","orientation_locked","96","48","3","58.9","41.1","0","https://woodcuttool.com/templates/pantry-cabinet-cut-list/"
"2026-07-17","woodcuttool-maxrects-v1","pantry-cabinet","Pantry cabinet","Cabinets","10","8144.3","8144.3","0.09375","rotation_allowed","96","48","3","58.9","41.1","0","https://woodcuttool.com/templates/pantry-cabinet-cut-list/"
"2026-07-17","woodcuttool-maxrects-v1","pantry-cabinet","Pantry cabinet","Cabinets","10","8144.3","8144.3","0.09375","orientation_locked","96","48","3","58.9","41.1","0","https://woodcuttool.com/templates/pantry-cabinet-cut-list/"
"2026-07-17","woodcuttool-maxrects-v1","pantry-cabinet","Pantry cabinet","Cabinets","10","8144.3","8144.3","0.125","rotation_allowed","96","48","3","58.9","41.1","0","https://woodcuttool.com/templates/pantry-cabinet-cut-list/"
"2026-07-17","woodcuttool-maxrects-v1","pantry-cabinet","Pantry cabinet","Cabinets","10","8144.3","8144.3","0.125","orientation_locked","96","48","3","58.9","41.1","0","https://woodcuttool.com/templates/pantry-cabinet-cut-list/"
"2026-07-17","woodcuttool-maxrects-v1","pantry-cabinet","Pantry cabinet","Cabinets","10","8144.3","8144.3","0.1875","rotation_allowed","96","48","3","58.9","41.1","0","https://woodcuttool.com/templates/pantry-cabinet-cut-list/"
"2026-07-17","woodcuttool-maxrects-v1","pantry-cabinet","Pantry cabinet","Cabinets","10","8144.3","8144.3","0.1875","orientation_locked","96","48","3","58.9","41.1","0","https://woodcuttool.com/templates/pantry-cabinet-cut-list/"
"2026-07-17","woodcuttool-maxrects-v1","pantry-cabinet","Pantry cabinet","Cabinets","10","8144.3","8144.3","0.25","rotation_allowed","96","48","3","58.9","41.1","0","https://woodcuttool.com/templates/pantry-cabinet-cut-list/"
"2026-07-17","woodcuttool-maxrects-v1","pantry-cabinet","Pantry cabinet","Cabinets","10","8144.3","8144.3","0.25","orientation_locked","96","48","3","58.9","41.1","0","https://woodcuttool.com/templates/pantry-cabinet-cut-list/"
"2026-07-17","woodcuttool-maxrects-v1","laundry-cabinet","Laundry room cabinet","Cabinets","7","5495.5","5495.5","0","rotation_allowed","96","48","2","59.6","40.4","0","https://woodcuttool.com/templates/laundry-room-cabinet-cut-list/"
"2026-07-17","woodcuttool-maxrects-v1","laundry-cabinet","Laundry room cabinet","Cabinets","7","5495.5","5495.5","0","orientation_locked","96","48","2","59.6","40.4","0","https://woodcuttool.com/templates/laundry-room-cabinet-cut-list/"
"2026-07-17","woodcuttool-maxrects-v1","laundry-cabinet","Laundry room cabinet","Cabinets","7","5495.5","5495.5","0.03125","rotation_allowed","96","48","2","59.6","40.4","0","https://woodcuttool.com/templates/laundry-room-cabinet-cut-list/"
"2026-07-17","woodcuttool-maxrects-v1","laundry-cabinet","Laundry room cabinet","Cabinets","7","5495.5","5495.5","0.03125","orientation_locked","96","48","2","59.6","40.4","0","https://woodcuttool.com/templates/laundry-room-cabinet-cut-list/"
"2026-07-17","woodcuttool-maxrects-v1","laundry-cabinet","Laundry room cabinet","Cabinets","7","5495.5","5495.5","0.0625","rotation_allowed","96","48","2","59.6","40.4","0","https://woodcuttool.com/templates/laundry-room-cabinet-cut-list/"
"2026-07-17","woodcuttool-maxrects-v1","laundry-cabinet","Laundry room cabinet","Cabinets","7","5495.5","5495.5","0.0625","orientation_locked","96","48","2","59.6","40.4","0","https://woodcuttool.com/templates/laundry-room-cabinet-cut-list/"
"2026-07-17","woodcuttool-maxrects-v1","laundry-cabinet","Laundry room cabinet","Cabinets","7","5495.5","5495.5","0.09375","rotation_allowed","96","48","2","59.6","40.4","0","https://woodcuttool.com/templates/laundry-room-cabinet-cut-list/"
"2026-07-17","woodcuttool-maxrects-v1","laundry-cabinet","Laundry room cabinet","Cabinets","7","5495.5","5495.5","0.09375","orientation_locked","96","48","2","59.6","40.4","0","https://woodcuttool.com/templates/laundry-room-cabinet-cut-list/"
"2026-07-17","woodcuttool-maxrects-v1","laundry-cabinet","Laundry room cabinet","Cabinets","7","5495.5","5495.5","0.125","rotation_allowed","96","48","2","59.6","40.4","0","https://woodcuttool.com/templates/laundry-room-cabinet-cut-list/"
"2026-07-17","woodcuttool-maxrects-v1","laundry-cabinet","Laundry room cabinet","Cabinets","7","5495.5","5495.5","0.125","orientation_locked","96","48","2","59.6","40.4","0","https://woodcuttool.com/templates/laundry-room-cabinet-cut-list/"
"2026-07-17","woodcuttool-maxrects-v1","laundry-cabinet","Laundry room cabinet","Cabinets","7","5495.5","5495.5","0.1875","rotation_allowed","96","48","2","59.6","40.4","0","https://woodcuttool.com/templates/laundry-room-cabinet-cut-list/"
"2026-07-17","woodcuttool-maxrects-v1","laundry-cabinet","Laundry room cabinet","Cabinets","7","5495.5","5495.5","0.1875","orientation_locked","96","48","2","59.6","40.4","0","https://woodcuttool.com/templates/laundry-room-cabinet-cut-list/"
"2026-07-17","woodcuttool-maxrects-v1","laundry-cabinet","Laundry room cabinet","Cabinets","7","5495.5","5495.5","0.25","rotation_allowed","96","48","2","59.6","40.4","0","https://woodcuttool.com/templates/laundry-room-cabinet-cut-list/"
"2026-07-17","woodcuttool-maxrects-v1","laundry-cabinet","Laundry room cabinet","Cabinets","7","5495.5","5495.5","0.25","orientation_locked","96","48","2","59.6","40.4","0","https://woodcuttool.com/templates/laundry-room-cabinet-cut-list/"
"2026-07-17","woodcuttool-maxrects-v1","shop-cabinet","Shop storage cabinet","Cabinets","9","9357","9357","0","rotation_allowed","96","48","3","67.7","32.3","0","https://woodcuttool.com/templates/shop-storage-cabinet-cut-list/"
"2026-07-17","woodcuttool-maxrects-v1","shop-cabinet","Shop storage cabinet","Cabinets","9","9357","9357","0","orientation_locked","96","48","4","50.8","49.2","0","https://woodcuttool.com/templates/shop-storage-cabinet-cut-list/"
"2026-07-17","woodcuttool-maxrects-v1","shop-cabinet","Shop storage cabinet","Cabinets","9","9357","9357","0.03125","rotation_allowed","96","48","3","67.7","32.3","0","https://woodcuttool.com/templates/shop-storage-cabinet-cut-list/"
"2026-07-17","woodcuttool-maxrects-v1","shop-cabinet","Shop storage cabinet","Cabinets","9","9357","9357","0.03125","orientation_locked","96","48","4","50.8","49.2","0","https://woodcuttool.com/templates/shop-storage-cabinet-cut-list/"
"2026-07-17","woodcuttool-maxrects-v1","shop-cabinet","Shop storage cabinet","Cabinets","9","9357","9357","0.0625","rotation_allowed","96","48","3","67.7","32.3","0","https://woodcuttool.com/templates/shop-storage-cabinet-cut-list/"
"2026-07-17","woodcuttool-maxrects-v1","shop-cabinet","Shop storage cabinet","Cabinets","9","9357","9357","0.0625","orientation_locked","96","48","4","50.8","49.2","0","https://woodcuttool.com/templates/shop-storage-cabinet-cut-list/"
"2026-07-17","woodcuttool-maxrects-v1","shop-cabinet","Shop storage cabinet","Cabinets","9","9357","9357","0.09375","rotation_allowed","96","48","3","67.7","32.3","0","https://woodcuttool.com/templates/shop-storage-cabinet-cut-list/"
"2026-07-17","woodcuttool-maxrects-v1","shop-cabinet","Shop storage cabinet","Cabinets","9","9357","9357","0.09375","orientation_locked","96","48","4","50.8","49.2","0","https://woodcuttool.com/templates/shop-storage-cabinet-cut-list/"
"2026-07-17","woodcuttool-maxrects-v1","shop-cabinet","Shop storage cabinet","Cabinets","9","9357","9357","0.125","rotation_allowed","96","48","3","67.7","32.3","0","https://woodcuttool.com/templates/shop-storage-cabinet-cut-list/"
"2026-07-17","woodcuttool-maxrects-v1","shop-cabinet","Shop storage cabinet","Cabinets","9","9357","9357","0.125","orientation_locked","96","48","4","50.8","49.2","0","https://woodcuttool.com/templates/shop-storage-cabinet-cut-list/"
"2026-07-17","woodcuttool-maxrects-v1","shop-cabinet","Shop storage cabinet","Cabinets","9","9357","9357","0.1875","rotation_allowed","96","48","3","67.7","32.3","0","https://woodcuttool.com/templates/shop-storage-cabinet-cut-list/"
"2026-07-17","woodcuttool-maxrects-v1","shop-cabinet","Shop storage cabinet","Cabinets","9","9357","9357","0.1875","orientation_locked","96","48","4","50.8","49.2","0","https://woodcuttool.com/templates/shop-storage-cabinet-cut-list/"
"2026-07-17","woodcuttool-maxrects-v1","shop-cabinet","Shop storage cabinet","Cabinets","9","9357","9357","0.25","rotation_allowed","96","48","3","67.7","32.3","0","https://woodcuttool.com/templates/shop-storage-cabinet-cut-list/"
"2026-07-17","woodcuttool-maxrects-v1","shop-cabinet","Shop storage cabinet","Cabinets","9","9357","9357","0.25","orientation_locked","96","48","4","50.8","49.2","0","https://woodcuttool.com/templates/shop-storage-cabinet-cut-list/"
"2026-07-17","woodcuttool-maxrects-v1","bookshelf","Bookshelf","Storage","9","5607","5607","0","rotation_allowed","96","48","2","60.8","39.2","0","https://woodcuttool.com/templates/bookshelf-cut-list/"
"2026-07-17","woodcuttool-maxrects-v1","bookshelf","Bookshelf","Storage","9","5607","5607","0","orientation_locked","96","48","2","60.8","39.2","0","https://woodcuttool.com/templates/bookshelf-cut-list/"
"2026-07-17","woodcuttool-maxrects-v1","bookshelf","Bookshelf","Storage","9","5607","5607","0.03125","rotation_allowed","96","48","2","60.8","39.2","0","https://woodcuttool.com/templates/bookshelf-cut-list/"
"2026-07-17","woodcuttool-maxrects-v1","bookshelf","Bookshelf","Storage","9","5607","5607","0.03125","orientation_locked","96","48","2","60.8","39.2","0","https://woodcuttool.com/templates/bookshelf-cut-list/"
"2026-07-17","woodcuttool-maxrects-v1","bookshelf","Bookshelf","Storage","9","5607","5607","0.0625","rotation_allowed","96","48","2","60.8","39.2","0","https://woodcuttool.com/templates/bookshelf-cut-list/"
"2026-07-17","woodcuttool-maxrects-v1","bookshelf","Bookshelf","Storage","9","5607","5607","0.0625","orientation_locked","96","48","2","60.8","39.2","0","https://woodcuttool.com/templates/bookshelf-cut-list/"
"2026-07-17","woodcuttool-maxrects-v1","bookshelf","Bookshelf","Storage","9","5607","5607","0.09375","rotation_allowed","96","48","2","60.8","39.2","0","https://woodcuttool.com/templates/bookshelf-cut-list/"
"2026-07-17","woodcuttool-maxrects-v1","bookshelf","Bookshelf","Storage","9","5607","5607","0.09375","orientation_locked","96","48","2","60.8","39.2","0","https://woodcuttool.com/templates/bookshelf-cut-list/"
"2026-07-17","woodcuttool-maxrects-v1","bookshelf","Bookshelf","Storage","9","5607","5607","0.125","rotation_allowed","96","48","2","60.8","39.2","0","https://woodcuttool.com/templates/bookshelf-cut-list/"
"2026-07-17","woodcuttool-maxrects-v1","bookshelf","Bookshelf","Storage","9","5607","5607","0.125","orientation_locked","96","48","2","60.8","39.2","0","https://woodcuttool.com/templates/bookshelf-cut-list/"
"2026-07-17","woodcuttool-maxrects-v1","bookshelf","Bookshelf","Storage","9","5607","5607","0.1875","rotation_allowed","96","48","2","60.8","39.2","0","https://woodcuttool.com/templates/bookshelf-cut-list/"
"2026-07-17","woodcuttool-maxrects-v1","bookshelf","Bookshelf","Storage","9","5607","5607","0.1875","orientation_locked","96","48","2","60.8","39.2","0","https://woodcuttool.com/templates/bookshelf-cut-list/"
"2026-07-17","woodcuttool-maxrects-v1","bookshelf","Bookshelf","Storage","9","5607","5607","0.25","rotation_allowed","96","48","2","60.8","39.2","0","https://woodcuttool.com/templates/bookshelf-cut-list/"
"2026-07-17","woodcuttool-maxrects-v1","bookshelf","Bookshelf","Storage","9","5607","5607","0.25","orientation_locked","96","48","2","60.8","39.2","0","https://woodcuttool.com/templates/bookshelf-cut-list/"
"2026-07-17","woodcuttool-maxrects-v1","cube-storage","Cube storage unit","Storage","13","4875","4875","0","rotation_allowed","96","48","2","52.9","47.1","0","https://woodcuttool.com/templates/cube-storage-cut-list/"
"2026-07-17","woodcuttool-maxrects-v1","cube-storage","Cube storage unit","Storage","13","4875","4875","0","orientation_locked","96","48","2","52.9","47.1","0","https://woodcuttool.com/templates/cube-storage-cut-list/"
"2026-07-17","woodcuttool-maxrects-v1","cube-storage","Cube storage unit","Storage","13","4875","4875","0.03125","rotation_allowed","96","48","2","52.9","47.1","0","https://woodcuttool.com/templates/cube-storage-cut-list/"
"2026-07-17","woodcuttool-maxrects-v1","cube-storage","Cube storage unit","Storage","13","4875","4875","0.03125","orientation_locked","96","48","2","52.9","47.1","0","https://woodcuttool.com/templates/cube-storage-cut-list/"
"2026-07-17","woodcuttool-maxrects-v1","cube-storage","Cube storage unit","Storage","13","4875","4875","0.0625","rotation_allowed","96","48","2","52.9","47.1","0","https://woodcuttool.com/templates/cube-storage-cut-list/"
"2026-07-17","woodcuttool-maxrects-v1","cube-storage","Cube storage unit","Storage","13","4875","4875","0.0625","orientation_locked","96","48","2","52.9","47.1","0","https://woodcuttool.com/templates/cube-storage-cut-list/"
"2026-07-17","woodcuttool-maxrects-v1","cube-storage","Cube storage unit","Storage","13","4875","4875","0.09375","rotation_allowed","96","48","2","52.9","47.1","0","https://woodcuttool.com/templates/cube-storage-cut-list/"
"2026-07-17","woodcuttool-maxrects-v1","cube-storage","Cube storage unit","Storage","13","4875","4875","0.09375","orientation_locked","96","48","2","52.9","47.1","0","https://woodcuttool.com/templates/cube-storage-cut-list/"
"2026-07-17","woodcuttool-maxrects-v1","cube-storage","Cube storage unit","Storage","13","4875","4875","0.125","rotation_allowed","96","48","2","52.9","47.1","0","https://woodcuttool.com/templates/cube-storage-cut-list/"
"2026-07-17","woodcuttool-maxrects-v1","cube-storage","Cube storage unit","Storage","13","4875","4875","0.125","orientation_locked","96","48","2","52.9","47.1","0","https://woodcuttool.com/templates/cube-storage-cut-list/"
"2026-07-17","woodcuttool-maxrects-v1","cube-storage","Cube storage unit","Storage","13","4875","4875","0.1875","rotation_allowed","96","48","2","52.9","47.1","0","https://woodcuttool.com/templates/cube-storage-cut-list/"
"2026-07-17","woodcuttool-maxrects-v1","cube-storage","Cube storage unit","Storage","13","4875","4875","0.1875","orientation_locked","96","48","2","52.9","47.1","0","https://woodcuttool.com/templates/cube-storage-cut-list/"
"2026-07-17","woodcuttool-maxrects-v1","cube-storage","Cube storage unit","Storage","13","4875","4875","0.25","rotation_allowed","96","48","2","52.9","47.1","0","https://woodcuttool.com/templates/cube-storage-cut-list/"
"2026-07-17","woodcuttool-maxrects-v1","cube-storage","Cube storage unit","Storage","13","4875","4875","0.25","orientation_locked","96","48","2","52.9","47.1","0","https://woodcuttool.com/templates/cube-storage-cut-list/"
"2026-07-17","woodcuttool-maxrects-v1","mudroom-bench","Mudroom bench","Storage","7","3520.1","3520.1","0","rotation_allowed","96","48","2","38.2","61.8","0","https://woodcuttool.com/templates/mudroom-bench-cut-list/"
"2026-07-17","woodcuttool-maxrects-v1","mudroom-bench","Mudroom bench","Storage","7","3520.1","3520.1","0","orientation_locked","96","48","2","38.2","61.8","0","https://woodcuttool.com/templates/mudroom-bench-cut-list/"
"2026-07-17","woodcuttool-maxrects-v1","mudroom-bench","Mudroom bench","Storage","7","3520.1","3520.1","0.03125","rotation_allowed","96","48","2","38.2","61.8","0","https://woodcuttool.com/templates/mudroom-bench-cut-list/"
"2026-07-17","woodcuttool-maxrects-v1","mudroom-bench","Mudroom bench","Storage","7","3520.1","3520.1","0.03125","orientation_locked","96","48","2","38.2","61.8","0","https://woodcuttool.com/templates/mudroom-bench-cut-list/"
"2026-07-17","woodcuttool-maxrects-v1","mudroom-bench","Mudroom bench","Storage","7","3520.1","3520.1","0.0625","rotation_allowed","96","48","2","38.2","61.8","0","https://woodcuttool.com/templates/mudroom-bench-cut-list/"
"2026-07-17","woodcuttool-maxrects-v1","mudroom-bench","Mudroom bench","Storage","7","3520.1","3520.1","0.0625","orientation_locked","96","48","2","38.2","61.8","0","https://woodcuttool.com/templates/mudroom-bench-cut-list/"
"2026-07-17","woodcuttool-maxrects-v1","mudroom-bench","Mudroom bench","Storage","7","3520.1","3520.1","0.09375","rotation_allowed","96","48","2","38.2","61.8","0","https://woodcuttool.com/templates/mudroom-bench-cut-list/"
"2026-07-17","woodcuttool-maxrects-v1","mudroom-bench","Mudroom bench","Storage","7","3520.1","3520.1","0.09375","orientation_locked","96","48","2","38.2","61.8","0","https://woodcuttool.com/templates/mudroom-bench-cut-list/"
"2026-07-17","woodcuttool-maxrects-v1","mudroom-bench","Mudroom bench","Storage","7","3520.1","3520.1","0.125","rotation_allowed","96","48","2","38.2","61.8","0","https://woodcuttool.com/templates/mudroom-bench-cut-list/"
"2026-07-17","woodcuttool-maxrects-v1","mudroom-bench","Mudroom bench","Storage","7","3520.1","3520.1","0.125","orientation_locked","96","48","2","38.2","61.8","0","https://woodcuttool.com/templates/mudroom-bench-cut-list/"
"2026-07-17","woodcuttool-maxrects-v1","mudroom-bench","Mudroom bench","Storage","7","3520.1","3520.1","0.1875","rotation_allowed","96","48","2","38.2","61.8","0","https://woodcuttool.com/templates/mudroom-bench-cut-list/"
"2026-07-17","woodcuttool-maxrects-v1","mudroom-bench","Mudroom bench","Storage","7","3520.1","3520.1","0.1875","orientation_locked","96","48","2","38.2","61.8","0","https://woodcuttool.com/templates/mudroom-bench-cut-list/"
"2026-07-17","woodcuttool-maxrects-v1","mudroom-bench","Mudroom bench","Storage","7","3520.1","3520.1","0.25","rotation_allowed","96","48","2","38.2","61.8","0","https://woodcuttool.com/templates/mudroom-bench-cut-list/"
"2026-07-17","woodcuttool-maxrects-v1","mudroom-bench","Mudroom bench","Storage","7","3520.1","3520.1","0.25","orientation_locked","96","48","2","38.2","61.8","0","https://woodcuttool.com/templates/mudroom-bench-cut-list/"
"2026-07-17","woodcuttool-maxrects-v1","window-seat","Window seat","Storage","7","4483.3","4483.3","0","rotation_allowed","96","48","2","48.6","51.4","0","https://woodcuttool.com/templates/window-seat-cut-list/"
"2026-07-17","woodcuttool-maxrects-v1","window-seat","Window seat","Storage","7","4483.3","4483.3","0","orientation_locked","96","48","2","48.6","51.4","0","https://woodcuttool.com/templates/window-seat-cut-list/"
"2026-07-17","woodcuttool-maxrects-v1","window-seat","Window seat","Storage","7","4483.3","4483.3","0.03125","rotation_allowed","96","48","2","48.6","51.4","0","https://woodcuttool.com/templates/window-seat-cut-list/"
"2026-07-17","woodcuttool-maxrects-v1","window-seat","Window seat","Storage","7","4483.3","4483.3","0.03125","orientation_locked","96","48","2","48.6","51.4","0","https://woodcuttool.com/templates/window-seat-cut-list/"
"2026-07-17","woodcuttool-maxrects-v1","window-seat","Window seat","Storage","7","4483.3","4483.3","0.0625","rotation_allowed","96","48","2","48.6","51.4","0","https://woodcuttool.com/templates/window-seat-cut-list/"
"2026-07-17","woodcuttool-maxrects-v1","window-seat","Window seat","Storage","7","4483.3","4483.3","0.0625","orientation_locked","96","48","2","48.6","51.4","0","https://woodcuttool.com/templates/window-seat-cut-list/"
"2026-07-17","woodcuttool-maxrects-v1","window-seat","Window seat","Storage","7","4483.3","4483.3","0.09375","rotation_allowed","96","48","2","48.6","51.4","0","https://woodcuttool.com/templates/window-seat-cut-list/"
"2026-07-17","woodcuttool-maxrects-v1","window-seat","Window seat","Storage","7","4483.3","4483.3","0.09375","orientation_locked","96","48","2","48.6","51.4","0","https://woodcuttool.com/templates/window-seat-cut-list/"
"2026-07-17","woodcuttool-maxrects-v1","window-seat","Window seat","Storage","7","4483.3","4483.3","0.125","rotation_allowed","96","48","2","48.6","51.4","0","https://woodcuttool.com/templates/window-seat-cut-list/"
"2026-07-17","woodcuttool-maxrects-v1","window-seat","Window seat","Storage","7","4483.3","4483.3","0.125","orientation_locked","96","48","2","48.6","51.4","0","https://woodcuttool.com/templates/window-seat-cut-list/"
"2026-07-17","woodcuttool-maxrects-v1","window-seat","Window seat","Storage","7","4483.3","4483.3","0.1875","rotation_allowed","96","48","2","48.6","51.4","0","https://woodcuttool.com/templates/window-seat-cut-list/"
"2026-07-17","woodcuttool-maxrects-v1","window-seat","Window seat","Storage","7","4483.3","4483.3","0.1875","orientation_locked","96","48","2","48.6","51.4","0","https://woodcuttool.com/templates/window-seat-cut-list/"
"2026-07-17","woodcuttool-maxrects-v1","window-seat","Window seat","Storage","7","4483.3","4483.3","0.25","rotation_allowed","96","48","2","48.6","51.4","0","https://woodcuttool.com/templates/window-seat-cut-list/"
"2026-07-17","woodcuttool-maxrects-v1","window-seat","Window seat","Storage","7","4483.3","4483.3","0.25","orientation_locked","96","48","2","48.6","51.4","0","https://woodcuttool.com/templates/window-seat-cut-list/"
"2026-07-17","woodcuttool-maxrects-v1","utility-closet","Utility closet cabinet","Storage","8","8571.8","8571.8","0","rotation_allowed","96","48","3","62","38","0","https://woodcuttool.com/templates/utility-closet-cut-list/"
"2026-07-17","woodcuttool-maxrects-v1","utility-closet","Utility closet cabinet","Storage","8","8571.8","8571.8","0","orientation_locked","96","48","3","62","38","0","https://woodcuttool.com/templates/utility-closet-cut-list/"
"2026-07-17","woodcuttool-maxrects-v1","utility-closet","Utility closet cabinet","Storage","8","8571.8","8571.8","0.03125","rotation_allowed","96","48","3","62","38","0","https://woodcuttool.com/templates/utility-closet-cut-list/"
"2026-07-17","woodcuttool-maxrects-v1","utility-closet","Utility closet cabinet","Storage","8","8571.8","8571.8","0.03125","orientation_locked","96","48","3","62","38","0","https://woodcuttool.com/templates/utility-closet-cut-list/"
"2026-07-17","woodcuttool-maxrects-v1","utility-closet","Utility closet cabinet","Storage","8","8571.8","8571.8","0.0625","rotation_allowed","96","48","3","62","38","0","https://woodcuttool.com/templates/utility-closet-cut-list/"
"2026-07-17","woodcuttool-maxrects-v1","utility-closet","Utility closet cabinet","Storage","8","8571.8","8571.8","0.0625","orientation_locked","96","48","3","62","38","0","https://woodcuttool.com/templates/utility-closet-cut-list/"
"2026-07-17","woodcuttool-maxrects-v1","utility-closet","Utility closet cabinet","Storage","8","8571.8","8571.8","0.09375","rotation_allowed","96","48","3","62","38","0","https://woodcuttool.com/templates/utility-closet-cut-list/"
"2026-07-17","woodcuttool-maxrects-v1","utility-closet","Utility closet cabinet","Storage","8","8571.8","8571.8","0.09375","orientation_locked","96","48","3","62","38","0","https://woodcuttool.com/templates/utility-closet-cut-list/"
"2026-07-17","woodcuttool-maxrects-v1","utility-closet","Utility closet cabinet","Storage","8","8571.8","8571.8","0.125","rotation_allowed","96","48","3","62","38","0","https://woodcuttool.com/templates/utility-closet-cut-list/"
"2026-07-17","woodcuttool-maxrects-v1","utility-closet","Utility closet cabinet","Storage","8","8571.8","8571.8","0.125","orientation_locked","96","48","3","62","38","0","https://woodcuttool.com/templates/utility-closet-cut-list/"
"2026-07-17","woodcuttool-maxrects-v1","utility-closet","Utility closet cabinet","Storage","8","8571.8","8571.8","0.1875","rotation_allowed","96","48","3","62","38","0","https://woodcuttool.com/templates/utility-closet-cut-list/"
"2026-07-17","woodcuttool-maxrects-v1","utility-closet","Utility closet cabinet","Storage","8","8571.8","8571.8","0.1875","orientation_locked","96","48","3","62","38","0","https://woodcuttool.com/templates/utility-closet-cut-list/"
"2026-07-17","woodcuttool-maxrects-v1","utility-closet","Utility closet cabinet","Storage","8","8571.8","8571.8","0.25","rotation_allowed","96","48","3","62","38","0","https://woodcuttool.com/templates/utility-closet-cut-list/"
"2026-07-17","woodcuttool-maxrects-v1","utility-closet","Utility closet cabinet","Storage","8","8571.8","8571.8","0.25","orientation_locked","96","48","3","62","38","0","https://woodcuttool.com/templates/utility-closet-cut-list/"
"2026-07-17","woodcuttool-maxrects-v1","under-bed-drawers","Under-bed drawers","Storage","12","3356","3356","0","rotation_allowed","96","48","1","72.8","27.2","0","https://woodcuttool.com/templates/under-bed-drawer-cut-list/"
"2026-07-17","woodcuttool-maxrects-v1","under-bed-drawers","Under-bed drawers","Storage","12","3356","3356","0","orientation_locked","96","48","1","72.8","27.2","0","https://woodcuttool.com/templates/under-bed-drawer-cut-list/"
"2026-07-17","woodcuttool-maxrects-v1","under-bed-drawers","Under-bed drawers","Storage","12","3356","3356","0.03125","rotation_allowed","96","48","1","72.8","27.2","0","https://woodcuttool.com/templates/under-bed-drawer-cut-list/"
"2026-07-17","woodcuttool-maxrects-v1","under-bed-drawers","Under-bed drawers","Storage","12","3356","3356","0.03125","orientation_locked","96","48","1","72.8","27.2","0","https://woodcuttool.com/templates/under-bed-drawer-cut-list/"
"2026-07-17","woodcuttool-maxrects-v1","under-bed-drawers","Under-bed drawers","Storage","12","3356","3356","0.0625","rotation_allowed","96","48","1","72.8","27.2","0","https://woodcuttool.com/templates/under-bed-drawer-cut-list/"
"2026-07-17","woodcuttool-maxrects-v1","under-bed-drawers","Under-bed drawers","Storage","12","3356","3356","0.0625","orientation_locked","96","48","1","72.8","27.2","0","https://woodcuttool.com/templates/under-bed-drawer-cut-list/"
"2026-07-17","woodcuttool-maxrects-v1","under-bed-drawers","Under-bed drawers","Storage","12","3356","3356","0.09375","rotation_allowed","96","48","1","72.8","27.2","0","https://woodcuttool.com/templates/under-bed-drawer-cut-list/"
"2026-07-17","woodcuttool-maxrects-v1","under-bed-drawers","Under-bed drawers","Storage","12","3356","3356","0.09375","orientation_locked","96","48","1","72.8","27.2","0","https://woodcuttool.com/templates/under-bed-drawer-cut-list/"
"2026-07-17","woodcuttool-maxrects-v1","under-bed-drawers","Under-bed drawers","Storage","12","3356","3356","0.125","rotation_allowed","96","48","1","72.8","27.2","0","https://woodcuttool.com/templates/under-bed-drawer-cut-list/"
"2026-07-17","woodcuttool-maxrects-v1","under-bed-drawers","Under-bed drawers","Storage","12","3356","3356","0.125","orientation_locked","96","48","1","72.8","27.2","0","https://woodcuttool.com/templates/under-bed-drawer-cut-list/"
"2026-07-17","woodcuttool-maxrects-v1","under-bed-drawers","Under-bed drawers","Storage","12","3356","3356","0.1875","rotation_allowed","96","48","1","72.8","27.2","0","https://woodcuttool.com/templates/under-bed-drawer-cut-list/"
"2026-07-17","woodcuttool-maxrects-v1","under-bed-drawers","Under-bed drawers","Storage","12","3356","3356","0.1875","orientation_locked","96","48","1","72.8","27.2","0","https://woodcuttool.com/templates/under-bed-drawer-cut-list/"
"2026-07-17","woodcuttool-maxrects-v1","under-bed-drawers","Under-bed drawers","Storage","12","3356","3356","0.25","rotation_allowed","96","48","1","72.8","27.2","0","https://woodcuttool.com/templates/under-bed-drawer-cut-list/"
"2026-07-17","woodcuttool-maxrects-v1","under-bed-drawers","Under-bed drawers","Storage","12","3356","3356","0.25","orientation_locked","96","48","1","72.8","27.2","0","https://woodcuttool.com/templates/under-bed-drawer-cut-list/"
"2026-07-17","woodcuttool-maxrects-v1","coffee-table","Coffee table","Furniture","6","3340.5","3340.5","0","rotation_allowed","96","48","1","72.5","27.5","0","https://woodcuttool.com/templates/coffee-table-cut-list/"
"2026-07-17","woodcuttool-maxrects-v1","coffee-table","Coffee table","Furniture","6","3340.5","3340.5","0","orientation_locked","96","48","2","36.2","63.8","0","https://woodcuttool.com/templates/coffee-table-cut-list/"
"2026-07-17","woodcuttool-maxrects-v1","coffee-table","Coffee table","Furniture","6","3340.5","3340.5","0.03125","rotation_allowed","96","48","1","72.5","27.5","0","https://woodcuttool.com/templates/coffee-table-cut-list/"
"2026-07-17","woodcuttool-maxrects-v1","coffee-table","Coffee table","Furniture","6","3340.5","3340.5","0.03125","orientation_locked","96","48","2","36.2","63.8","0","https://woodcuttool.com/templates/coffee-table-cut-list/"
"2026-07-17","woodcuttool-maxrects-v1","coffee-table","Coffee table","Furniture","6","3340.5","3340.5","0.0625","rotation_allowed","96","48","1","72.5","27.5","0","https://woodcuttool.com/templates/coffee-table-cut-list/"
"2026-07-17","woodcuttool-maxrects-v1","coffee-table","Coffee table","Furniture","6","3340.5","3340.5","0.0625","orientation_locked","96","48","2","36.2","63.8","0","https://woodcuttool.com/templates/coffee-table-cut-list/"
"2026-07-17","woodcuttool-maxrects-v1","coffee-table","Coffee table","Furniture","6","3340.5","3340.5","0.09375","rotation_allowed","96","48","1","72.5","27.5","0","https://woodcuttool.com/templates/coffee-table-cut-list/"
"2026-07-17","woodcuttool-maxrects-v1","coffee-table","Coffee table","Furniture","6","3340.5","3340.5","0.09375","orientation_locked","96","48","2","36.2","63.8","0","https://woodcuttool.com/templates/coffee-table-cut-list/"
"2026-07-17","woodcuttool-maxrects-v1","coffee-table","Coffee table","Furniture","6","3340.5","3340.5","0.125","rotation_allowed","96","48","1","72.5","27.5","0","https://woodcuttool.com/templates/coffee-table-cut-list/"
"2026-07-17","woodcuttool-maxrects-v1","coffee-table","Coffee table","Furniture","6","3340.5","3340.5","0.125","orientation_locked","96","48","2","36.2","63.8","0","https://woodcuttool.com/templates/coffee-table-cut-list/"
"2026-07-17","woodcuttool-maxrects-v1","coffee-table","Coffee table","Furniture","6","3340.5","3340.5","0.1875","rotation_allowed","96","48","1","72.5","27.5","0","https://woodcuttool.com/templates/coffee-table-cut-list/"
"2026-07-17","woodcuttool-maxrects-v1","coffee-table","Coffee table","Furniture","6","3340.5","3340.5","0.1875","orientation_locked","96","48","2","36.2","63.8","0","https://woodcuttool.com/templates/coffee-table-cut-list/"
"2026-07-17","woodcuttool-maxrects-v1","coffee-table","Coffee table","Furniture","6","3340.5","3340.5","0.25","rotation_allowed","96","48","1","72.5","27.5","0","https://woodcuttool.com/templates/coffee-table-cut-list/"
"2026-07-17","woodcuttool-maxrects-v1","coffee-table","Coffee table","Furniture","6","3340.5","3340.5","0.25","orientation_locked","96","48","2","36.2","63.8","0","https://woodcuttool.com/templates/coffee-table-cut-list/"
"2026-07-17","woodcuttool-maxrects-v1","console-table","Console table","Furniture","5","2164.5","2164.5","0","rotation_allowed","96","48","1","47","53","0","https://woodcuttool.com/templates/console-table-cut-list/"
"2026-07-17","woodcuttool-maxrects-v1","console-table","Console table","Furniture","5","2164.5","2164.5","0","orientation_locked","96","48","1","47","53","0","https://woodcuttool.com/templates/console-table-cut-list/"
"2026-07-17","woodcuttool-maxrects-v1","console-table","Console table","Furniture","5","2164.5","2164.5","0.03125","rotation_allowed","96","48","1","47","53","0","https://woodcuttool.com/templates/console-table-cut-list/"
"2026-07-17","woodcuttool-maxrects-v1","console-table","Console table","Furniture","5","2164.5","2164.5","0.03125","orientation_locked","96","48","1","47","53","0","https://woodcuttool.com/templates/console-table-cut-list/"
"2026-07-17","woodcuttool-maxrects-v1","console-table","Console table","Furniture","5","2164.5","2164.5","0.0625","rotation_allowed","96","48","1","47","53","0","https://woodcuttool.com/templates/console-table-cut-list/"
"2026-07-17","woodcuttool-maxrects-v1","console-table","Console table","Furniture","5","2164.5","2164.5","0.0625","orientation_locked","96","48","1","47","53","0","https://woodcuttool.com/templates/console-table-cut-list/"
"2026-07-17","woodcuttool-maxrects-v1","console-table","Console table","Furniture","5","2164.5","2164.5","0.09375","rotation_allowed","96","48","1","47","53","0","https://woodcuttool.com/templates/console-table-cut-list/"
"2026-07-17","woodcuttool-maxrects-v1","console-table","Console table","Furniture","5","2164.5","2164.5","0.09375","orientation_locked","96","48","1","47","53","0","https://woodcuttool.com/templates/console-table-cut-list/"
"2026-07-17","woodcuttool-maxrects-v1","console-table","Console table","Furniture","5","2164.5","2164.5","0.125","rotation_allowed","96","48","1","47","53","0","https://woodcuttool.com/templates/console-table-cut-list/"
"2026-07-17","woodcuttool-maxrects-v1","console-table","Console table","Furniture","5","2164.5","2164.5","0.125","orientation_locked","96","48","1","47","53","0","https://woodcuttool.com/templates/console-table-cut-list/"
"2026-07-17","woodcuttool-maxrects-v1","console-table","Console table","Furniture","5","2164.5","2164.5","0.1875","rotation_allowed","96","48","1","47","53","0","https://woodcuttool.com/templates/console-table-cut-list/"
"2026-07-17","woodcuttool-maxrects-v1","console-table","Console table","Furniture","5","2164.5","2164.5","0.1875","orientation_locked","96","48","1","47","53","0","https://woodcuttool.com/templates/console-table-cut-list/"
"2026-07-17","woodcuttool-maxrects-v1","console-table","Console table","Furniture","5","2164.5","2164.5","0.25","rotation_allowed","96","48","1","47","53","0","https://woodcuttool.com/templates/console-table-cut-list/"
"2026-07-17","woodcuttool-maxrects-v1","console-table","Console table","Furniture","5","2164.5","2164.5","0.25","orientation_locked","96","48","1","47","53","0","https://woodcuttool.com/templates/console-table-cut-list/"
"2026-07-17","woodcuttool-maxrects-v1","record-cabinet","Record cabinet","Furniture","8","5207.6","5207.6","0","rotation_allowed","96","48","2","56.5","43.5","0","https://woodcuttool.com/templates/record-cabinet-cut-list/"
"2026-07-17","woodcuttool-maxrects-v1","record-cabinet","Record cabinet","Furniture","8","5207.6","5207.6","0","orientation_locked","96","48","2","56.5","43.5","0","https://woodcuttool.com/templates/record-cabinet-cut-list/"
"2026-07-17","woodcuttool-maxrects-v1","record-cabinet","Record cabinet","Furniture","8","5207.6","5207.6","0.03125","rotation_allowed","96","48","2","56.5","43.5","0","https://woodcuttool.com/templates/record-cabinet-cut-list/"
"2026-07-17","woodcuttool-maxrects-v1","record-cabinet","Record cabinet","Furniture","8","5207.6","5207.6","0.03125","orientation_locked","96","48","2","56.5","43.5","0","https://woodcuttool.com/templates/record-cabinet-cut-list/"
"2026-07-17","woodcuttool-maxrects-v1","record-cabinet","Record cabinet","Furniture","8","5207.6","5207.6","0.0625","rotation_allowed","96","48","2","56.5","43.5","0","https://woodcuttool.com/templates/record-cabinet-cut-list/"
"2026-07-17","woodcuttool-maxrects-v1","record-cabinet","Record cabinet","Furniture","8","5207.6","5207.6","0.0625","orientation_locked","96","48","2","56.5","43.5","0","https://woodcuttool.com/templates/record-cabinet-cut-list/"
"2026-07-17","woodcuttool-maxrects-v1","record-cabinet","Record cabinet","Furniture","8","5207.6","5207.6","0.09375","rotation_allowed","96","48","2","56.5","43.5","0","https://woodcuttool.com/templates/record-cabinet-cut-list/"
"2026-07-17","woodcuttool-maxrects-v1","record-cabinet","Record cabinet","Furniture","8","5207.6","5207.6","0.09375","orientation_locked","96","48","2","56.5","43.5","0","https://woodcuttool.com/templates/record-cabinet-cut-list/"
"2026-07-17","woodcuttool-maxrects-v1","record-cabinet","Record cabinet","Furniture","8","5207.6","5207.6","0.125","rotation_allowed","96","48","2","56.5","43.5","0","https://woodcuttool.com/templates/record-cabinet-cut-list/"
"2026-07-17","woodcuttool-maxrects-v1","record-cabinet","Record cabinet","Furniture","8","5207.6","5207.6","0.125","orientation_locked","96","48","2","56.5","43.5","0","https://woodcuttool.com/templates/record-cabinet-cut-list/"
"2026-07-17","woodcuttool-maxrects-v1","record-cabinet","Record cabinet","Furniture","8","5207.6","5207.6","0.1875","rotation_allowed","96","48","2","56.5","43.5","0","https://woodcuttool.com/templates/record-cabinet-cut-list/"
"2026-07-17","woodcuttool-maxrects-v1","record-cabinet","Record cabinet","Furniture","8","5207.6","5207.6","0.1875","orientation_locked","96","48","2","56.5","43.5","0","https://woodcuttool.com/templates/record-cabinet-cut-list/"
"2026-07-17","woodcuttool-maxrects-v1","record-cabinet","Record cabinet","Furniture","8","5207.6","5207.6","0.25","rotation_allowed","96","48","2","56.5","43.5","0","https://woodcuttool.com/templates/record-cabinet-cut-list/"
"2026-07-17","woodcuttool-maxrects-v1","record-cabinet","Record cabinet","Furniture","8","5207.6","5207.6","0.25","orientation_locked","96","48","2","56.5","43.5","0","https://woodcuttool.com/templates/record-cabinet-cut-list/"
"2026-07-17","woodcuttool-maxrects-v1","media-cabinet","Media wall cabinet","Furniture","9","6064.5","6064.5","0","rotation_allowed","96","48","2","65.8","34.2","0","https://woodcuttool.com/templates/media-wall-cabinet-cut-list/"
"2026-07-17","woodcuttool-maxrects-v1","media-cabinet","Media wall cabinet","Furniture","9","6064.5","6064.5","0","orientation_locked","96","48","2","65.8","34.2","0","https://woodcuttool.com/templates/media-wall-cabinet-cut-list/"
"2026-07-17","woodcuttool-maxrects-v1","media-cabinet","Media wall cabinet","Furniture","9","6064.5","6064.5","0.03125","rotation_allowed","96","48","2","65.8","34.2","0","https://woodcuttool.com/templates/media-wall-cabinet-cut-list/"
"2026-07-17","woodcuttool-maxrects-v1","media-cabinet","Media wall cabinet","Furniture","9","6064.5","6064.5","0.03125","orientation_locked","96","48","2","65.8","34.2","0","https://woodcuttool.com/templates/media-wall-cabinet-cut-list/"
"2026-07-17","woodcuttool-maxrects-v1","media-cabinet","Media wall cabinet","Furniture","9","6064.5","6064.5","0.0625","rotation_allowed","96","48","2","65.8","34.2","0","https://woodcuttool.com/templates/media-wall-cabinet-cut-list/"
"2026-07-17","woodcuttool-maxrects-v1","media-cabinet","Media wall cabinet","Furniture","9","6064.5","6064.5","0.0625","orientation_locked","96","48","2","65.8","34.2","0","https://woodcuttool.com/templates/media-wall-cabinet-cut-list/"
"2026-07-17","woodcuttool-maxrects-v1","media-cabinet","Media wall cabinet","Furniture","9","6064.5","6064.5","0.09375","rotation_allowed","96","48","2","65.8","34.2","0","https://woodcuttool.com/templates/media-wall-cabinet-cut-list/"
"2026-07-17","woodcuttool-maxrects-v1","media-cabinet","Media wall cabinet","Furniture","9","6064.5","6064.5","0.09375","orientation_locked","96","48","2","65.8","34.2","0","https://woodcuttool.com/templates/media-wall-cabinet-cut-list/"
"2026-07-17","woodcuttool-maxrects-v1","media-cabinet","Media wall cabinet","Furniture","9","6064.5","6064.5","0.125","rotation_allowed","96","48","2","65.8","34.2","0","https://woodcuttool.com/templates/media-wall-cabinet-cut-list/"
"2026-07-17","woodcuttool-maxrects-v1","media-cabinet","Media wall cabinet","Furniture","9","6064.5","6064.5","0.125","orientation_locked","96","48","2","65.8","34.2","0","https://woodcuttool.com/templates/media-wall-cabinet-cut-list/"
"2026-07-17","woodcuttool-maxrects-v1","media-cabinet","Media wall cabinet","Furniture","9","6064.5","6064.5","0.1875","rotation_allowed","96","48","2","65.8","34.2","0","https://woodcuttool.com/templates/media-wall-cabinet-cut-list/"
"2026-07-17","woodcuttool-maxrects-v1","media-cabinet","Media wall cabinet","Furniture","9","6064.5","6064.5","0.1875","orientation_locked","96","48","2","65.8","34.2","0","https://woodcuttool.com/templates/media-wall-cabinet-cut-list/"
"2026-07-17","woodcuttool-maxrects-v1","media-cabinet","Media wall cabinet","Furniture","9","6064.5","6064.5","0.25","rotation_allowed","96","48","2","65.8","34.2","0","https://woodcuttool.com/templates/media-wall-cabinet-cut-list/"
"2026-07-17","woodcuttool-maxrects-v1","media-cabinet","Media wall cabinet","Furniture","9","6064.5","6064.5","0.25","orientation_locked","96","48","2","65.8","34.2","0","https://woodcuttool.com/templates/media-wall-cabinet-cut-list/"
"2026-07-17","woodcuttool-maxrects-v1","folding-craft-table","Folding craft table","Furniture","6","3586.5","3586.5","0","rotation_allowed","96","48","1","77.8","22.2","0","https://woodcuttool.com/templates/folding-craft-table-cut-list/"
"2026-07-17","woodcuttool-maxrects-v1","folding-craft-table","Folding craft table","Furniture","6","3586.5","3586.5","0","orientation_locked","96","48","1","77.8","22.2","0","https://woodcuttool.com/templates/folding-craft-table-cut-list/"
"2026-07-17","woodcuttool-maxrects-v1","folding-craft-table","Folding craft table","Furniture","6","3586.5","3586.5","0.03125","rotation_allowed","96","48","1","77.8","22.2","0","https://woodcuttool.com/templates/folding-craft-table-cut-list/"
"2026-07-17","woodcuttool-maxrects-v1","folding-craft-table","Folding craft table","Furniture","6","3586.5","3586.5","0.03125","orientation_locked","96","48","1","77.8","22.2","0","https://woodcuttool.com/templates/folding-craft-table-cut-list/"
"2026-07-17","woodcuttool-maxrects-v1","folding-craft-table","Folding craft table","Furniture","6","3586.5","3586.5","0.0625","rotation_allowed","96","48","1","77.8","22.2","0","https://woodcuttool.com/templates/folding-craft-table-cut-list/"
"2026-07-17","woodcuttool-maxrects-v1","folding-craft-table","Folding craft table","Furniture","6","3586.5","3586.5","0.0625","orientation_locked","96","48","1","77.8","22.2","0","https://woodcuttool.com/templates/folding-craft-table-cut-list/"
"2026-07-17","woodcuttool-maxrects-v1","folding-craft-table","Folding craft table","Furniture","6","3586.5","3586.5","0.09375","rotation_allowed","96","48","1","77.8","22.2","0","https://woodcuttool.com/templates/folding-craft-table-cut-list/"
"2026-07-17","woodcuttool-maxrects-v1","folding-craft-table","Folding craft table","Furniture","6","3586.5","3586.5","0.09375","orientation_locked","96","48","1","77.8","22.2","0","https://woodcuttool.com/templates/folding-craft-table-cut-list/"
"2026-07-17","woodcuttool-maxrects-v1","folding-craft-table","Folding craft table","Furniture","6","3586.5","3586.5","0.125","rotation_allowed","96","48","1","77.8","22.2","0","https://woodcuttool.com/templates/folding-craft-table-cut-list/"
"2026-07-17","woodcuttool-maxrects-v1","folding-craft-table","Folding craft table","Furniture","6","3586.5","3586.5","0.125","orientation_locked","96","48","1","77.8","22.2","0","https://woodcuttool.com/templates/folding-craft-table-cut-list/"
"2026-07-17","woodcuttool-maxrects-v1","folding-craft-table","Folding craft table","Furniture","6","3586.5","3586.5","0.1875","rotation_allowed","96","48","1","77.8","22.2","0","https://woodcuttool.com/templates/folding-craft-table-cut-list/"
"2026-07-17","woodcuttool-maxrects-v1","folding-craft-table","Folding craft table","Furniture","6","3586.5","3586.5","0.1875","orientation_locked","96","48","1","77.8","22.2","0","https://woodcuttool.com/templates/folding-craft-table-cut-list/"
"2026-07-17","woodcuttool-maxrects-v1","folding-craft-table","Folding craft table","Furniture","6","3586.5","3586.5","0.25","rotation_allowed","96","48","1","77.8","22.2","0","https://woodcuttool.com/templates/folding-craft-table-cut-list/"
"2026-07-17","woodcuttool-maxrects-v1","folding-craft-table","Folding craft table","Furniture","6","3586.5","3586.5","0.25","orientation_locked","96","48","1","77.8","22.2","0","https://woodcuttool.com/templates/folding-craft-table-cut-list/"
"2026-07-17","woodcuttool-maxrects-v1","kids-table","Kids table","Furniture","6","1928","1928","0","rotation_allowed","96","48","1","41.8","58.2","0","https://woodcuttool.com/templates/kids-table-cut-list/"
"2026-07-17","woodcuttool-maxrects-v1","kids-table","Kids table","Furniture","6","1928","1928","0","orientation_locked","96","48","1","41.8","58.2","0","https://woodcuttool.com/templates/kids-table-cut-list/"
"2026-07-17","woodcuttool-maxrects-v1","kids-table","Kids table","Furniture","6","1928","1928","0.03125","rotation_allowed","96","48","1","41.8","58.2","0","https://woodcuttool.com/templates/kids-table-cut-list/"
"2026-07-17","woodcuttool-maxrects-v1","kids-table","Kids table","Furniture","6","1928","1928","0.03125","orientation_locked","96","48","1","41.8","58.2","0","https://woodcuttool.com/templates/kids-table-cut-list/"
"2026-07-17","woodcuttool-maxrects-v1","kids-table","Kids table","Furniture","6","1928","1928","0.0625","rotation_allowed","96","48","1","41.8","58.2","0","https://woodcuttool.com/templates/kids-table-cut-list/"
"2026-07-17","woodcuttool-maxrects-v1","kids-table","Kids table","Furniture","6","1928","1928","0.0625","orientation_locked","96","48","1","41.8","58.2","0","https://woodcuttool.com/templates/kids-table-cut-list/"
"2026-07-17","woodcuttool-maxrects-v1","kids-table","Kids table","Furniture","6","1928","1928","0.09375","rotation_allowed","96","48","1","41.8","58.2","0","https://woodcuttool.com/templates/kids-table-cut-list/"
"2026-07-17","woodcuttool-maxrects-v1","kids-table","Kids table","Furniture","6","1928","1928","0.09375","orientation_locked","96","48","1","41.8","58.2","0","https://woodcuttool.com/templates/kids-table-cut-list/"
"2026-07-17","woodcuttool-maxrects-v1","kids-table","Kids table","Furniture","6","1928","1928","0.125","rotation_allowed","96","48","1","41.8","58.2","0","https://woodcuttool.com/templates/kids-table-cut-list/"
"2026-07-17","woodcuttool-maxrects-v1","kids-table","Kids table","Furniture","6","1928","1928","0.125","orientation_locked","96","48","1","41.8","58.2","0","https://woodcuttool.com/templates/kids-table-cut-list/"
"2026-07-17","woodcuttool-maxrects-v1","kids-table","Kids table","Furniture","6","1928","1928","0.1875","rotation_allowed","96","48","1","41.8","58.2","0","https://woodcuttool.com/templates/kids-table-cut-list/"
"2026-07-17","woodcuttool-maxrects-v1","kids-table","Kids table","Furniture","6","1928","1928","0.1875","orientation_locked","96","48","1","41.8","58.2","0","https://woodcuttool.com/templates/kids-table-cut-list/"
"2026-07-17","woodcuttool-maxrects-v1","kids-table","Kids table","Furniture","6","1928","1928","0.25","rotation_allowed","96","48","1","41.8","58.2","0","https://woodcuttool.com/templates/kids-table-cut-list/"
"2026-07-17","woodcuttool-maxrects-v1","kids-table","Kids table","Furniture","6","1928","1928","0.25","orientation_locked","96","48","1","41.8","58.2","0","https://woodcuttool.com/templates/kids-table-cut-list/"
"2026-07-17","woodcuttool-maxrects-v1","mobile-workbench","Mobile workbench","Shop","9","4490.5","4490.5","0","rotation_allowed","96","48","2","48.7","51.3","0","https://woodcuttool.com/templates/mobile-workbench-cut-list/"
"2026-07-17","woodcuttool-maxrects-v1","mobile-workbench","Mobile workbench","Shop","9","4490.5","4490.5","0","orientation_locked","96","48","2","48.7","51.3","0","https://woodcuttool.com/templates/mobile-workbench-cut-list/"
"2026-07-17","woodcuttool-maxrects-v1","mobile-workbench","Mobile workbench","Shop","9","4490.5","4490.5","0.03125","rotation_allowed","96","48","2","48.7","51.3","0","https://woodcuttool.com/templates/mobile-workbench-cut-list/"
"2026-07-17","woodcuttool-maxrects-v1","mobile-workbench","Mobile workbench","Shop","9","4490.5","4490.5","0.03125","orientation_locked","96","48","2","48.7","51.3","0","https://woodcuttool.com/templates/mobile-workbench-cut-list/"
"2026-07-17","woodcuttool-maxrects-v1","mobile-workbench","Mobile workbench","Shop","9","4490.5","4490.5","0.0625","rotation_allowed","96","48","2","48.7","51.3","0","https://woodcuttool.com/templates/mobile-workbench-cut-list/"
"2026-07-17","woodcuttool-maxrects-v1","mobile-workbench","Mobile workbench","Shop","9","4490.5","4490.5","0.0625","orientation_locked","96","48","2","48.7","51.3","0","https://woodcuttool.com/templates/mobile-workbench-cut-list/"
"2026-07-17","woodcuttool-maxrects-v1","mobile-workbench","Mobile workbench","Shop","9","4490.5","4490.5","0.09375","rotation_allowed","96","48","2","48.7","51.3","0","https://woodcuttool.com/templates/mobile-workbench-cut-list/"
"2026-07-17","woodcuttool-maxrects-v1","mobile-workbench","Mobile workbench","Shop","9","4490.5","4490.5","0.09375","orientation_locked","96","48","2","48.7","51.3","0","https://woodcuttool.com/templates/mobile-workbench-cut-list/"
"2026-07-17","woodcuttool-maxrects-v1","mobile-workbench","Mobile workbench","Shop","9","4490.5","4490.5","0.125","rotation_allowed","96","48","2","48.7","51.3","0","https://woodcuttool.com/templates/mobile-workbench-cut-list/"
"2026-07-17","woodcuttool-maxrects-v1","mobile-workbench","Mobile workbench","Shop","9","4490.5","4490.5","0.125","orientation_locked","96","48","2","48.7","51.3","0","https://woodcuttool.com/templates/mobile-workbench-cut-list/"
"2026-07-17","woodcuttool-maxrects-v1","mobile-workbench","Mobile workbench","Shop","9","4490.5","4490.5","0.1875","rotation_allowed","96","48","2","48.7","51.3","0","https://woodcuttool.com/templates/mobile-workbench-cut-list/"
"2026-07-17","woodcuttool-maxrects-v1","mobile-workbench","Mobile workbench","Shop","9","4490.5","4490.5","0.1875","orientation_locked","96","48","2","48.7","51.3","0","https://woodcuttool.com/templates/mobile-workbench-cut-list/"
"2026-07-17","woodcuttool-maxrects-v1","mobile-workbench","Mobile workbench","Shop","9","4490.5","4490.5","0.25","rotation_allowed","96","48","2","48.7","51.3","0","https://woodcuttool.com/templates/mobile-workbench-cut-list/"
"2026-07-17","woodcuttool-maxrects-v1","mobile-workbench","Mobile workbench","Shop","9","4490.5","4490.5","0.25","orientation_locked","96","48","2","48.7","51.3","0","https://woodcuttool.com/templates/mobile-workbench-cut-list/"
"2026-07-17","woodcuttool-maxrects-v1","assembly-table","Assembly table","Shop","7","6952.5","6952.5","0","rotation_allowed","96","48","3","50.3","49.7","0","https://woodcuttool.com/templates/assembly-table-cut-list/"
"2026-07-17","woodcuttool-maxrects-v1","assembly-table","Assembly table","Shop","7","6952.5","6952.5","0","orientation_locked","96","48","3","50.3","49.7","0","https://woodcuttool.com/templates/assembly-table-cut-list/"
"2026-07-17","woodcuttool-maxrects-v1","assembly-table","Assembly table","Shop","7","6952.5","6952.5","0.03125","rotation_allowed","96","48","3","50.3","49.7","0","https://woodcuttool.com/templates/assembly-table-cut-list/"
"2026-07-17","woodcuttool-maxrects-v1","assembly-table","Assembly table","Shop","7","6952.5","6952.5","0.03125","orientation_locked","96","48","3","50.3","49.7","0","https://woodcuttool.com/templates/assembly-table-cut-list/"
"2026-07-17","woodcuttool-maxrects-v1","assembly-table","Assembly table","Shop","7","6952.5","6952.5","0.0625","rotation_allowed","96","48","3","50.3","49.7","0","https://woodcuttool.com/templates/assembly-table-cut-list/"
"2026-07-17","woodcuttool-maxrects-v1","assembly-table","Assembly table","Shop","7","6952.5","6952.5","0.0625","orientation_locked","96","48","3","50.3","49.7","0","https://woodcuttool.com/templates/assembly-table-cut-list/"
"2026-07-17","woodcuttool-maxrects-v1","assembly-table","Assembly table","Shop","7","6952.5","6952.5","0.09375","rotation_allowed","96","48","3","50.3","49.7","0","https://woodcuttool.com/templates/assembly-table-cut-list/"
"2026-07-17","woodcuttool-maxrects-v1","assembly-table","Assembly table","Shop","7","6952.5","6952.5","0.09375","orientation_locked","96","48","3","50.3","49.7","0","https://woodcuttool.com/templates/assembly-table-cut-list/"
"2026-07-17","woodcuttool-maxrects-v1","assembly-table","Assembly table","Shop","7","6952.5","6952.5","0.125","rotation_allowed","96","48","3","50.3","49.7","0","https://woodcuttool.com/templates/assembly-table-cut-list/"
"2026-07-17","woodcuttool-maxrects-v1","assembly-table","Assembly table","Shop","7","6952.5","6952.5","0.125","orientation_locked","96","48","3","50.3","49.7","0","https://woodcuttool.com/templates/assembly-table-cut-list/"
"2026-07-17","woodcuttool-maxrects-v1","assembly-table","Assembly table","Shop","7","6952.5","6952.5","0.1875","rotation_allowed","96","48","3","50.3","49.7","0","https://woodcuttool.com/templates/assembly-table-cut-list/"
"2026-07-17","woodcuttool-maxrects-v1","assembly-table","Assembly table","Shop","7","6952.5","6952.5","0.1875","orientation_locked","96","48","3","50.3","49.7","0","https://woodcuttool.com/templates/assembly-table-cut-list/"
"2026-07-17","woodcuttool-maxrects-v1","assembly-table","Assembly table","Shop","7","6952.5","6952.5","0.25","rotation_allowed","96","48","3","50.3","49.7","0","https://woodcuttool.com/templates/assembly-table-cut-list/"
"2026-07-17","woodcuttool-maxrects-v1","assembly-table","Assembly table","Shop","7","6952.5","6952.5","0.25","orientation_locked","96","48","3","50.3","49.7","0","https://woodcuttool.com/templates/assembly-table-cut-list/"
"2026-07-17","woodcuttool-maxrects-v1","miter-saw-stand","Miter saw stand","Shop","9","3951.8","3951.8","0","rotation_allowed","96","48","2","42.9","57.1","0","https://woodcuttool.com/templates/miter-saw-stand-cut-list/"
"2026-07-17","woodcuttool-maxrects-v1","miter-saw-stand","Miter saw stand","Shop","9","3951.8","3951.8","0","orientation_locked","96","48","2","42.9","57.1","0","https://woodcuttool.com/templates/miter-saw-stand-cut-list/"
"2026-07-17","woodcuttool-maxrects-v1","miter-saw-stand","Miter saw stand","Shop","9","3951.8","3951.8","0.03125","rotation_allowed","96","48","2","42.9","57.1","0","https://woodcuttool.com/templates/miter-saw-stand-cut-list/"
"2026-07-17","woodcuttool-maxrects-v1","miter-saw-stand","Miter saw stand","Shop","9","3951.8","3951.8","0.03125","orientation_locked","96","48","2","42.9","57.1","0","https://woodcuttool.com/templates/miter-saw-stand-cut-list/"
"2026-07-17","woodcuttool-maxrects-v1","miter-saw-stand","Miter saw stand","Shop","9","3951.8","3951.8","0.0625","rotation_allowed","96","48","2","42.9","57.1","0","https://woodcuttool.com/templates/miter-saw-stand-cut-list/"
"2026-07-17","woodcuttool-maxrects-v1","miter-saw-stand","Miter saw stand","Shop","9","3951.8","3951.8","0.0625","orientation_locked","96","48","2","42.9","57.1","0","https://woodcuttool.com/templates/miter-saw-stand-cut-list/"
"2026-07-17","woodcuttool-maxrects-v1","miter-saw-stand","Miter saw stand","Shop","9","3951.8","3951.8","0.09375","rotation_allowed","96","48","2","42.9","57.1","0","https://woodcuttool.com/templates/miter-saw-stand-cut-list/"
"2026-07-17","woodcuttool-maxrects-v1","miter-saw-stand","Miter saw stand","Shop","9","3951.8","3951.8","0.09375","orientation_locked","96","48","2","42.9","57.1","0","https://woodcuttool.com/templates/miter-saw-stand-cut-list/"
"2026-07-17","woodcuttool-maxrects-v1","miter-saw-stand","Miter saw stand","Shop","9","3951.8","3951.8","0.125","rotation_allowed","96","48","2","42.9","57.1","0","https://woodcuttool.com/templates/miter-saw-stand-cut-list/"
"2026-07-17","woodcuttool-maxrects-v1","miter-saw-stand","Miter saw stand","Shop","9","3951.8","3951.8","0.125","orientation_locked","96","48","2","42.9","57.1","0","https://woodcuttool.com/templates/miter-saw-stand-cut-list/"
"2026-07-17","woodcuttool-maxrects-v1","miter-saw-stand","Miter saw stand","Shop","9","3951.8","3951.8","0.1875","rotation_allowed","96","48","2","42.9","57.1","0","https://woodcuttool.com/templates/miter-saw-stand-cut-list/"
"2026-07-17","woodcuttool-maxrects-v1","miter-saw-stand","Miter saw stand","Shop","9","3951.8","3951.8","0.1875","orientation_locked","96","48","2","42.9","57.1","0","https://woodcuttool.com/templates/miter-saw-stand-cut-list/"
"2026-07-17","woodcuttool-maxrects-v1","miter-saw-stand","Miter saw stand","Shop","9","3951.8","3951.8","0.25","rotation_allowed","96","48","2","42.9","57.1","0","https://woodcuttool.com/templates/miter-saw-stand-cut-list/"
"2026-07-17","woodcuttool-maxrects-v1","miter-saw-stand","Miter saw stand","Shop","9","3951.8","3951.8","0.25","orientation_locked","96","48","2","42.9","57.1","0","https://woodcuttool.com/templates/miter-saw-stand-cut-list/"
"2026-07-17","woodcuttool-maxrects-v1","french-cleat-wall","French cleat tool wall","Shop","12","3798","3798","0","rotation_allowed","96","48","1","82.4","17.6","0","https://woodcuttool.com/templates/french-cleat-wall-cut-list/"
"2026-07-17","woodcuttool-maxrects-v1","french-cleat-wall","French cleat tool wall","Shop","12","3798","3798","0","orientation_locked","96","48","1","82.4","17.6","0","https://woodcuttool.com/templates/french-cleat-wall-cut-list/"
"2026-07-17","woodcuttool-maxrects-v1","french-cleat-wall","French cleat tool wall","Shop","12","3798","3798","0.03125","rotation_allowed","96","48","1","82.4","17.6","0","https://woodcuttool.com/templates/french-cleat-wall-cut-list/"
"2026-07-17","woodcuttool-maxrects-v1","french-cleat-wall","French cleat tool wall","Shop","12","3798","3798","0.03125","orientation_locked","96","48","2","41.2","58.8","0","https://woodcuttool.com/templates/french-cleat-wall-cut-list/"
"2026-07-17","woodcuttool-maxrects-v1","french-cleat-wall","French cleat tool wall","Shop","12","3798","3798","0.0625","rotation_allowed","96","48","1","82.4","17.6","0","https://woodcuttool.com/templates/french-cleat-wall-cut-list/"
"2026-07-17","woodcuttool-maxrects-v1","french-cleat-wall","French cleat tool wall","Shop","12","3798","3798","0.0625","orientation_locked","96","48","2","41.2","58.8","0","https://woodcuttool.com/templates/french-cleat-wall-cut-list/"
"2026-07-17","woodcuttool-maxrects-v1","french-cleat-wall","French cleat tool wall","Shop","12","3798","3798","0.09375","rotation_allowed","96","48","1","82.4","17.6","0","https://woodcuttool.com/templates/french-cleat-wall-cut-list/"
"2026-07-17","woodcuttool-maxrects-v1","french-cleat-wall","French cleat tool wall","Shop","12","3798","3798","0.09375","orientation_locked","96","48","2","41.2","58.8","0","https://woodcuttool.com/templates/french-cleat-wall-cut-list/"
"2026-07-17","woodcuttool-maxrects-v1","french-cleat-wall","French cleat tool wall","Shop","12","3798","3798","0.125","rotation_allowed","96","48","1","82.4","17.6","0","https://woodcuttool.com/templates/french-cleat-wall-cut-list/"
"2026-07-17","woodcuttool-maxrects-v1","french-cleat-wall","French cleat tool wall","Shop","12","3798","3798","0.125","orientation_locked","96","48","2","41.2","58.8","0","https://woodcuttool.com/templates/french-cleat-wall-cut-list/"
"2026-07-17","woodcuttool-maxrects-v1","french-cleat-wall","French cleat tool wall","Shop","12","3798","3798","0.1875","rotation_allowed","96","48","1","82.4","17.6","0","https://woodcuttool.com/templates/french-cleat-wall-cut-list/"
"2026-07-17","woodcuttool-maxrects-v1","french-cleat-wall","French cleat tool wall","Shop","12","3798","3798","0.1875","orientation_locked","96","48","2","41.2","58.8","0","https://woodcuttool.com/templates/french-cleat-wall-cut-list/"
"2026-07-17","woodcuttool-maxrects-v1","french-cleat-wall","French cleat tool wall","Shop","12","3798","3798","0.25","rotation_allowed","96","48","1","82.4","17.6","0","https://woodcuttool.com/templates/french-cleat-wall-cut-list/"
"2026-07-17","woodcuttool-maxrects-v1","french-cleat-wall","French cleat tool wall","Shop","12","3798","3798","0.25","orientation_locked","96","48","2","41.2","58.8","0","https://woodcuttool.com/templates/french-cleat-wall-cut-list/"
"2026-07-17","woodcuttool-maxrects-v1","rolling-cart","Rolling utility cart","Shop","9","2682","2682","0","rotation_allowed","96","48","1","58.2","41.8","0","https://woodcuttool.com/templates/rolling-cart-cut-list/"
"2026-07-17","woodcuttool-maxrects-v1","rolling-cart","Rolling utility cart","Shop","9","2682","2682","0","orientation_locked","96","48","1","58.2","41.8","0","https://woodcuttool.com/templates/rolling-cart-cut-list/"
"2026-07-17","woodcuttool-maxrects-v1","rolling-cart","Rolling utility cart","Shop","9","2682","2682","0.03125","rotation_allowed","96","48","1","58.2","41.8","0","https://woodcuttool.com/templates/rolling-cart-cut-list/"
"2026-07-17","woodcuttool-maxrects-v1","rolling-cart","Rolling utility cart","Shop","9","2682","2682","0.03125","orientation_locked","96","48","1","58.2","41.8","0","https://woodcuttool.com/templates/rolling-cart-cut-list/"
"2026-07-17","woodcuttool-maxrects-v1","rolling-cart","Rolling utility cart","Shop","9","2682","2682","0.0625","rotation_allowed","96","48","1","58.2","41.8","0","https://woodcuttool.com/templates/rolling-cart-cut-list/"
"2026-07-17","woodcuttool-maxrects-v1","rolling-cart","Rolling utility cart","Shop","9","2682","2682","0.0625","orientation_locked","96","48","1","58.2","41.8","0","https://woodcuttool.com/templates/rolling-cart-cut-list/"
"2026-07-17","woodcuttool-maxrects-v1","rolling-cart","Rolling utility cart","Shop","9","2682","2682","0.09375","rotation_allowed","96","48","1","58.2","41.8","0","https://woodcuttool.com/templates/rolling-cart-cut-list/"
"2026-07-17","woodcuttool-maxrects-v1","rolling-cart","Rolling utility cart","Shop","9","2682","2682","0.09375","orientation_locked","96","48","1","58.2","41.8","0","https://woodcuttool.com/templates/rolling-cart-cut-list/"
"2026-07-17","woodcuttool-maxrects-v1","rolling-cart","Rolling utility cart","Shop","9","2682","2682","0.125","rotation_allowed","96","48","1","58.2","41.8","0","https://woodcuttool.com/templates/rolling-cart-cut-list/"
"2026-07-17","woodcuttool-maxrects-v1","rolling-cart","Rolling utility cart","Shop","9","2682","2682","0.125","orientation_locked","96","48","1","58.2","41.8","0","https://woodcuttool.com/templates/rolling-cart-cut-list/"
"2026-07-17","woodcuttool-maxrects-v1","rolling-cart","Rolling utility cart","Shop","9","2682","2682","0.1875","rotation_allowed","96","48","1","58.2","41.8","0","https://woodcuttool.com/templates/rolling-cart-cut-list/"
"2026-07-17","woodcuttool-maxrects-v1","rolling-cart","Rolling utility cart","Shop","9","2682","2682","0.1875","orientation_locked","96","48","1","58.2","41.8","0","https://woodcuttool.com/templates/rolling-cart-cut-list/"
"2026-07-17","woodcuttool-maxrects-v1","rolling-cart","Rolling utility cart","Shop","9","2682","2682","0.25","rotation_allowed","96","48","1","58.2","41.8","0","https://woodcuttool.com/templates/rolling-cart-cut-list/"
"2026-07-17","woodcuttool-maxrects-v1","rolling-cart","Rolling utility cart","Shop","9","2682","2682","0.25","orientation_locked","96","48","1","58.2","41.8","0","https://woodcuttool.com/templates/rolling-cart-cut-list/"
"2026-07-17","woodcuttool-maxrects-v1","outdoor-storage-box","Outdoor storage box","Outdoor","6","5370.8","5370.8","0","rotation_allowed","96","48","2","58.3","41.7","0","https://woodcuttool.com/templates/outdoor-storage-box-cut-list/"
"2026-07-17","woodcuttool-maxrects-v1","outdoor-storage-box","Outdoor storage box","Outdoor","6","5370.8","5370.8","0","orientation_locked","96","48","2","58.3","41.7","0","https://woodcuttool.com/templates/outdoor-storage-box-cut-list/"
"2026-07-17","woodcuttool-maxrects-v1","outdoor-storage-box","Outdoor storage box","Outdoor","6","5370.8","5370.8","0.03125","rotation_allowed","96","48","2","58.3","41.7","0","https://woodcuttool.com/templates/outdoor-storage-box-cut-list/"
"2026-07-17","woodcuttool-maxrects-v1","outdoor-storage-box","Outdoor storage box","Outdoor","6","5370.8","5370.8","0.03125","orientation_locked","96","48","2","58.3","41.7","0","https://woodcuttool.com/templates/outdoor-storage-box-cut-list/"
"2026-07-17","woodcuttool-maxrects-v1","outdoor-storage-box","Outdoor storage box","Outdoor","6","5370.8","5370.8","0.0625","rotation_allowed","96","48","2","58.3","41.7","0","https://woodcuttool.com/templates/outdoor-storage-box-cut-list/"
"2026-07-17","woodcuttool-maxrects-v1","outdoor-storage-box","Outdoor storage box","Outdoor","6","5370.8","5370.8","0.0625","orientation_locked","96","48","2","58.3","41.7","0","https://woodcuttool.com/templates/outdoor-storage-box-cut-list/"
"2026-07-17","woodcuttool-maxrects-v1","outdoor-storage-box","Outdoor storage box","Outdoor","6","5370.8","5370.8","0.09375","rotation_allowed","96","48","2","58.3","41.7","0","https://woodcuttool.com/templates/outdoor-storage-box-cut-list/"
"2026-07-17","woodcuttool-maxrects-v1","outdoor-storage-box","Outdoor storage box","Outdoor","6","5370.8","5370.8","0.09375","orientation_locked","96","48","2","58.3","41.7","0","https://woodcuttool.com/templates/outdoor-storage-box-cut-list/"
"2026-07-17","woodcuttool-maxrects-v1","outdoor-storage-box","Outdoor storage box","Outdoor","6","5370.8","5370.8","0.125","rotation_allowed","96","48","2","58.3","41.7","0","https://woodcuttool.com/templates/outdoor-storage-box-cut-list/"
"2026-07-17","woodcuttool-maxrects-v1","outdoor-storage-box","Outdoor storage box","Outdoor","6","5370.8","5370.8","0.125","orientation_locked","96","48","2","58.3","41.7","0","https://woodcuttool.com/templates/outdoor-storage-box-cut-list/"
"2026-07-17","woodcuttool-maxrects-v1","outdoor-storage-box","Outdoor storage box","Outdoor","6","5370.8","5370.8","0.1875","rotation_allowed","96","48","2","58.3","41.7","0","https://woodcuttool.com/templates/outdoor-storage-box-cut-list/"
"2026-07-17","woodcuttool-maxrects-v1","outdoor-storage-box","Outdoor storage box","Outdoor","6","5370.8","5370.8","0.1875","orientation_locked","96","48","2","58.3","41.7","0","https://woodcuttool.com/templates/outdoor-storage-box-cut-list/"
"2026-07-17","woodcuttool-maxrects-v1","outdoor-storage-box","Outdoor storage box","Outdoor","6","5370.8","5370.8","0.25","rotation_allowed","96","48","2","58.3","41.7","0","https://woodcuttool.com/templates/outdoor-storage-box-cut-list/"
"2026-07-17","woodcuttool-maxrects-v1","outdoor-storage-box","Outdoor storage box","Outdoor","6","5370.8","5370.8","0.25","orientation_locked","96","48","2","58.3","41.7","0","https://woodcuttool.com/templates/outdoor-storage-box-cut-list/"
"2026-07-17","woodcuttool-maxrects-v1","kitchen-island","Kitchen island","Cabinets","7","4593","4593","0","rotation_allowed","96","48","2","49.8","50.2","0","https://woodcuttool.com/templates/kitchen-island-cut-list/"
"2026-07-17","woodcuttool-maxrects-v1","kitchen-island","Kitchen island","Cabinets","7","4593","4593","0","orientation_locked","96","48","2","49.8","50.2","0","https://woodcuttool.com/templates/kitchen-island-cut-list/"
"2026-07-17","woodcuttool-maxrects-v1","kitchen-island","Kitchen island","Cabinets","7","4593","4593","0.03125","rotation_allowed","96","48","2","49.8","50.2","0","https://woodcuttool.com/templates/kitchen-island-cut-list/"
"2026-07-17","woodcuttool-maxrects-v1","kitchen-island","Kitchen island","Cabinets","7","4593","4593","0.03125","orientation_locked","96","48","2","49.8","50.2","0","https://woodcuttool.com/templates/kitchen-island-cut-list/"
"2026-07-17","woodcuttool-maxrects-v1","kitchen-island","Kitchen island","Cabinets","7","4593","4593","0.0625","rotation_allowed","96","48","2","49.8","50.2","0","https://woodcuttool.com/templates/kitchen-island-cut-list/"
"2026-07-17","woodcuttool-maxrects-v1","kitchen-island","Kitchen island","Cabinets","7","4593","4593","0.0625","orientation_locked","96","48","2","49.8","50.2","0","https://woodcuttool.com/templates/kitchen-island-cut-list/"
"2026-07-17","woodcuttool-maxrects-v1","kitchen-island","Kitchen island","Cabinets","7","4593","4593","0.09375","rotation_allowed","96","48","2","49.8","50.2","0","https://woodcuttool.com/templates/kitchen-island-cut-list/"
"2026-07-17","woodcuttool-maxrects-v1","kitchen-island","Kitchen island","Cabinets","7","4593","4593","0.09375","orientation_locked","96","48","2","49.8","50.2","0","https://woodcuttool.com/templates/kitchen-island-cut-list/"
"2026-07-17","woodcuttool-maxrects-v1","kitchen-island","Kitchen island","Cabinets","7","4593","4593","0.125","rotation_allowed","96","48","2","49.8","50.2","0","https://woodcuttool.com/templates/kitchen-island-cut-list/"
"2026-07-17","woodcuttool-maxrects-v1","kitchen-island","Kitchen island","Cabinets","7","4593","4593","0.125","orientation_locked","96","48","2","49.8","50.2","0","https://woodcuttool.com/templates/kitchen-island-cut-list/"
"2026-07-17","woodcuttool-maxrects-v1","kitchen-island","Kitchen island","Cabinets","7","4593","4593","0.1875","rotation_allowed","96","48","2","49.8","50.2","0","https://woodcuttool.com/templates/kitchen-island-cut-list/"
"2026-07-17","woodcuttool-maxrects-v1","kitchen-island","Kitchen island","Cabinets","7","4593","4593","0.1875","orientation_locked","96","48","2","49.8","50.2","0","https://woodcuttool.com/templates/kitchen-island-cut-list/"
"2026-07-17","woodcuttool-maxrects-v1","kitchen-island","Kitchen island","Cabinets","7","4593","4593","0.25","rotation_allowed","96","48","2","49.8","50.2","0","https://woodcuttool.com/templates/kitchen-island-cut-list/"
"2026-07-17","woodcuttool-maxrects-v1","kitchen-island","Kitchen island","Cabinets","7","4593","4593","0.25","orientation_locked","96","48","2","49.8","50.2","0","https://woodcuttool.com/templates/kitchen-island-cut-list/"
"2026-07-17","woodcuttool-maxrects-v1","appliance-garage","Appliance garage","Cabinets","6","1482","1482","0","rotation_allowed","96","48","1","32.2","67.8","0","https://woodcuttool.com/templates/appliance-garage-cut-list/"
"2026-07-17","woodcuttool-maxrects-v1","appliance-garage","Appliance garage","Cabinets","6","1482","1482","0","orientation_locked","96","48","1","32.2","67.8","0","https://woodcuttool.com/templates/appliance-garage-cut-list/"
"2026-07-17","woodcuttool-maxrects-v1","appliance-garage","Appliance garage","Cabinets","6","1482","1482","0.03125","rotation_allowed","96","48","1","32.2","67.8","0","https://woodcuttool.com/templates/appliance-garage-cut-list/"
"2026-07-17","woodcuttool-maxrects-v1","appliance-garage","Appliance garage","Cabinets","6","1482","1482","0.03125","orientation_locked","96","48","1","32.2","67.8","0","https://woodcuttool.com/templates/appliance-garage-cut-list/"
"2026-07-17","woodcuttool-maxrects-v1","appliance-garage","Appliance garage","Cabinets","6","1482","1482","0.0625","rotation_allowed","96","48","1","32.2","67.8","0","https://woodcuttool.com/templates/appliance-garage-cut-list/"
"2026-07-17","woodcuttool-maxrects-v1","appliance-garage","Appliance garage","Cabinets","6","1482","1482","0.0625","orientation_locked","96","48","1","32.2","67.8","0","https://woodcuttool.com/templates/appliance-garage-cut-list/"
"2026-07-17","woodcuttool-maxrects-v1","appliance-garage","Appliance garage","Cabinets","6","1482","1482","0.09375","rotation_allowed","96","48","1","32.2","67.8","0","https://woodcuttool.com/templates/appliance-garage-cut-list/"
"2026-07-17","woodcuttool-maxrects-v1","appliance-garage","Appliance garage","Cabinets","6","1482","1482","0.09375","orientation_locked","96","48","1","32.2","67.8","0","https://woodcuttool.com/templates/appliance-garage-cut-list/"
"2026-07-17","woodcuttool-maxrects-v1","appliance-garage","Appliance garage","Cabinets","6","1482","1482","0.125","rotation_allowed","96","48","1","32.2","67.8","0","https://woodcuttool.com/templates/appliance-garage-cut-list/"
"2026-07-17","woodcuttool-maxrects-v1","appliance-garage","Appliance garage","Cabinets","6","1482","1482","0.125","orientation_locked","96","48","1","32.2","67.8","0","https://woodcuttool.com/templates/appliance-garage-cut-list/"
"2026-07-17","woodcuttool-maxrects-v1","appliance-garage","Appliance garage","Cabinets","6","1482","1482","0.1875","rotation_allowed","96","48","1","32.2","67.8","0","https://woodcuttool.com/templates/appliance-garage-cut-list/"
"2026-07-17","woodcuttool-maxrects-v1","appliance-garage","Appliance garage","Cabinets","6","1482","1482","0.1875","orientation_locked","96","48","1","32.2","67.8","0","https://woodcuttool.com/templates/appliance-garage-cut-list/"
"2026-07-17","woodcuttool-maxrects-v1","appliance-garage","Appliance garage","Cabinets","6","1482","1482","0.25","rotation_allowed","96","48","1","32.2","67.8","0","https://woodcuttool.com/templates/appliance-garage-cut-list/"
"2026-07-17","woodcuttool-maxrects-v1","appliance-garage","Appliance garage","Cabinets","6","1482","1482","0.25","orientation_locked","96","48","1","32.2","67.8","0","https://woodcuttool.com/templates/appliance-garage-cut-list/"
"2026-07-17","woodcuttool-maxrects-v1","microwave-shelf-cabinet","Microwave shelf cabinet","Cabinets","8","2792.3","2792.3","0","rotation_allowed","96","48","1","60.6","39.4","0","https://woodcuttool.com/templates/microwave-shelf-cabinet-cut-list/"
"2026-07-17","woodcuttool-maxrects-v1","microwave-shelf-cabinet","Microwave shelf cabinet","Cabinets","8","2792.3","2792.3","0","orientation_locked","96","48","1","60.6","39.4","0","https://woodcuttool.com/templates/microwave-shelf-cabinet-cut-list/"
"2026-07-17","woodcuttool-maxrects-v1","microwave-shelf-cabinet","Microwave shelf cabinet","Cabinets","8","2792.3","2792.3","0.03125","rotation_allowed","96","48","1","60.6","39.4","0","https://woodcuttool.com/templates/microwave-shelf-cabinet-cut-list/"
"2026-07-17","woodcuttool-maxrects-v1","microwave-shelf-cabinet","Microwave shelf cabinet","Cabinets","8","2792.3","2792.3","0.03125","orientation_locked","96","48","1","60.6","39.4","0","https://woodcuttool.com/templates/microwave-shelf-cabinet-cut-list/"
"2026-07-17","woodcuttool-maxrects-v1","microwave-shelf-cabinet","Microwave shelf cabinet","Cabinets","8","2792.3","2792.3","0.0625","rotation_allowed","96","48","1","60.6","39.4","0","https://woodcuttool.com/templates/microwave-shelf-cabinet-cut-list/"
"2026-07-17","woodcuttool-maxrects-v1","microwave-shelf-cabinet","Microwave shelf cabinet","Cabinets","8","2792.3","2792.3","0.0625","orientation_locked","96","48","1","60.6","39.4","0","https://woodcuttool.com/templates/microwave-shelf-cabinet-cut-list/"
"2026-07-17","woodcuttool-maxrects-v1","microwave-shelf-cabinet","Microwave shelf cabinet","Cabinets","8","2792.3","2792.3","0.09375","rotation_allowed","96","48","1","60.6","39.4","0","https://woodcuttool.com/templates/microwave-shelf-cabinet-cut-list/"
"2026-07-17","woodcuttool-maxrects-v1","microwave-shelf-cabinet","Microwave shelf cabinet","Cabinets","8","2792.3","2792.3","0.09375","orientation_locked","96","48","1","60.6","39.4","0","https://woodcuttool.com/templates/microwave-shelf-cabinet-cut-list/"
"2026-07-17","woodcuttool-maxrects-v1","microwave-shelf-cabinet","Microwave shelf cabinet","Cabinets","8","2792.3","2792.3","0.125","rotation_allowed","96","48","1","60.6","39.4","0","https://woodcuttool.com/templates/microwave-shelf-cabinet-cut-list/"
"2026-07-17","woodcuttool-maxrects-v1","microwave-shelf-cabinet","Microwave shelf cabinet","Cabinets","8","2792.3","2792.3","0.125","orientation_locked","96","48","1","60.6","39.4","0","https://woodcuttool.com/templates/microwave-shelf-cabinet-cut-list/"
"2026-07-17","woodcuttool-maxrects-v1","microwave-shelf-cabinet","Microwave shelf cabinet","Cabinets","8","2792.3","2792.3","0.1875","rotation_allowed","96","48","1","60.6","39.4","0","https://woodcuttool.com/templates/microwave-shelf-cabinet-cut-list/"
"2026-07-17","woodcuttool-maxrects-v1","microwave-shelf-cabinet","Microwave shelf cabinet","Cabinets","8","2792.3","2792.3","0.1875","orientation_locked","96","48","1","60.6","39.4","0","https://woodcuttool.com/templates/microwave-shelf-cabinet-cut-list/"
"2026-07-17","woodcuttool-maxrects-v1","microwave-shelf-cabinet","Microwave shelf cabinet","Cabinets","8","2792.3","2792.3","0.25","rotation_allowed","96","48","1","60.6","39.4","0","https://woodcuttool.com/templates/microwave-shelf-cabinet-cut-list/"
"2026-07-17","woodcuttool-maxrects-v1","microwave-shelf-cabinet","Microwave shelf cabinet","Cabinets","8","2792.3","2792.3","0.25","orientation_locked","96","48","1","60.6","39.4","0","https://woodcuttool.com/templates/microwave-shelf-cabinet-cut-list/"
"2026-07-17","woodcuttool-maxrects-v1","closet-tower","Closet tower","Storage","10","4425.8","4425.8","0","rotation_allowed","96","48","2","48","52","0","https://woodcuttool.com/templates/closet-tower-cut-list/"
"2026-07-17","woodcuttool-maxrects-v1","closet-tower","Closet tower","Storage","10","4425.8","4425.8","0","orientation_locked","96","48","2","48","52","0","https://woodcuttool.com/templates/closet-tower-cut-list/"
"2026-07-17","woodcuttool-maxrects-v1","closet-tower","Closet tower","Storage","10","4425.8","4425.8","0.03125","rotation_allowed","96","48","2","48","52","0","https://woodcuttool.com/templates/closet-tower-cut-list/"
"2026-07-17","woodcuttool-maxrects-v1","closet-tower","Closet tower","Storage","10","4425.8","4425.8","0.03125","orientation_locked","96","48","2","48","52","0","https://woodcuttool.com/templates/closet-tower-cut-list/"
"2026-07-17","woodcuttool-maxrects-v1","closet-tower","Closet tower","Storage","10","4425.8","4425.8","0.0625","rotation_allowed","96","48","2","48","52","0","https://woodcuttool.com/templates/closet-tower-cut-list/"
"2026-07-17","woodcuttool-maxrects-v1","closet-tower","Closet tower","Storage","10","4425.8","4425.8","0.0625","orientation_locked","96","48","2","48","52","0","https://woodcuttool.com/templates/closet-tower-cut-list/"
"2026-07-17","woodcuttool-maxrects-v1","closet-tower","Closet tower","Storage","10","4425.8","4425.8","0.09375","rotation_allowed","96","48","2","48","52","0","https://woodcuttool.com/templates/closet-tower-cut-list/"
"2026-07-17","woodcuttool-maxrects-v1","closet-tower","Closet tower","Storage","10","4425.8","4425.8","0.09375","orientation_locked","96","48","2","48","52","0","https://woodcuttool.com/templates/closet-tower-cut-list/"
"2026-07-17","woodcuttool-maxrects-v1","closet-tower","Closet tower","Storage","10","4425.8","4425.8","0.125","rotation_allowed","96","48","2","48","52","0","https://woodcuttool.com/templates/closet-tower-cut-list/"
"2026-07-17","woodcuttool-maxrects-v1","closet-tower","Closet tower","Storage","10","4425.8","4425.8","0.125","orientation_locked","96","48","2","48","52","0","https://woodcuttool.com/templates/closet-tower-cut-list/"
"2026-07-17","woodcuttool-maxrects-v1","closet-tower","Closet tower","Storage","10","4425.8","4425.8","0.1875","rotation_allowed","96","48","2","48","52","0","https://woodcuttool.com/templates/closet-tower-cut-list/"
"2026-07-17","woodcuttool-maxrects-v1","closet-tower","Closet tower","Storage","10","4425.8","4425.8","0.1875","orientation_locked","96","48","2","48","52","0","https://woodcuttool.com/templates/closet-tower-cut-list/"
"2026-07-17","woodcuttool-maxrects-v1","closet-tower","Closet tower","Storage","10","4425.8","4425.8","0.25","rotation_allowed","96","48","2","48","52","0","https://woodcuttool.com/templates/closet-tower-cut-list/"
"2026-07-17","woodcuttool-maxrects-v1","closet-tower","Closet tower","Storage","10","4425.8","4425.8","0.25","orientation_locked","96","48","2","48","52","0","https://woodcuttool.com/templates/closet-tower-cut-list/"
"2026-07-17","woodcuttool-maxrects-v1","entryway-locker","Entryway locker","Storage","8","6225.8","6225.8","0","rotation_allowed","96","48","2","67.6","32.4","0","https://woodcuttool.com/templates/entryway-locker-cut-list/"
"2026-07-17","woodcuttool-maxrects-v1","entryway-locker","Entryway locker","Storage","8","6225.8","6225.8","0","orientation_locked","96","48","2","67.6","32.4","0","https://woodcuttool.com/templates/entryway-locker-cut-list/"
"2026-07-17","woodcuttool-maxrects-v1","entryway-locker","Entryway locker","Storage","8","6225.8","6225.8","0.03125","rotation_allowed","96","48","2","67.6","32.4","0","https://woodcuttool.com/templates/entryway-locker-cut-list/"
"2026-07-17","woodcuttool-maxrects-v1","entryway-locker","Entryway locker","Storage","8","6225.8","6225.8","0.03125","orientation_locked","96","48","2","67.6","32.4","0","https://woodcuttool.com/templates/entryway-locker-cut-list/"
"2026-07-17","woodcuttool-maxrects-v1","entryway-locker","Entryway locker","Storage","8","6225.8","6225.8","0.0625","rotation_allowed","96","48","2","67.6","32.4","0","https://woodcuttool.com/templates/entryway-locker-cut-list/"
"2026-07-17","woodcuttool-maxrects-v1","entryway-locker","Entryway locker","Storage","8","6225.8","6225.8","0.0625","orientation_locked","96","48","2","67.6","32.4","0","https://woodcuttool.com/templates/entryway-locker-cut-list/"
"2026-07-17","woodcuttool-maxrects-v1","entryway-locker","Entryway locker","Storage","8","6225.8","6225.8","0.09375","rotation_allowed","96","48","2","67.6","32.4","0","https://woodcuttool.com/templates/entryway-locker-cut-list/"
"2026-07-17","woodcuttool-maxrects-v1","entryway-locker","Entryway locker","Storage","8","6225.8","6225.8","0.09375","orientation_locked","96","48","2","67.6","32.4","0","https://woodcuttool.com/templates/entryway-locker-cut-list/"
"2026-07-17","woodcuttool-maxrects-v1","entryway-locker","Entryway locker","Storage","8","6225.8","6225.8","0.125","rotation_allowed","96","48","2","67.6","32.4","0","https://woodcuttool.com/templates/entryway-locker-cut-list/"
"2026-07-17","woodcuttool-maxrects-v1","entryway-locker","Entryway locker","Storage","8","6225.8","6225.8","0.125","orientation_locked","96","48","2","67.6","32.4","0","https://woodcuttool.com/templates/entryway-locker-cut-list/"
"2026-07-17","woodcuttool-maxrects-v1","entryway-locker","Entryway locker","Storage","8","6225.8","6225.8","0.1875","rotation_allowed","96","48","2","67.6","32.4","0","https://woodcuttool.com/templates/entryway-locker-cut-list/"
"2026-07-17","woodcuttool-maxrects-v1","entryway-locker","Entryway locker","Storage","8","6225.8","6225.8","0.1875","orientation_locked","96","48","2","67.6","32.4","0","https://woodcuttool.com/templates/entryway-locker-cut-list/"
"2026-07-17","woodcuttool-maxrects-v1","entryway-locker","Entryway locker","Storage","8","6225.8","6225.8","0.25","rotation_allowed","96","48","2","67.6","32.4","0","https://woodcuttool.com/templates/entryway-locker-cut-list/"
"2026-07-17","woodcuttool-maxrects-v1","entryway-locker","Entryway locker","Storage","8","6225.8","6225.8","0.25","orientation_locked","96","48","2","67.6","32.4","0","https://woodcuttool.com/templates/entryway-locker-cut-list/"
"2026-07-17","woodcuttool-maxrects-v1","laundry-folding-table","Laundry folding table","Furniture","6","4936.5","4936.5","0","rotation_allowed","96","48","2","53.6","46.4","0","https://woodcuttool.com/templates/laundry-folding-table-cut-list/"
"2026-07-17","woodcuttool-maxrects-v1","laundry-folding-table","Laundry folding table","Furniture","6","4936.5","4936.5","0","orientation_locked","96","48","2","53.6","46.4","0","https://woodcuttool.com/templates/laundry-folding-table-cut-list/"
"2026-07-17","woodcuttool-maxrects-v1","laundry-folding-table","Laundry folding table","Furniture","6","4936.5","4936.5","0.03125","rotation_allowed","96","48","2","53.6","46.4","0","https://woodcuttool.com/templates/laundry-folding-table-cut-list/"
"2026-07-17","woodcuttool-maxrects-v1","laundry-folding-table","Laundry folding table","Furniture","6","4936.5","4936.5","0.03125","orientation_locked","96","48","2","53.6","46.4","0","https://woodcuttool.com/templates/laundry-folding-table-cut-list/"
"2026-07-17","woodcuttool-maxrects-v1","laundry-folding-table","Laundry folding table","Furniture","6","4936.5","4936.5","0.0625","rotation_allowed","96","48","2","53.6","46.4","0","https://woodcuttool.com/templates/laundry-folding-table-cut-list/"
"2026-07-17","woodcuttool-maxrects-v1","laundry-folding-table","Laundry folding table","Furniture","6","4936.5","4936.5","0.0625","orientation_locked","96","48","2","53.6","46.4","0","https://woodcuttool.com/templates/laundry-folding-table-cut-list/"
"2026-07-17","woodcuttool-maxrects-v1","laundry-folding-table","Laundry folding table","Furniture","6","4936.5","4936.5","0.09375","rotation_allowed","96","48","2","53.6","46.4","0","https://woodcuttool.com/templates/laundry-folding-table-cut-list/"
"2026-07-17","woodcuttool-maxrects-v1","laundry-folding-table","Laundry folding table","Furniture","6","4936.5","4936.5","0.09375","orientation_locked","96","48","2","53.6","46.4","0","https://woodcuttool.com/templates/laundry-folding-table-cut-list/"
"2026-07-17","woodcuttool-maxrects-v1","laundry-folding-table","Laundry folding table","Furniture","6","4936.5","4936.5","0.125","rotation_allowed","96","48","2","53.6","46.4","0","https://woodcuttool.com/templates/laundry-folding-table-cut-list/"
"2026-07-17","woodcuttool-maxrects-v1","laundry-folding-table","Laundry folding table","Furniture","6","4936.5","4936.5","0.125","orientation_locked","96","48","2","53.6","46.4","0","https://woodcuttool.com/templates/laundry-folding-table-cut-list/"
"2026-07-17","woodcuttool-maxrects-v1","laundry-folding-table","Laundry folding table","Furniture","6","4936.5","4936.5","0.1875","rotation_allowed","96","48","2","53.6","46.4","0","https://woodcuttool.com/templates/laundry-folding-table-cut-list/"
"2026-07-17","woodcuttool-maxrects-v1","laundry-folding-table","Laundry folding table","Furniture","6","4936.5","4936.5","0.1875","orientation_locked","96","48","2","53.6","46.4","0","https://woodcuttool.com/templates/laundry-folding-table-cut-list/"
"2026-07-17","woodcuttool-maxrects-v1","laundry-folding-table","Laundry folding table","Furniture","6","4936.5","4936.5","0.25","rotation_allowed","96","48","2","53.6","46.4","0","https://woodcuttool.com/templates/laundry-folding-table-cut-list/"
"2026-07-17","woodcuttool-maxrects-v1","laundry-folding-table","Laundry folding table","Furniture","6","4936.5","4936.5","0.25","orientation_locked","96","48","2","53.6","46.4","0","https://woodcuttool.com/templates/laundry-folding-table-cut-list/"
"2026-07-17","woodcuttool-maxrects-v1","craft-storage-cabinet","Craft storage cabinet","Storage","10","8441.3","8441.3","0","rotation_allowed","96","48","3","61.1","38.9","0","https://woodcuttool.com/templates/craft-storage-cabinet-cut-list/"
"2026-07-17","woodcuttool-maxrects-v1","craft-storage-cabinet","Craft storage cabinet","Storage","10","8441.3","8441.3","0","orientation_locked","96","48","3","61.1","38.9","0","https://woodcuttool.com/templates/craft-storage-cabinet-cut-list/"
"2026-07-17","woodcuttool-maxrects-v1","craft-storage-cabinet","Craft storage cabinet","Storage","10","8441.3","8441.3","0.03125","rotation_allowed","96","48","3","61.1","38.9","0","https://woodcuttool.com/templates/craft-storage-cabinet-cut-list/"
"2026-07-17","woodcuttool-maxrects-v1","craft-storage-cabinet","Craft storage cabinet","Storage","10","8441.3","8441.3","0.03125","orientation_locked","96","48","3","61.1","38.9","0","https://woodcuttool.com/templates/craft-storage-cabinet-cut-list/"
"2026-07-17","woodcuttool-maxrects-v1","craft-storage-cabinet","Craft storage cabinet","Storage","10","8441.3","8441.3","0.0625","rotation_allowed","96","48","3","61.1","38.9","0","https://woodcuttool.com/templates/craft-storage-cabinet-cut-list/"
"2026-07-17","woodcuttool-maxrects-v1","craft-storage-cabinet","Craft storage cabinet","Storage","10","8441.3","8441.3","0.0625","orientation_locked","96","48","3","61.1","38.9","0","https://woodcuttool.com/templates/craft-storage-cabinet-cut-list/"
"2026-07-17","woodcuttool-maxrects-v1","craft-storage-cabinet","Craft storage cabinet","Storage","10","8441.3","8441.3","0.09375","rotation_allowed","96","48","3","61.1","38.9","0","https://woodcuttool.com/templates/craft-storage-cabinet-cut-list/"
"2026-07-17","woodcuttool-maxrects-v1","craft-storage-cabinet","Craft storage cabinet","Storage","10","8441.3","8441.3","0.09375","orientation_locked","96","48","3","61.1","38.9","0","https://woodcuttool.com/templates/craft-storage-cabinet-cut-list/"
"2026-07-17","woodcuttool-maxrects-v1","craft-storage-cabinet","Craft storage cabinet","Storage","10","8441.3","8441.3","0.125","rotation_allowed","96","48","3","61.1","38.9","0","https://woodcuttool.com/templates/craft-storage-cabinet-cut-list/"
"2026-07-17","woodcuttool-maxrects-v1","craft-storage-cabinet","Craft storage cabinet","Storage","10","8441.3","8441.3","0.125","orientation_locked","96","48","3","61.1","38.9","0","https://woodcuttool.com/templates/craft-storage-cabinet-cut-list/"
"2026-07-17","woodcuttool-maxrects-v1","craft-storage-cabinet","Craft storage cabinet","Storage","10","8441.3","8441.3","0.1875","rotation_allowed","96","48","3","61.1","38.9","0","https://woodcuttool.com/templates/craft-storage-cabinet-cut-list/"
"2026-07-17","woodcuttool-maxrects-v1","craft-storage-cabinet","Craft storage cabinet","Storage","10","8441.3","8441.3","0.1875","orientation_locked","96","48","3","61.1","38.9","0","https://woodcuttool.com/templates/craft-storage-cabinet-cut-list/"
"2026-07-17","woodcuttool-maxrects-v1","craft-storage-cabinet","Craft storage cabinet","Storage","10","8441.3","8441.3","0.25","rotation_allowed","96","48","3","61.1","38.9","0","https://woodcuttool.com/templates/craft-storage-cabinet-cut-list/"
"2026-07-17","woodcuttool-maxrects-v1","craft-storage-cabinet","Craft storage cabinet","Storage","10","8441.3","8441.3","0.25","orientation_locked","96","48","3","61.1","38.9","0","https://woodcuttool.com/templates/craft-storage-cabinet-cut-list/"
"2026-07-17","woodcuttool-maxrects-v1","sewing-table","Sewing table","Furniture","6","3627","3627","0","rotation_allowed","96","48","1","78.7","21.3","0","https://woodcuttool.com/templates/sewing-table-cut-list/"
"2026-07-17","woodcuttool-maxrects-v1","sewing-table","Sewing table","Furniture","6","3627","3627","0","orientation_locked","96","48","2","39.4","60.6","0","https://woodcuttool.com/templates/sewing-table-cut-list/"
"2026-07-17","woodcuttool-maxrects-v1","sewing-table","Sewing table","Furniture","6","3627","3627","0.03125","rotation_allowed","96","48","1","78.7","21.3","0","https://woodcuttool.com/templates/sewing-table-cut-list/"
"2026-07-17","woodcuttool-maxrects-v1","sewing-table","Sewing table","Furniture","6","3627","3627","0.03125","orientation_locked","96","48","2","39.4","60.6","0","https://woodcuttool.com/templates/sewing-table-cut-list/"
"2026-07-17","woodcuttool-maxrects-v1","sewing-table","Sewing table","Furniture","6","3627","3627","0.0625","rotation_allowed","96","48","1","78.7","21.3","0","https://woodcuttool.com/templates/sewing-table-cut-list/"
"2026-07-17","woodcuttool-maxrects-v1","sewing-table","Sewing table","Furniture","6","3627","3627","0.0625","orientation_locked","96","48","2","39.4","60.6","0","https://woodcuttool.com/templates/sewing-table-cut-list/"
"2026-07-17","woodcuttool-maxrects-v1","sewing-table","Sewing table","Furniture","6","3627","3627","0.09375","rotation_allowed","96","48","1","78.7","21.3","0","https://woodcuttool.com/templates/sewing-table-cut-list/"
"2026-07-17","woodcuttool-maxrects-v1","sewing-table","Sewing table","Furniture","6","3627","3627","0.09375","orientation_locked","96","48","2","39.4","60.6","0","https://woodcuttool.com/templates/sewing-table-cut-list/"
"2026-07-17","woodcuttool-maxrects-v1","sewing-table","Sewing table","Furniture","6","3627","3627","0.125","rotation_allowed","96","48","1","78.7","21.3","0","https://woodcuttool.com/templates/sewing-table-cut-list/"
"2026-07-17","woodcuttool-maxrects-v1","sewing-table","Sewing table","Furniture","6","3627","3627","0.125","orientation_locked","96","48","2","39.4","60.6","0","https://woodcuttool.com/templates/sewing-table-cut-list/"
"2026-07-17","woodcuttool-maxrects-v1","sewing-table","Sewing table","Furniture","6","3627","3627","0.1875","rotation_allowed","96","48","1","78.7","21.3","0","https://woodcuttool.com/templates/sewing-table-cut-list/"
"2026-07-17","woodcuttool-maxrects-v1","sewing-table","Sewing table","Furniture","6","3627","3627","0.1875","orientation_locked","96","48","2","39.4","60.6","0","https://woodcuttool.com/templates/sewing-table-cut-list/"
"2026-07-17","woodcuttool-maxrects-v1","sewing-table","Sewing table","Furniture","6","3627","3627","0.25","rotation_allowed","96","48","1","78.7","21.3","0","https://woodcuttool.com/templates/sewing-table-cut-list/"
"2026-07-17","woodcuttool-maxrects-v1","sewing-table","Sewing table","Furniture","6","3627","3627","0.25","orientation_locked","96","48","2","39.4","60.6","0","https://woodcuttool.com/templates/sewing-table-cut-list/"
"2026-07-17","woodcuttool-maxrects-v1","sheet-goods-storage-cart","Sheet goods storage cart","Shop","11","7840","7840","0","rotation_allowed","96","48","3","56.7","43.3","0","https://woodcuttool.com/templates/sheet-goods-storage-cart-cut-list/"
"2026-07-17","woodcuttool-maxrects-v1","sheet-goods-storage-cart","Sheet goods storage cart","Shop","11","7840","7840","0","orientation_locked","96","48","3","56.7","43.3","0","https://woodcuttool.com/templates/sheet-goods-storage-cart-cut-list/"
"2026-07-17","woodcuttool-maxrects-v1","sheet-goods-storage-cart","Sheet goods storage cart","Shop","11","7840","7840","0.03125","rotation_allowed","96","48","4","42.5","57.5","0","https://woodcuttool.com/templates/sheet-goods-storage-cart-cut-list/"
"2026-07-17","woodcuttool-maxrects-v1","sheet-goods-storage-cart","Sheet goods storage cart","Shop","11","7840","7840","0.03125","orientation_locked","96","48","5","34","66","0","https://woodcuttool.com/templates/sheet-goods-storage-cart-cut-list/"
"2026-07-17","woodcuttool-maxrects-v1","sheet-goods-storage-cart","Sheet goods storage cart","Shop","11","7840","7840","0.0625","rotation_allowed","96","48","4","42.5","57.5","0","https://woodcuttool.com/templates/sheet-goods-storage-cart-cut-list/"
"2026-07-17","woodcuttool-maxrects-v1","sheet-goods-storage-cart","Sheet goods storage cart","Shop","11","7840","7840","0.0625","orientation_locked","96","48","5","34","66","0","https://woodcuttool.com/templates/sheet-goods-storage-cart-cut-list/"
"2026-07-17","woodcuttool-maxrects-v1","sheet-goods-storage-cart","Sheet goods storage cart","Shop","11","7840","7840","0.09375","rotation_allowed","96","48","4","42.5","57.5","0","https://woodcuttool.com/templates/sheet-goods-storage-cart-cut-list/"
"2026-07-17","woodcuttool-maxrects-v1","sheet-goods-storage-cart","Sheet goods storage cart","Shop","11","7840","7840","0.09375","orientation_locked","96","48","5","34","66","0","https://woodcuttool.com/templates/sheet-goods-storage-cart-cut-list/"
"2026-07-17","woodcuttool-maxrects-v1","sheet-goods-storage-cart","Sheet goods storage cart","Shop","11","7840","7840","0.125","rotation_allowed","96","48","4","42.5","57.5","0","https://woodcuttool.com/templates/sheet-goods-storage-cart-cut-list/"
"2026-07-17","woodcuttool-maxrects-v1","sheet-goods-storage-cart","Sheet goods storage cart","Shop","11","7840","7840","0.125","orientation_locked","96","48","5","34","66","0","https://woodcuttool.com/templates/sheet-goods-storage-cart-cut-list/"
"2026-07-17","woodcuttool-maxrects-v1","sheet-goods-storage-cart","Sheet goods storage cart","Shop","11","7840","7840","0.1875","rotation_allowed","96","48","4","42.5","57.5","0","https://woodcuttool.com/templates/sheet-goods-storage-cart-cut-list/"
"2026-07-17","woodcuttool-maxrects-v1","sheet-goods-storage-cart","Sheet goods storage cart","Shop","11","7840","7840","0.1875","orientation_locked","96","48","5","34","66","0","https://woodcuttool.com/templates/sheet-goods-storage-cart-cut-list/"
"2026-07-17","woodcuttool-maxrects-v1","sheet-goods-storage-cart","Sheet goods storage cart","Shop","11","7840","7840","0.25","rotation_allowed","96","48","4","42.5","57.5","0","https://woodcuttool.com/templates/sheet-goods-storage-cart-cut-list/"
"2026-07-17","woodcuttool-maxrects-v1","sheet-goods-storage-cart","Sheet goods storage cart","Shop","11","7840","7840","0.25","orientation_locked","96","48","5","34","66","0","https://woodcuttool.com/templates/sheet-goods-storage-cart-cut-list/"
"2026-07-17","woodcuttool-maxrects-v1","cutoff-storage-bin","Cutoff storage bin","Shop","8","4455","4455","0","rotation_allowed","96","48","2","48.3","51.7","0","https://woodcuttool.com/templates/cutoff-storage-bin-cut-list/"
"2026-07-17","woodcuttool-maxrects-v1","cutoff-storage-bin","Cutoff storage bin","Shop","8","4455","4455","0","orientation_locked","96","48","2","48.3","51.7","0","https://woodcuttool.com/templates/cutoff-storage-bin-cut-list/"
"2026-07-17","woodcuttool-maxrects-v1","cutoff-storage-bin","Cutoff storage bin","Shop","8","4455","4455","0.03125","rotation_allowed","96","48","2","48.3","51.7","0","https://woodcuttool.com/templates/cutoff-storage-bin-cut-list/"
"2026-07-17","woodcuttool-maxrects-v1","cutoff-storage-bin","Cutoff storage bin","Shop","8","4455","4455","0.03125","orientation_locked","96","48","2","48.3","51.7","0","https://woodcuttool.com/templates/cutoff-storage-bin-cut-list/"
"2026-07-17","woodcuttool-maxrects-v1","cutoff-storage-bin","Cutoff storage bin","Shop","8","4455","4455","0.0625","rotation_allowed","96","48","2","48.3","51.7","0","https://woodcuttool.com/templates/cutoff-storage-bin-cut-list/"
"2026-07-17","woodcuttool-maxrects-v1","cutoff-storage-bin","Cutoff storage bin","Shop","8","4455","4455","0.0625","orientation_locked","96","48","2","48.3","51.7","0","https://woodcuttool.com/templates/cutoff-storage-bin-cut-list/"
"2026-07-17","woodcuttool-maxrects-v1","cutoff-storage-bin","Cutoff storage bin","Shop","8","4455","4455","0.09375","rotation_allowed","96","48","2","48.3","51.7","0","https://woodcuttool.com/templates/cutoff-storage-bin-cut-list/"
"2026-07-17","woodcuttool-maxrects-v1","cutoff-storage-bin","Cutoff storage bin","Shop","8","4455","4455","0.09375","orientation_locked","96","48","2","48.3","51.7","0","https://woodcuttool.com/templates/cutoff-storage-bin-cut-list/"
"2026-07-17","woodcuttool-maxrects-v1","cutoff-storage-bin","Cutoff storage bin","Shop","8","4455","4455","0.125","rotation_allowed","96","48","2","48.3","51.7","0","https://woodcuttool.com/templates/cutoff-storage-bin-cut-list/"
"2026-07-17","woodcuttool-maxrects-v1","cutoff-storage-bin","Cutoff storage bin","Shop","8","4455","4455","0.125","orientation_locked","96","48","2","48.3","51.7","0","https://woodcuttool.com/templates/cutoff-storage-bin-cut-list/"
"2026-07-17","woodcuttool-maxrects-v1","cutoff-storage-bin","Cutoff storage bin","Shop","8","4455","4455","0.1875","rotation_allowed","96","48","2","48.3","51.7","0","https://woodcuttool.com/templates/cutoff-storage-bin-cut-list/"
"2026-07-17","woodcuttool-maxrects-v1","cutoff-storage-bin","Cutoff storage bin","Shop","8","4455","4455","0.1875","orientation_locked","96","48","2","48.3","51.7","0","https://woodcuttool.com/templates/cutoff-storage-bin-cut-list/"
"2026-07-17","woodcuttool-maxrects-v1","cutoff-storage-bin","Cutoff storage bin","Shop","8","4455","4455","0.25","rotation_allowed","96","48","2","48.3","51.7","0","https://woodcuttool.com/templates/cutoff-storage-bin-cut-list/"
"2026-07-17","woodcuttool-maxrects-v1","cutoff-storage-bin","Cutoff storage bin","Shop","8","4455","4455","0.25","orientation_locked","96","48","2","48.3","51.7","0","https://woodcuttool.com/templates/cutoff-storage-bin-cut-list/"
"2026-07-17","woodcuttool-maxrects-v1","sanding-station","Sanding station","Shop","7","4789.5","4789.5","0","rotation_allowed","96","48","2","52","48","0","https://woodcuttool.com/templates/sanding-station-cut-list/"
"2026-07-17","woodcuttool-maxrects-v1","sanding-station","Sanding station","Shop","7","4789.5","4789.5","0","orientation_locked","96","48","2","52","48","0","https://woodcuttool.com/templates/sanding-station-cut-list/"
"2026-07-17","woodcuttool-maxrects-v1","sanding-station","Sanding station","Shop","7","4789.5","4789.5","0.03125","rotation_allowed","96","48","2","52","48","0","https://woodcuttool.com/templates/sanding-station-cut-list/"
"2026-07-17","woodcuttool-maxrects-v1","sanding-station","Sanding station","Shop","7","4789.5","4789.5","0.03125","orientation_locked","96","48","2","52","48","0","https://woodcuttool.com/templates/sanding-station-cut-list/"
"2026-07-17","woodcuttool-maxrects-v1","sanding-station","Sanding station","Shop","7","4789.5","4789.5","0.0625","rotation_allowed","96","48","2","52","48","0","https://woodcuttool.com/templates/sanding-station-cut-list/"
"2026-07-17","woodcuttool-maxrects-v1","sanding-station","Sanding station","Shop","7","4789.5","4789.5","0.0625","orientation_locked","96","48","2","52","48","0","https://woodcuttool.com/templates/sanding-station-cut-list/"
"2026-07-17","woodcuttool-maxrects-v1","sanding-station","Sanding station","Shop","7","4789.5","4789.5","0.09375","rotation_allowed","96","48","2","52","48","0","https://woodcuttool.com/templates/sanding-station-cut-list/"
"2026-07-17","woodcuttool-maxrects-v1","sanding-station","Sanding station","Shop","7","4789.5","4789.5","0.09375","orientation_locked","96","48","2","52","48","0","https://woodcuttool.com/templates/sanding-station-cut-list/"
"2026-07-17","woodcuttool-maxrects-v1","sanding-station","Sanding station","Shop","7","4789.5","4789.5","0.125","rotation_allowed","96","48","2","52","48","0","https://woodcuttool.com/templates/sanding-station-cut-list/"
"2026-07-17","woodcuttool-maxrects-v1","sanding-station","Sanding station","Shop","7","4789.5","4789.5","0.125","orientation_locked","96","48","2","52","48","0","https://woodcuttool.com/templates/sanding-station-cut-list/"
"2026-07-17","woodcuttool-maxrects-v1","sanding-station","Sanding station","Shop","7","4789.5","4789.5","0.1875","rotation_allowed","96","48","2","52","48","0","https://woodcuttool.com/templates/sanding-station-cut-list/"
"2026-07-17","woodcuttool-maxrects-v1","sanding-station","Sanding station","Shop","7","4789.5","4789.5","0.1875","orientation_locked","96","48","2","52","48","0","https://woodcuttool.com/templates/sanding-station-cut-list/"
"2026-07-17","woodcuttool-maxrects-v1","sanding-station","Sanding station","Shop","7","4789.5","4789.5","0.25","rotation_allowed","96","48","2","52","48","0","https://woodcuttool.com/templates/sanding-station-cut-list/"
"2026-07-17","woodcuttool-maxrects-v1","sanding-station","Sanding station","Shop","7","4789.5","4789.5","0.25","orientation_locked","96","48","2","52","48","0","https://woodcuttool.com/templates/sanding-station-cut-list/"
"2026-07-17","woodcuttool-maxrects-v1","small-parts-drawer-cabinet","Small parts drawer cabinet","Shop","10","3413.3","3413.3","0","rotation_allowed","96","48","1","74.1","25.9","0","https://woodcuttool.com/templates/small-parts-drawer-cabinet-cut-list/"
"2026-07-17","woodcuttool-maxrects-v1","small-parts-drawer-cabinet","Small parts drawer cabinet","Shop","10","3413.3","3413.3","0","orientation_locked","96","48","1","74.1","25.9","0","https://woodcuttool.com/templates/small-parts-drawer-cabinet-cut-list/"
"2026-07-17","woodcuttool-maxrects-v1","small-parts-drawer-cabinet","Small parts drawer cabinet","Shop","10","3413.3","3413.3","0.03125","rotation_allowed","96","48","1","74.1","25.9","0","https://woodcuttool.com/templates/small-parts-drawer-cabinet-cut-list/"
"2026-07-17","woodcuttool-maxrects-v1","small-parts-drawer-cabinet","Small parts drawer cabinet","Shop","10","3413.3","3413.3","0.03125","orientation_locked","96","48","1","74.1","25.9","0","https://woodcuttool.com/templates/small-parts-drawer-cabinet-cut-list/"
"2026-07-17","woodcuttool-maxrects-v1","small-parts-drawer-cabinet","Small parts drawer cabinet","Shop","10","3413.3","3413.3","0.0625","rotation_allowed","96","48","1","74.1","25.9","0","https://woodcuttool.com/templates/small-parts-drawer-cabinet-cut-list/"
"2026-07-17","woodcuttool-maxrects-v1","small-parts-drawer-cabinet","Small parts drawer cabinet","Shop","10","3413.3","3413.3","0.0625","orientation_locked","96","48","1","74.1","25.9","0","https://woodcuttool.com/templates/small-parts-drawer-cabinet-cut-list/"
"2026-07-17","woodcuttool-maxrects-v1","small-parts-drawer-cabinet","Small parts drawer cabinet","Shop","10","3413.3","3413.3","0.09375","rotation_allowed","96","48","1","74.1","25.9","0","https://woodcuttool.com/templates/small-parts-drawer-cabinet-cut-list/"
"2026-07-17","woodcuttool-maxrects-v1","small-parts-drawer-cabinet","Small parts drawer cabinet","Shop","10","3413.3","3413.3","0.09375","orientation_locked","96","48","1","74.1","25.9","0","https://woodcuttool.com/templates/small-parts-drawer-cabinet-cut-list/"
"2026-07-17","woodcuttool-maxrects-v1","small-parts-drawer-cabinet","Small parts drawer cabinet","Shop","10","3413.3","3413.3","0.125","rotation_allowed","96","48","1","74.1","25.9","0","https://woodcuttool.com/templates/small-parts-drawer-cabinet-cut-list/"
"2026-07-17","woodcuttool-maxrects-v1","small-parts-drawer-cabinet","Small parts drawer cabinet","Shop","10","3413.3","3413.3","0.125","orientation_locked","96","48","1","74.1","25.9","0","https://woodcuttool.com/templates/small-parts-drawer-cabinet-cut-list/"
"2026-07-17","woodcuttool-maxrects-v1","small-parts-drawer-cabinet","Small parts drawer cabinet","Shop","10","3413.3","3413.3","0.1875","rotation_allowed","96","48","1","74.1","25.9","0","https://woodcuttool.com/templates/small-parts-drawer-cabinet-cut-list/"
"2026-07-17","woodcuttool-maxrects-v1","small-parts-drawer-cabinet","Small parts drawer cabinet","Shop","10","3413.3","3413.3","0.1875","orientation_locked","96","48","1","74.1","25.9","0","https://woodcuttool.com/templates/small-parts-drawer-cabinet-cut-list/"
"2026-07-17","woodcuttool-maxrects-v1","small-parts-drawer-cabinet","Small parts drawer cabinet","Shop","10","3413.3","3413.3","0.25","rotation_allowed","96","48","1","74.1","25.9","0","https://woodcuttool.com/templates/small-parts-drawer-cabinet-cut-list/"
"2026-07-17","woodcuttool-maxrects-v1","small-parts-drawer-cabinet","Small parts drawer cabinet","Shop","10","3413.3","3413.3","0.25","orientation_locked","96","48","1","74.1","25.9","0","https://woodcuttool.com/templates/small-parts-drawer-cabinet-cut-list/"
